id,loan_id,bank_id,disbursement_method,status,approver_id,escrow_id,created_at,updated_at
0f47272e-9445-9acb-d6d1-059d4dc6ae51,a6a2a83b-aaf0-b843-0dc7-1d19e0c4ca5c,BRI,agent_wallet,completed,APR-03,ESC-03,2025-05-28T15:14:47Z,2025-05-28T04:49:51Z
cd0aeb6b-4001-4922-3a4b-326527ffeaa9,538f78c3-842e-89e1-c2c4-8d61f7c337ce,BRI,agent_wallet,completed,APR-07,ESC-02,2025-12-12T03:33:12Z,2025-12-12T12:24:17Z
addeb1d4-5ac6-8274-8a73-3860c5956b4e,d9be6684-2d0f-19eb-4b6d-010b18af3ff7,BRI,transfer,completed,APR-04,ESC-01,2026-02-04T12:53:08Z,2026-02-04T05:44:58Z
300d7916-e8f4-ba38-b994-1e310f8b172e,752989e3-06d3-1031-13f0-9aa881f76d7f,MANDIRI,agent_wallet,completed,APR-08,ESC-03,2025-06-13T03:09:09Z,2025-06-13T18:46:34Z
57c7d726-ff79-06b9-dc8e-40cc0e4fc644,a642312e-fb3e-6afc-0a56-a3098e6de950,BNI,transfer,completed,APR-02,ESC-01,2025-10-13T07:15:11Z,2025-10-13T16:06:08Z
3ea9294a-d1a0-2aac-5ed6-66534cb671e4,a4bc0f3a-633a-f6f1-27e7-8ecd4f244ba1,BCA,agent_wallet,completed,APR-04,ESC-02,2026-07-23T10:22:27Z,2026-07-23T20:18:34Z
c0b83e3d-c50d-6c45-bbd6-d53e6f783b24,ad6112f2-c057-3b39-4131-ce1cd2c560e4,BNI,agent_wallet,completed,APR-01,ESC-03,2026-05-08T07:51:43Z,2026-05-08T16:57:49Z
f793aa89-43c4-e014-c7b2-d07295d9fe9d,53678be0-2a49-b959-cd78-42b39cffa3f4,BNI,agent_wallet,completed,APR-05,ESC-02,2026-03-06T01:33:17Z,2026-03-06T13:09:32Z
df1ab0b7-b490-9847-40fc-343de159ff8c,6649f33d-a840-ffe4-f1a4-a7b318c568c8,MANDIRI,transfer,completed,APR-06,ESC-03,2025-06-25T16:58:25Z,2025-06-25T02:13:55Z
aedb96bf-c639-4954-7c10-9b23f2b31a03,76412469-5e2f-3eac-c660-7a01782b3f48,BNI,agent_wallet,completed,APR-06,ESC-01,2026-02-07T19:46:42Z,2026-02-07T09:42:01Z
bcf6844a-13fd-ca7a-510f-248ce862e95b,6bd26fbc-98ce-311f-9db6-6e73f6a154b8,BNI,agent_wallet,completed,APR-07,ESC-01,2026-04-01T17:32:54Z,2026-04-01T21:51:23Z
40336dcc-b187-e5af-a710-6125fbef3da2,a7599586-9102-a95b-5886-5b7f9001f4bc,BNI,transfer,completed,APR-02,ESC-02,2026-02-05T08:36:57Z,2026-02-05T05:58:36Z
40131be9-9547-e9f5-8c4e-d19bda544f5f,69722982-2d58-d92b-a669-c0df0de26a2b,BRI,agent_wallet,completed,APR-05,ESC-03,2025-10-24T13:35:32Z,2025-10-24T18:01:43Z
fe0d1416-78cd-93fd-e9ab-760c3576f988,70a205cb-8491-1829-e777-8bb81df59929,BCA,transfer,completed,APR-02,ESC-03,2026-01-01T06:05:19Z,2026-01-01T14:40:35Z
40bd1586-8fd8-ae80-7cd9-a463cd74c36f,481f62df-27f5-1bff-d04f-bdbffb2e4d32,BNI,agent_wallet,completed,APR-08,ESC-03,2026-06-04T14:38:17Z,2026-06-04T17:12:27Z
97fdf21f-1f55-fe42-a0d8-6b6eaeb1f66b,641ac3b1-25bd-e37d-2415-0dac9bb160eb,BNI,transfer,completed,APR-04,ESC-02,2025-05-01T18:19:02Z,2025-05-01T23:02:47Z
1b6c9887-d1a2-fcb9-bbf8-c5b616e352e8,aaed3cd3-5529-ffab-ddca-c225e492d3bc,BRI,transfer,completed,APR-02,ESC-03,2026-01-31T04:47:29Z,2026-01-31T14:24:38Z
551b2a2a-649e-ecfe-0a0c-65da280dd354,4474cd8c-ed53-8ff4-8ecc-87d071145d85,BRI,transfer,completed,APR-07,ESC-02,2026-05-01T11:28:25Z,2026-05-01T10:45:36Z
2adb2398-c855-59b1-a218-44cf4529d341,78b1a079-de50-4ec1-af76-6ab08e88b624,BRI,agent_wallet,completed,APR-05,ESC-03,2025-04-29T03:11:45Z,2025-04-29T05:07:46Z
1f68fccb-f996-769c-e105-ccb024cdf9f8,fa3693bd-4de4-ba71-81df-9a01133837d6,BRI,transfer,completed,APR-06,ESC-01,2025-12-30T02:56:25Z,2025-12-30T10:57:56Z
58e3a570-35f4-c9ad-7ba8-bbf25d3e1f1c,f9f19228-8761-7535-035c-225452b67d01,MANDIRI,transfer,completed,APR-06,ESC-02,2026-07-16T01:46:09Z,2026-07-16T13:48:41Z
55a1622a-01c2-0959-c8f1-4557068c2616,bc49ae79-81fc-4a7f-30db-a7ea5a16bcc6,BNI,transfer,completed,APR-06,ESC-03,2026-06-04T12:14:03Z,2026-06-04T08:07:16Z
b12e95a2-ecb9-c848-b3df-01c5d49a79ac,44e9de81-fd4f-b29b-d525-ecbe2490be31,BRI,agent_wallet,completed,APR-01,ESC-02,2025-04-01T10:55:58Z,2025-04-01T14:42:58Z
4f5a835d-c470-d6cd-361c-4754d2d75b4d,5b0d3af0-9cd4-0dff-f501-cb35f7fb2bf6,BNI,agent_wallet,completed,APR-05,ESC-01,2026-04-09T23:48:03Z,2026-04-09T15:24:11Z
09b9c3c3-3e76-ff82-737b-6529c51f080a,f4c5c2d4-f836-315a-299c-4d5efea4284c,BCA,transfer,completed,APR-07,ESC-01,2025-04-29T01:09:36Z,2025-04-29T03:56:28Z
d87bd782-09af-ac5c-5e54-7ecfe05b34fe,d7229387-f21a-4b0b-c8be-af38b93fd3f4,BCA,agent_wallet,completed,APR-06,ESC-02,2025-01-09T05:36:09Z,2025-01-09T04:54:09Z
247a2dce-8c93-fd9b-a217-74db71bc2d1c,f2378f67-e149-6332-342e-c03242ae54b0,MANDIRI,transfer,completed,APR-06,ESC-02,2025-03-11T05:51:59Z,2025-03-11T04:01:07Z
5eedd216-c1e9-7f6d-885c-fb5818cc0488,2c8b0b13-9a6e-8ee9-ad00-43c32d817ff7,BNI,transfer,completed,APR-06,ESC-03,2025-09-10T06:22:11Z,2025-09-10T12:16:43Z
2f21bb39-3dff-4b7a-1bec-6d3df47c50aa,29a27873-f97b-5854-a8b0-960eb6c91cbf,BNI,agent_wallet,completed,APR-02,ESC-01,2026-06-16T13:44:46Z,2026-06-16T10:59:35Z
cc36e8f6-ecf8-bfbe-654f-2c7ebde646a0,e2625a60-5a45-02af-c878-d537f89c78fa,MANDIRI,transfer,completed,APR-07,ESC-03,2025-12-16T14:27:05Z,2025-12-16T01:18:05Z
32434011-4e2e-8655-d6ce-6fae012182c3,3261fa32-efde-6781-8155-1ab5beeaac71,BRI,transfer,completed,APR-04,ESC-01,2026-06-01T22:48:02Z,2026-06-01T07:46:36Z
cca83c73-fe49-8f08-526c-cdc869b178e8,abb0ba86-5f35-f9bc-f51f-583e95b91496,BRI,transfer,completed,APR-04,ESC-03,2025-01-01T06:43:17Z,2025-01-01T23:27:40Z
b6771f14-358c-ce09-07c1-f9231731ee4b,326db22c-2a88-5568-c032-b93bd244590f,MANDIRI,agent_wallet,completed,APR-04,ESC-02,2026-07-13T17:58:35Z,2026-07-13T06:54:29Z
84548318-4e6f-35ee-3544-1031de0f03e4,6b29aae6-f3ef-c1b9-27ad-bf5082638c52,BCA,transfer,completed,APR-02,ESC-02,2025-09-25T12:57:50Z,2025-09-25T07:32:47Z
3231d5e4-73c2-4e9f-273b-754756bbdb52,dad0e762-9340-3070-4e28-a168f9955f43,BCA,agent_wallet,completed,APR-02,ESC-03,2025-11-05T15:35:03Z,2025-11-05T02:31:31Z
f35f133d-5bdb-b000-0541-07a30f632f53,d7fa445e-6114-326f-4166-7a050bf04445,MANDIRI,agent_wallet,completed,APR-09,ESC-03,2025-09-27T15:28:52Z,2025-09-27T04:07:16Z
0471a9a2-cd48-54dd-63f3-084db1791c02,61299132-04d5-3e10-0415-a108e9d77502,BCA,transfer,completed,APR-03,ESC-02,2026-01-30T08:22:32Z,2026-01-30T23:22:53Z
af436bb4-2e43-03be-b56b-d031d2f21b1a,4e08b287-d10a-3542-72ef-81c040a69e93,BNI,transfer,completed,APR-07,ESC-02,2026-06-02T06:28:36Z,2026-06-02T08:15:47Z
05fa7c25-bfe7-14c2-deb1-15e023c394a1,e61c2705-1fc0-ad32-e3aa-d68d4c74feae,MANDIRI,transfer,completed,APR-02,ESC-03,2026-07-05T19:53:18Z,2026-07-05T01:57:28Z
45d99c50-ab9a-d52e-975a-ef6a9bbf11f0,a1f94818-4b89-6725-b4fa-f4d0a60c1aec,BNI,transfer,completed,APR-05,ESC-03,2025-02-09T15:04:49Z,2025-02-09T21:52:09Z
d533411e-c003-4ba1-de59-ecf1cb7b23ef,bb45dac0-7863-c703-b7c8-f9b2054e1ff1,BRI,transfer,completed,APR-07,ESC-03,2026-06-27T15:31:58Z,2026-06-27T03:55:17Z
819b415d-0b40-f6eb-759a-d0a7b9d6e1ba,90356ce0-349d-9b3b-2161-7140341d2e2f,BNI,transfer,completed,APR-04,ESC-01,2025-06-15T03:38:19Z,2025-06-15T17:29:08Z
f9b4a106-3a2e-37c8-d8d1-3c1a804cce3d,162bf3f0-ea2c-76b2-f8d1-faa34e8b2077,MANDIRI,transfer,completed,APR-05,ESC-01,2025-07-20T08:01:20Z,2025-07-20T05:24:54Z
cccc3f1e-ab93-79ca-0712-d1da22349bed,f46ceaeb-f75d-cb79-5309-7d11bb4d4aee,BNI,transfer,completed,APR-06,ESC-01,2025-04-13T20:26:38Z,2025-04-13T22:29:27Z
ffbf78f3-90a2-ddcb-043e-21efe8e061a3,5deb83e8-2445-fa83-f5fc-f4ba6aab3d5b,MANDIRI,transfer,completed,APR-04,ESC-03,2025-01-27T10:46:47Z,2025-01-27T12:43:17Z
a79d4dd4-9431-887b-6949-12da99f457d5,52db8bd0-5cf2-0c54-0cd0-91deb1132d1f,BNI,agent_wallet,completed,APR-06,ESC-01,2026-06-27T22:30:13Z,2026-06-27T15:31:19Z
de7672d3-7802-186c-aac0-9971706448ca,15c044a0-40f0-7735-a340-5971873428ce,BCA,agent_wallet,completed,APR-08,ESC-03,2026-06-11T17:11:06Z,2026-06-11T11:02:13Z
a6d4e9ca-a494-aa69-edcc-e88830ff503b,e3f69426-89a2-3963-9e27-8bd985a70362,BRI,agent_wallet,completed,APR-08,ESC-03,2025-09-09T13:28:09Z,2025-09-09T13:28:18Z
c2ddad1b-ff8c-b96e-3390-df84c1e725bd,5060f84e-c868-3f6e-268f-c4bcd5d2c982,BNI,transfer,completed,APR-06,ESC-02,2025-06-03T16:56:54Z,2025-06-03T19:54:56Z
655223ba-3232-cbfb-c786-3a5e9cdc814c,6cd5290f-1f58-02b4-1972-faf48ad9ebd6,BCA,agent_wallet,completed,APR-08,ESC-01,2026-06-30T14:13:43Z,2026-06-30T17:43:29Z
11f795bf-5b04-d466-babc-0099bd497b67,486e1e8e-1aa9-63e1-43bb-b504dc2db63d,BNI,agent_wallet,completed,APR-07,ESC-01,2025-06-11T15:29:33Z,2025-06-11T07:04:55Z
411511b8-14ee-fda3-86b8-006f7abc00f3,e2449b7b-2950-3ac0-0088-2458c68d8261,BRI,transfer,completed,APR-02,ESC-02,2026-06-16T13:49:31Z,2026-06-16T08:29:27Z
1bb8f0f0-e31a-49b6-53df-ae376225a04b,5a7262d1-ec6e-e290-0ff2-2faa91d43b5c,MANDIRI,transfer,completed,APR-04,ESC-02,2025-04-14T02:40:48Z,2025-04-14T21:56:40Z
e84c3dfe-446b-d6d8-31e8-474a5e9c5f89,bdd3948c-d801-8ce1-0ab0-1e92116497b0,MANDIRI,transfer,completed,APR-01,ESC-03,2025-01-11T19:02:32Z,2025-01-11T02:48:00Z
36c77c50-45a8-b4f1-441c-690f2ed0512f,b8b0a3e4-47ed-1aee-9768-b739aed818f3,BCA,transfer,completed,APR-06,ESC-02,2026-05-21T14:54:05Z,2026-05-21T05:11:00Z
eba81e9e-2889-37f0-7f36-7b5d9c879e09,d0f02c89-0b73-3f6f-0b79-dc86313db0fa,BCA,transfer,completed,APR-07,ESC-01,2026-06-11T15:32:29Z,2026-06-11T09:50:08Z
50d83cf6-8ca6-d585-77d7-2c2aadf093da,62450032-97e3-1ac4-0e2b-3d88a7a4b803,BRI,transfer,completed,APR-08,ESC-02,2025-11-15T13:22:59Z,2025-11-15T01:36:59Z
6d596524-3996-f223-9c6e-9e72fbf8a5e8,1cf23806-b808-4218-78f4-e3a00ced88b4,MANDIRI,agent_wallet,completed,APR-01,ESC-02,2025-02-16T18:12:47Z,2025-02-16T05:05:17Z
d450a924-08a1-7d5f-019e-590c059ea75e,72ec2cbc-2fec-d0c6-b6d8-1f065b7a80ba,MANDIRI,transfer,completed,APR-01,ESC-01,2025-04-13T18:52:36Z,2025-04-13T14:50:08Z
49ff7f5a-c89b-428e-5ca4-9055df001865,d012fe0e-f0af-2133-07aa-62bc8dca667f,BCA,agent_wallet,completed,APR-08,ESC-01,2025-09-11T04:11:30Z,2025-09-11T03:03:40Z
fd86e87b-396c-23c7-4384-e67acaa8dee4,6c78e09f-e94e-1d81-19c5-29f131b442d0,BNI,transfer,completed,APR-08,ESC-01,2025-12-19T18:46:54Z,2025-12-19T20:11:09Z
40b59f14-e33f-d21d-bb9b-e9ec540381e7,d75541ab-e65c-552d-2c53-bf184ba34e68,MANDIRI,transfer,completed,APR-04,ESC-02,2026-01-02T10:58:47Z,2026-01-02T05:23:15Z
1dc38a64-42bd-adab-818b-042b845a4efd,02b59198-e702-51ad-9c2a-ee287e79fd54,BRI,agent_wallet,completed,APR-09,ESC-02,2025-08-12T13:50:56Z,2025-08-12T03:28:39Z
f8744fd1-cded-080a-894a-c14413e5aa4a,570dffb4-1af1-4376-a125-6926f0d945cb,BRI,agent_wallet,completed,APR-02,ESC-02,2025-01-14T22:46:54Z,2025-01-14T06:50:18Z
c192ed7c-6dd8-747f-1254-a867a1a32c1f,e472ae13-3bf8-a3dd-1e0e-87709987a709,BCA,transfer,completed,APR-08,ESC-01,2026-03-26T06:02:22Z,2026-03-26T05:18:57Z
81e09ea4-65c7-ed40-1fb0-3b4865c28f27,71013eda-63cf-06a9-b13c-58779dfa3736,BCA,agent_wallet,completed,APR-03,ESC-02,2026-05-17T09:20:15Z,2026-05-17T13:43:22Z
1f7f7d4f-0cbc-209f-743c-da98e4021803,ea7c76d7-46d9-5ff4-2777-ef090b11556e,BNI,agent_wallet,completed,APR-06,ESC-01,2025-05-02T08:36:43Z,2025-05-02T18:06:04Z
4a039ac9-fefa-5459-603e-e0968c820db0,008f61cf-4bdd-7d4e-c1e3-8ac9872f09f9,MANDIRI,transfer,completed,APR-06,ESC-01,2025-05-28T07:55:21Z,2025-05-28T13:47:13Z
57c05fc6-7679-5e7b-f95e-61086e535fc8,7d914310-e6d1-772b-d614-cd24792e73ac,BNI,agent_wallet,completed,APR-05,ESC-03,2026-05-28T10:42:37Z,2026-05-28T13:39:10Z
3aa84a7f-bf9d-f470-c93d-bb3214dedcb8,e01b9438-b090-84ca-46e3-c4d61e6a6f29,BNI,transfer,completed,APR-09,ESC-01,2025-08-04T11:10:59Z,2025-08-04T07:46:01Z
efaf540c-c7a5-d01c-d28b-5fa014dd0f9e,1c14d590-587a-91e3-3122-fc8fc66fc215,BNI,agent_wallet,completed,APR-05,ESC-02,2026-02-25T08:18:44Z,2026-02-25T04:50:01Z
125c59f9-78ea-96b5-2f9e-9b5497f95460,8ad2caa2-c13a-f897-79e9-140bf7b024cc,BRI,agent_wallet,completed,APR-09,ESC-01,2026-06-09T04:59:33Z,2026-06-09T09:00:44Z
5493ef27-d8bc-a9a6-f5e4-82c294ff8268,57ebbeb9-97ad-6fe4-36e4-7cb24fc009fc,BNI,transfer,completed,APR-02,ESC-01,2025-12-28T03:39:42Z,2025-12-28T22:11:41Z
8db8d779-f1a3-a030-c3cc-ce16d90784a1,c0e16ef7-30b3-aa82-433d-97842249e37e,MANDIRI,transfer,completed,APR-07,ESC-01,2025-03-20T02:34:54Z,2025-03-20T16:00:13Z
d23eae57-8f83-4539-a56f-bad4cec1e280,b87fef91-565b-8459-55c4-715fe9b0ace8,BNI,agent_wallet,completed,APR-04,ESC-03,2025-01-13T21:41:24Z,2025-01-13T03:48:37Z
c22875ba-9a1c-fcbf-b1f3-b466f9920358,c2d8dd0c-ad76-9118-f4c0-b1e95e7f5d81,BCA,transfer,completed,APR-02,ESC-03,2025-09-03T11:17:15Z,2025-09-03T03:11:44Z
0d55b7bc-744b-db8a-2d7b-c014a2dc91db,10cab1bd-b909-195b-3608-963cbabfd4f2,MANDIRI,transfer,completed,APR-04,ESC-01,2025-02-19T18:34:14Z,2025-02-19T19:17:03Z
da837ab9-da8a-0ab9-bcc3-4c501610d28c,af83f6d7-8350-a838-6aa4-f8b1ff39ff3e,MANDIRI,transfer,completed,APR-09,ESC-02,2025-06-17T14:45:07Z,2025-06-17T09:16:29Z
9604c99e-af86-bf50-a6c5-d2f8c5b98955,59cbe9bf-fdf0-fc23-f2d1-64b6c8f0eb66,BNI,transfer,completed,APR-09,ESC-03,2026-07-22T19:33:14Z,2026-07-22T09:55:38Z
cbc07228-5ebd-c383-b679-db505c228fb2,8fc0c744-497d-1862-c5f2-b6248f024324,BNI,transfer,completed,APR-09,ESC-01,2026-02-04T03:57:37Z,2026-02-04T12:00:07Z
6b4c203e-db5a-37ca-aa65-4d0582af7317,f5f725ac-7e0b-b353-bc6d-b7d99842df1a,MANDIRI,agent_wallet,completed,APR-07,ESC-03,2026-05-23T06:36:40Z,2026-05-23T14:21:36Z
890d9cb0-6162-3ac2-e7e4-ceb1060ceb04,0d4e8582-f2db-f0af-11ad-e63ba73f3896,BRI,transfer,completed,APR-01,ESC-02,2026-02-24T13:41:13Z,2026-02-24T03:49:32Z
1103870c-3165-5cb9-12a8-cd0b7c2e9551,ba68b77e-c875-f221-70d8-38363000e0cd,BNI,transfer,completed,APR-02,ESC-01,2025-10-28T07:00:11Z,2025-10-28T20:47:14Z
d2fa30c2-2118-83aa-2e5d-7c1a5be61f99,d4bb03b4-0e1a-1511-5f52-6c5747175280,BRI,agent_wallet,completed,APR-08,ESC-02,2026-04-14T14:33:06Z,2026-04-14T00:07:39Z
2061b5f0-5531-99c6-7ed1-6aaefa335188,6faff161-5a6f-a17a-a85c-0f794d5aa71f,BCA,agent_wallet,completed,APR-06,ESC-03,2025-08-01T14:38:06Z,2025-08-01T22:20:34Z
594e4dbf-3b80-22fa-0df9-2f9956ad182a,b8f694c4-f22d-ba65-43fb-cb5683c575c6,BCA,transfer,completed,APR-05,ESC-03,2026-05-30T20:41:49Z,2026-05-30T17:58:15Z
db8f3c5f-d2c6-3309-e025-432c53d6cde4,5002ac32-6592-920e-2970-03960ec891a7,BNI,agent_wallet,completed,APR-09,ESC-03,2025-09-19T03:21:45Z,2025-09-19T13:37:07Z
a7696b4c-e5e0-2c9b-2e1f-b61e1d04da0f,865d7f80-111b-9f29-44bf-6d472b1bd599,BNI,transfer,completed,APR-01,ESC-01,2026-07-04T18:23:19Z,2026-07-04T09:08:24Z
219570f6-ee94-fb14-32d5-be28f3c272c2,44053142-b6f3-f13d-e113-b381bec4ce78,BNI,agent_wallet,completed,APR-03,ESC-02,2026-07-02T02:08:31Z,2026-07-02T21:31:43Z
2412a830-dc16-18a0-39fa-8b1d6e839e5e,43a4c294-b2d7-d53e-0286-6942a488c8a7,BNI,transfer,completed,APR-01,ESC-02,2025-09-16T23:14:14Z,2025-09-16T03:46:53Z
5f20ad8b-560e-422d-1e96-a427d2f05e0d,6a1903d1-ae0b-7845-8130-a1141d2ffb12,BRI,transfer,completed,APR-08,ESC-03,2025-11-20T18:35:59Z,2025-11-20T01:01:20Z
52af8402-b712-6c79-de20-129b5e3f798d,08a9eded-f40a-b8f3-a778-0599831d3967,BNI,agent_wallet,completed,APR-05,ESC-02,2025-01-29T18:06:42Z,2025-01-29T05:33:35Z
6dba7ac5-4222-d4f0-77d5-b344e15a5b90,903196f9-d162-dfda-5f69-45aa4a44b135,BRI,agent_wallet,completed,APR-03,ESC-02,2025-08-06T04:07:50Z,2025-08-06T08:09:14Z
8a6e40c8-95e0-20a2-bcb8-68a7645723f8,f03c8517-8cdb-86c9-c64a-ce2f82b64f18,MANDIRI,transfer,completed,APR-08,ESC-03,2025-06-11T13:36:21Z,2025-06-11T21:52:19Z
f0aa48a7-4d0d-e05c-d842-f5eed75ed975,0a1fcdfe-44ef-63f6-1788-743f50f315b1,BCA,transfer,completed,APR-04,ESC-02,2025-01-13T11:11:55Z,2025-01-13T22:06:02Z
c4946cdf-f898-02d1-7f17-c7aa157d723e,fe134000-70b3-a1ee-2533-956e601de51f,BRI,transfer,completed,APR-08,ESC-01,2025-03-21T16:49:58Z,2025-03-21T03:14:26Z
34e8cb88-c6ba-48ea-50da-dc995f6fc0cd,d77b369f-1d49-eb0d-f465-4da3e64b938d,MANDIRI,transfer,completed,APR-04,ESC-03,2026-01-11T13:23:53Z,2026-01-11T00:12:16Z
569529ee-50e9-ddb5-3f87-07d3d86cfa13,e3a971f4-c193-e7e5-2b5e-5e1f10b5d5a7,BCA,transfer,completed,APR-03,ESC-02,2025-08-06T12:42:00Z,2025-08-06T02:53:04Z
1df0accb-19d1-a9a0-b306-4e7ade733bda,be42816d-83d4-0209-a95a-020407426f61,BCA,transfer,completed,APR-08,ESC-01,2026-06-02T05:59:38Z,2026-06-02T19:24:25Z
372e43f0-df2c-59f9-f7e6-0a6903333871,96e72c31-2748-8e2b-564a-d7f5cb830076,BNI,transfer,completed,APR-01,ESC-02,2025-08-28T13:43:15Z,2025-08-28T05:08:46Z
3748fe60-7c29-bfc0-a790-129ae86e3a7d,30cfa2ea-978e-04d8-aa34-977ea9bcb2ff,MANDIRI,transfer,completed,APR-03,ESC-01,2025-05-10T10:08:50Z,2025-05-10T16:06:42Z
17f4dba0-99cf-73cc-ed24-2af540b67f8f,26db1e17-88d8-fc16-70dd-6573eaed8447,BNI,transfer,completed,APR-05,ESC-03,2025-04-22T07:35:15Z,2025-04-22T20:18:42Z
7c25523e-5b7d-8f75-b179-07fac851bb35,04c7349e-09d1-3ab4-8169-2fee3b8364aa,BRI,transfer,completed,APR-02,ESC-02,2026-05-03T16:19:27Z,2026-05-03T22:33:15Z
714333e8-0b87-cba0-3ea1-8af4faaf45cf,fd4b2128-41e3-ce19-bb8a-b54b904612ae,BCA,agent_wallet,completed,APR-06,ESC-03,2025-08-04T00:21:31Z,2025-08-04T18:50:38Z
b5033c14-46df-fc77-6bf0-1ff3b12bc927,d173e7fb-7cd9-8c9c-7499-0d3d6b9e1ffb,MANDIRI,transfer,completed,APR-09,ESC-01,2025-09-20T10:52:44Z,2025-09-20T01:09:08Z
f2b774e6-cd3d-a2d2-ebf1-4f18483592d4,c1f0c10e-4c54-cd7d-370a-745e2dc18311,BRI,transfer,completed,APR-06,ESC-01,2026-01-04T13:45:13Z,2026-01-04T12:59:56Z
935effe6-3577-6d6c-c21a-d0f9f8aaeea0,bbeff4d7-867d-41fa-8c1f-5b03d853d1ee,BRI,transfer,completed,APR-09,ESC-01,2025-09-06T17:52:00Z,2025-09-06T14:46:31Z
11499322-8814-c069-e0a4-0e6d0c8331a6,ce454698-834b-24c2-f0ac-095ebfaea1e5,BRI,transfer,completed,APR-06,ESC-01,2026-02-15T09:12:30Z,2026-02-15T21:43:00Z
265f4122-5223-341f-6609-2144223bdf23,e231caa6-22b9-7254-59e8-594bea788535,BNI,agent_wallet,completed,APR-04,ESC-01,2026-05-06T10:16:04Z,2026-05-06T14:30:05Z
f011a277-fb7c-4f2f-51d3-d62666d2d1ce,27fe6679-b979-5c07-8759-d3d3b6595831,BRI,transfer,completed,APR-08,ESC-01,2026-07-25T23:52:22Z,2026-07-25T18:55:33Z
f23748ec-9799-3385-3a13-7b05040a6a45,bd8bba11-8972-d6f0-8bb9-ced67975ae07,BNI,agent_wallet,completed,APR-08,ESC-03,2025-11-06T02:14:00Z,2025-11-06T12:49:47Z
9b7600bc-5b21-e529-69ed-a516056ed576,c0527126-6295-7bc4-9ed6-7310379862a5,MANDIRI,agent_wallet,completed,APR-03,ESC-03,2026-02-21T18:25:33Z,2026-02-21T02:32:05Z
f54ccf65-3900-843c-b32e-ca41740e0674,91d60319-8faa-32da-b392-c4723ff15d6a,BRI,agent_wallet,completed,APR-04,ESC-02,2026-07-24T08:25:05Z,2026-07-24T15:43:12Z
e7ac111e-8a92-1c3d-fe42-ec5b7dedc53c,0da5c624-d810-0af4-5384-5d031e797c50,MANDIRI,transfer,completed,APR-04,ESC-02,2025-08-07T17:35:16Z,2025-08-07T17:58:21Z
627c52bf-59eb-d625-7e95-313081f6398c,fbc59b11-5cad-eeee-7599-e60b727809f9,BNI,transfer,completed,APR-09,ESC-03,2025-07-26T16:12:18Z,2025-07-26T05:39:59Z
71dd3a10-6729-37e6-b63e-b6d28da557a6,c250d848-939c-0aa3-6a35-400d51410ce7,BNI,transfer,completed,APR-06,ESC-03,2026-06-25T08:04:38Z,2026-06-25T21:26:38Z
86b4c303-2bc5-33b4-2307-0eb04aa47b45,402cd89d-5eb9-5d3e-33c0-b1236c51a9ea,BNI,transfer,completed,APR-05,ESC-01,2026-02-24T19:38:02Z,2026-02-24T10:54:28Z
9050eaba-1500-b334-344e-dedfd0d1ef82,96861379-fb38-3429-759a-04016c52b757,BRI,transfer,completed,APR-09,ESC-02,2025-11-15T23:12:49Z,2025-11-15T11:34:35Z
b673f266-fd06-e2bf-a9c6-a8ccdae71fc1,bddaeaab-e65c-daf6-3b7f-0156d72523eb,BNI,transfer,completed,APR-04,ESC-03,2025-05-31T06:26:45Z,2025-05-31T15:51:01Z
81f015e4-1fe8-3194-980b-cc733565f382,6ff56816-fe29-52d9-7a57-76f58a2b7317,BRI,transfer,completed,APR-05,ESC-02,2025-08-12T03:31:49Z,2025-08-12T16:01:52Z
aa7dc0c1-1521-ad57-355a-7231951e31b0,7ec78260-9aee-22c3-4e2f-6ba6b3fb3ad8,MANDIRI,transfer,completed,APR-05,ESC-01,2025-06-03T13:12:18Z,2025-06-03T23:52:16Z
b14b4338-28e3-9c39-e2ff-b99b432f733f,56bc3018-5424-cd60-601f-60b109d5d67a,BRI,transfer,completed,APR-05,ESC-01,2026-02-09T15:13:09Z,2026-02-09T06:39:18Z
95359b96-4d87-2bcd-7f5d-78e2960bb707,fdc7bdb5-e2af-1aa2-34e7-e578510529f2,BNI,transfer,completed,APR-01,ESC-01,2026-05-07T07:46:18Z,2026-05-07T11:15:28Z
ab2b618b-d50b-0b50-927e-0c02a7415299,cfdb42eb-d971-f720-d822-7089e49108b7,BNI,agent_wallet,completed,APR-04,ESC-02,2025-01-17T10:10:08Z,2025-01-17T16:39:44Z
9714c07f-04f1-df6a-d3ef-1afb16bf9e09,a7cbf873-3949-5237-cfbd-b661a3668e30,BCA,transfer,completed,APR-01,ESC-02,2025-07-30T02:11:48Z,2025-07-30T05:41:08Z
3028cfb2-c77f-cd03-ee15-64b2a85068a8,f412f9d3-923d-7379-d8a9-af6b5643eb5f,MANDIRI,transfer,completed,APR-08,ESC-03,2025-06-18T00:06:59Z,2025-06-18T07:16:33Z
20975302-6476-4742-f19f-b0d19d13c2fc,76ee1029-b30c-3924-b84d-7de182d3e311,BRI,transfer,completed,APR-07,ESC-03,2025-08-04T14:01:54Z,2025-08-04T05:55:58Z
1c8bfc0a-bcbf-089a-f290-dde0b2c36b70,7adebd3f-6f38-6588-7506-7d3983748a99,MANDIRI,transfer,completed,APR-09,ESC-02,2025-12-02T01:27:00Z,2025-12-02T21:05:54Z
17c8a688-cc71-6e44-c3bd-ac47c06bd26e,9d4af862-71ba-9a2b-625d-06575076837f,BRI,agent_wallet,completed,APR-09,ESC-01,2026-02-06T10:23:56Z,2026-02-06T08:55:07Z
5f1c8235-491b-5006-f688-2bfbe3bdcd5f,c6cbb996-f09f-0c2e-cc6f-916fc8c8866a,BCA,transfer,completed,APR-06,ESC-02,2026-02-27T09:20:28Z,2026-02-27T22:20:53Z
04ced837-6de8-0ca3-f4d8-042c9a89bb9f,4d10e2f3-3321-bbc7-51f2-04eb11d1df9e,BNI,transfer,completed,APR-01,ESC-03,2025-02-26T08:02:07Z,2025-02-26T09:29:34Z
da3710e8-4c96-ba68-2fcb-f7067e9614d8,7537c0d1-18ba-3c49-bc2e-97a3e5fd15c2,MANDIRI,agent_wallet,completed,APR-07,ESC-02,2026-04-28T00:48:24Z,2026-04-28T04:52:02Z
4ae85a7c-f2c4-6aa5-5e3b-55e4688df15b,29a36e2a-6ffc-23cc-52c8-b35b9420ac52,BRI,transfer,completed,APR-05,ESC-01,2025-11-15T10:32:43Z,2025-11-15T15:28:42Z
4b35aa6c-4ea1-6235-5b9d-bdaa99a235dd,5c861f02-40d5-8a2e-ba6f-5c910b16e78c,MANDIRI,agent_wallet,completed,APR-09,ESC-03,2025-11-30T18:16:17Z,2025-11-30T02:17:13Z
f657d933-dec2-dd27-89ea-a929bd017d52,a5205476-aee7-7ebb-86d9-c1d657ac6409,BNI,agent_wallet,completed,APR-05,ESC-02,2025-02-12T20:08:23Z,2025-02-12T12:09:41Z
d575b973-a8a8-273e-1813-c0850ed88ae5,ee7c2d49-44d4-ce32-8d9c-23122d038b70,BCA,agent_wallet,completed,APR-09,ESC-02,2025-09-10T04:36:52Z,2025-09-10T00:33:27Z
e1fe0261-cecc-5648-8697-a2f2fb4a9531,69f7305d-dc27-ed59-8e53-01a89d1b00bc,MANDIRI,agent_wallet,completed,APR-09,ESC-01,2025-10-01T15:16:43Z,2025-10-01T10:27:53Z
0b93c1c0-e090-a9e2-5b9b-e92b916adfc9,0f18fd2d-07ae-c9cf-d267-b37d778e9094,BNI,agent_wallet,completed,APR-07,ESC-03,2025-09-20T10:47:59Z,2025-09-20T09:05:35Z
9e953d73-04ed-855c-826c-c76c31a2be3c,a61f4911-2037-ddb6-c9c9-aa14fcaddd95,BCA,transfer,completed,APR-02,ESC-02,2026-07-15T22:37:28Z,2026-07-15T04:11:47Z
402ed56a-4812-9034-35c8-5c14bd0da0d8,2321f889-aae0-59fc-e83f-e309f7164106,BCA,agent_wallet,completed,APR-04,ESC-01,2026-01-10T23:04:04Z,2026-01-10T20:53:16Z
983029cd-c0fa-2d67-0e7c-00763ee475a6,4392e06b-fb69-5664-9178-f552956333bb,BNI,transfer,completed,APR-03,ESC-02,2025-03-15T03:57:45Z,2025-03-15T12:50:14Z
b3c974d7-67a3-9676-d8eb-1f171517f2fc,64bc636d-3629-3341-8cf0-97861789f4a4,BNI,transfer,completed,APR-02,ESC-02,2026-05-09T13:00:50Z,2026-05-09T15:11:08Z
63ed1783-b509-602a-353f-d8f0d642f12a,d676ef0b-8d6f-cc00-4bf9-6e40ef99be33,MANDIRI,transfer,completed,APR-01,ESC-02,2025-03-28T03:07:23Z,2025-03-28T22:03:09Z
0a184a65-02f2-e5cc-c9b6-f02e4c67d725,b7eb14e8-7343-8002-bf51-aa5a6a3c3b2a,MANDIRI,agent_wallet,completed,APR-08,ESC-02,2026-05-27T23:15:21Z,2026-05-27T23:04:26Z
6e2d0c2f-1553-0958-d9cd-2b1bc47d1403,8a7ee81c-7c5b-02a4-a1c9-cb1a281bc900,BNI,transfer,completed,APR-01,ESC-03,2025-01-20T03:09:48Z,2025-01-20T18:32:58Z
ff468d29-68a6-f51b-6530-2271f4766cf9,6fec75e2-8239-ab54-b526-22a158250267,BNI,transfer,completed,APR-06,ESC-01,2025-06-16T22:46:28Z,2025-06-16T15:34:13Z
4abbe46b-7876-fb6b-c2f9-7d68c2eab789,39976ff3-7070-6914-58d7-58a66d292a04,BCA,transfer,completed,APR-04,ESC-03,2025-07-02T15:32:33Z,2025-07-02T05:35:27Z
959c7042-23ec-e36b-1018-9f8bbb29df4d,35935a72-1f21-4e52-586f-38e647b9ef7d,BNI,transfer,completed,APR-08,ESC-02,2026-03-05T23:35:16Z,2026-03-05T11:52:54Z
78bc81ce-d3e0-506b-310a-1be5bba62f1a,67d5c895-b276-b6ca-4c74-b566b5c70ec4,MANDIRI,agent_wallet,completed,APR-03,ESC-03,2025-10-17T12:52:45Z,2025-10-17T16:49:33Z
d4319b5e-35bf-4702-1f43-4c83bc56a3ce,720f8eb2-fc43-f1bc-7e03-5f4c8fc069f8,MANDIRI,transfer,completed,APR-04,ESC-03,2025-07-03T12:00:11Z,2025-07-03T20:24:35Z
79eb312f-47c6-dbdf-725c-1c4cb42e6e6a,2a3f70ab-0660-ba40-8c42-0859db594869,MANDIRI,transfer,completed,APR-09,ESC-03,2026-03-10T16:03:36Z,2026-03-10T10:48:37Z
b3b5db04-83e0-cd21-73c3-45fd542be18f,5a56714f-3795-0305-f50a-364d35da0a75,BRI,transfer,completed,APR-06,ESC-01,2026-05-06T13:09:20Z,2026-05-06T19:43:06Z
9b5780b8-0c4b-6370-1d9a-eb619fb0313d,5c0abbea-2660-fa9b-c141-d4e29430c0f9,BCA,agent_wallet,completed,APR-05,ESC-03,2025-11-20T03:20:35Z,2025-11-20T01:11:51Z
68a29025-5f6d-b4e9-1e40-da34946f0452,5cea9433-1623-21d9-8cd4-3c66c5c3fc44,BRI,agent_wallet,completed,APR-04,ESC-01,2025-07-01T00:36:59Z,2025-07-01T01:59:02Z
e8ada763-982a-d801-0937-887f75d60694,606f40db-ef77-abb1-acb7-ca1adc52efd7,MANDIRI,transfer,completed,APR-06,ESC-01,2025-08-01T21:01:16Z,2025-08-01T21:57:05Z
bf23965c-6181-f9f5-a306-1467edfb100e,4a3775ca-ed06-0ee3-1d70-1be2b11b9a5b,BCA,transfer,completed,APR-01,ESC-02,2025-05-25T19:28:30Z,2025-05-25T10:14:46Z
c55a7063-b897-ad70-c74a-d660926b0eda,749c52c1-ed77-a4ad-8aef-99c245d73a6d,BNI,agent_wallet,completed,APR-09,ESC-01,2025-01-10T06:26:32Z,2025-01-10T14:46:56Z
6dd10c00-8bfc-afdd-a925-b497ccf3c61f,df82fc5a-5cb2-8d60-f22b-71e394793849,MANDIRI,agent_wallet,completed,APR-08,ESC-01,2025-04-08T19:07:18Z,2025-04-08T06:39:02Z
f2b81f16-bd09-ae3c-42f8-82b1f57c3132,b58b5c79-696f-5c48-d38f-4eeb88d0acae,BNI,transfer,completed,APR-05,ESC-03,2025-11-26T13:59:50Z,2025-11-26T20:11:23Z
afe1b2be-5eda-93d6-e245-9a8226079920,34e2869a-a314-edb3-2eca-690ca2416baf,BNI,transfer,completed,APR-01,ESC-02,2025-08-05T09:03:17Z,2025-08-05T21:51:23Z
1e2d1d39-d594-a8cf-c2b4-041769a8cba0,2bd48584-7a59-16fc-6f21-17804aaec690,BRI,transfer,completed,APR-01,ESC-01,2026-07-27T00:34:06Z,2026-07-27T14:37:45Z
ce39b272-8fcd-bbb1-8bbf-5e00646f1975,b04f86a6-014a-0486-509e-9bf043df96c9,BCA,agent_wallet,completed,APR-04,ESC-02,2026-05-16T16:11:34Z,2026-05-16T07:13:10Z
ff539e34-8718-5c2c-b7ab-a2f56d322389,99c354e0-ca73-ab5d-1a92-1f25410ccc59,BNI,agent_wallet,completed,APR-07,ESC-03,2026-05-27T00:03:38Z,2026-05-27T08:14:47Z
abe5a8ea-251d-9f36-c99c-8527540c3fb9,2db95374-d8c7-389e-60c4-692f16ce5315,MANDIRI,transfer,completed,APR-06,ESC-03,2025-06-25T02:59:46Z,2025-06-25T08:42:10Z
5c3a518b-7e0c-2665-45d0-6ceb94b95d71,6da8a790-5ae4-ec20-5fc1-3d68c369b750,BRI,transfer,completed,APR-03,ESC-01,2025-10-04T15:41:35Z,2025-10-04T17:33:42Z
aa9872e2-f39c-f77b-ab2f-6a119aecbff3,ae6d1002-9935-8c0b-9dba-63156e7bc03f,BCA,transfer,completed,APR-07,ESC-02,2026-04-30T11:41:43Z,2026-04-30T16:44:34Z
28828937-da46-5877-b697-3f4dfc7f2ffb,b5b4e667-2340-11f0-de2a-813ccdda6d4e,MANDIRI,transfer,completed,APR-09,ESC-02,2025-04-27T00:26:42Z,2025-04-27T18:23:03Z
dc643362-0b93-6ed1-3b80-332836bdd9bd,5badb3ca-d21f-8755-5f7d-feee4626fa30,BCA,agent_wallet,completed,APR-07,ESC-02,2025-12-17T13:25:45Z,2025-12-17T19:34:44Z
665ec6cf-ca97-475d-5253-704387437e5a,4d450081-aab7-f302-1a8b-d47d1f383317,BRI,transfer,completed,APR-01,ESC-02,2026-01-21T10:11:48Z,2026-01-21T23:16:51Z
bc62ee2e-6e93-0426-c964-b2483dba7c44,9d644d78-61f5-f48b-78f0-dbaa5d07b239,BNI,transfer,completed,APR-01,ESC-02,2025-05-13T19:18:10Z,2025-05-13T10:58:11Z
39dba7d9-5179-7730-1d1a-198dbd773ce3,ea93f57e-97e2-5033-5506-d167df181578,BNI,transfer,completed,APR-01,ESC-02,2025-02-20T07:25:54Z,2025-02-20T20:56:37Z
414feaa5-d76a-bb69-d340-82ef681cf884,f5693d09-e544-2f98-f19e-7aed9a24bfc3,BRI,transfer,completed,APR-03,ESC-02,2026-04-28T11:55:10Z,2026-04-28T13:05:01Z
1846da8f-49ee-4629-9c53-50c3c2adbbfe,68338da0-b859-57c4-c12c-f174272b74c5,BRI,agent_wallet,completed,APR-02,ESC-01,2025-07-29T05:00:00Z,2025-07-29T16:25:33Z
137b53a7-2d39-5293-34d7-7395a567b54f,d6355f97-2697-58de-2c57-9e60a5be6216,BCA,transfer,completed,APR-09,ESC-02,2025-07-18T00:03:23Z,2025-07-18T21:35:50Z
f4c77d36-067b-e68f-2795-6dbae10cee68,9bda9335-2a41-966e-20ca-c0a9b2449caa,BRI,agent_wallet,completed,APR-02,ESC-03,2025-07-06T19:42:38Z,2025-07-06T18:53:46Z
d80a2c0d-c0d6-cbab-8eda-914924d50be0,ca538e6c-14c1-94c7-3bde-39d46a8d08eb,BNI,transfer,completed,APR-06,ESC-02,2025-04-12T17:58:42Z,2025-04-12T05:59:15Z
737fb50d-515d-1786-b816-9654428c76ff,4d2dfe2c-4ed3-a33f-03fd-aa60a98669dd,BRI,transfer,completed,APR-07,ESC-02,2025-11-24T01:12:23Z,2025-11-24T22:35:48Z
3a54b019-902a-7037-2a4e-a70fb9d5740c,d10cffbb-efa3-b08d-463f-7089780626bb,BCA,transfer,completed,APR-06,ESC-01,2026-05-31T11:39:59Z,2026-05-31T02:33:29Z
912cbbd3-b88d-a13b-2404-c360ae823be0,c366d0a1-fd46-7161-1a66-6bfbe4fb669e,MANDIRI,agent_wallet,completed,APR-07,ESC-03,2025-08-04T23:04:27Z,2025-08-04T20:14:58Z
9d78417e-76ef-9195-6cf2-9717079de1af,55c1ee73-3ea0-626d-d5c2-1a24c075834f,BCA,agent_wallet,completed,APR-01,ESC-03,2025-03-25T04:39:59Z,2025-03-25T04:56:42Z
3c106673-4bb3-dd7f-6429-390190a2b4e2,2e0ba5d4-5987-e082-af14-700bfac4b336,BCA,agent_wallet,completed,APR-03,ESC-01,2025-03-19T18:21:43Z,2025-03-19T21:44:39Z
a71ff128-4546-fc49-d487-c8b4350e139c,82942011-0835-8d54-d40e-f8e0af3b29af,BNI,agent_wallet,completed,APR-03,ESC-01,2025-01-05T20:44:00Z,2025-01-05T00:56:28Z
72cbe676-c61e-6d95-053e-e89b2bc2b53b,44e1514c-eadf-0ce8-fdca-781157a2bdc8,BCA,transfer,completed,APR-05,ESC-03,2025-06-07T02:02:31Z,2025-06-07T18:18:29Z
c0e3f421-2df3-4b50-b1e2-818e25defa71,8895f7bc-e303-ecc0-d291-8820458d7c5f,BNI,transfer,completed,APR-05,ESC-01,2026-03-07T03:28:53Z,2026-03-07T11:00:49Z
8bc0c6bf-1f2e-8f45-5ea4-99edf5942a28,f13e62f0-36fa-0905-2ce4-dcfb631e9688,BRI,transfer,completed,APR-06,ESC-02,2026-07-30T00:03:45Z,2026-07-30T15:56:14Z
699835bd-753d-90b5-e6c7-b1f2af79e208,ac5ae60b-8cd3-e1d8-a0b9-191d38dd8792,BNI,transfer,completed,APR-03,ESC-01,2026-04-03T07:31:08Z,2026-04-03T15:12:56Z
0c09d152-5cd1-3b58-e155-0d093ed24a8e,7e13a0f7-a22a-7996-f602-e92458cfb341,BCA,transfer,completed,APR-06,ESC-02,2025-11-30T14:13:43Z,2025-11-30T14:53:58Z
94fe507b-98bb-01da-4298-46cbfdee3d82,df35e84d-3323-19d3-c1cd-64a5e97d3a7b,BNI,agent_wallet,completed,APR-01,ESC-01,2025-06-19T11:06:34Z,2025-06-19T22:30:11Z
ef6c98d7-8852-d974-d55f-1b3e88fd7781,9e2f77ef-2b77-5b80-6163-068a6a8a99db,BNI,transfer,completed,APR-05,ESC-01,2025-11-29T21:41:04Z,2025-11-29T22:09:10Z
0429c2ef-6b3d-7458-e54e-d06876c5928f,6fa4c630-4208-8803-a577-af16a1e2995f,MANDIRI,transfer,completed,APR-05,ESC-03,2026-07-31T19:08:49Z,2026-07-31T03:47:27Z
da5f9b7b-bab5-166e-34cf-dfab000dfef8,d829794a-4e4d-861f-7f40-f93f6c72f85c,BRI,transfer,completed,APR-04,ESC-01,2026-03-21T10:02:58Z,2026-03-21T12:41:18Z
3862c45c-c60e-9c26-848b-ebb168d8507c,65e955b2-2dcd-2517-c208-fbfd385a0078,MANDIRI,transfer,completed,APR-02,ESC-02,2025-07-18T04:03:08Z,2025-07-18T02:13:49Z
5d7ea99d-8c1f-c97c-ce9c-7cce6590e83a,64c28dfe-61c0-0f20-ff3f-263c7890a7f3,MANDIRI,transfer,completed,APR-08,ESC-02,2025-12-11T20:30:47Z,2025-12-11T22:55:33Z
a9900368-d35c-32b8-b348-0a23ab5e8be2,c1327c5e-21fc-a531-35d7-6c903c5e24fc,MANDIRI,agent_wallet,completed,APR-06,ESC-03,2026-06-05T06:52:11Z,2026-06-05T09:49:47Z
a802212f-b520-12a5-8eae-7fdf63b1fd3b,85705ec0-7e04-03f0-648c-f14a74184086,MANDIRI,transfer,completed,APR-07,ESC-03,2025-11-21T15:49:32Z,2025-11-21T08:51:38Z
bd5d0977-dbce-8d41-53db-7f835a00329a,883a9845-18cb-acdf-0636-56a853debde7,BRI,transfer,completed,APR-08,ESC-02,2025-06-06T06:07:32Z,2025-06-06T23:29:00Z
dcef4e76-f6e1-df02-c934-53bdf41d9a37,45366c9c-dc15-f3ee-3ad1-e5b26f03c94e,BCA,transfer,completed,APR-01,ESC-03,2025-11-06T07:55:21Z,2025-11-06T20:25:35Z
5d8da387-68d2-9d6a-6746-482994fb2318,05cd0c31-3e2a-0ae9-cd24-89b681f95752,MANDIRI,transfer,completed,APR-05,ESC-01,2026-02-27T23:02:12Z,2026-02-27T01:40:12Z
737bc128-82e2-2d35-4df4-4c5ed99c1cb4,a4ad756e-76c1-62ad-5d2e-eba7291f55db,BCA,transfer,completed,APR-09,ESC-03,2026-07-05T19:49:24Z,2026-07-05T23:30:15Z
50bd491c-1b17-c515-a101-2098adb166ee,f8358a57-29c4-d360-c621-ece21fe3a649,BRI,transfer,completed,APR-02,ESC-03,2025-01-26T08:01:21Z,2025-01-26T23:46:21Z
2d89e114-01aa-d6e1-3fd0-12b1ff79661a,14746cfd-149b-2e0a-dd70-b412e4400fd9,BCA,agent_wallet,completed,APR-03,ESC-01,2025-02-18T04:38:56Z,2025-02-18T15:59:47Z
3cd4a1b3-a578-b761-579c-ae4bd3073ad8,ed5271f2-68a2-e324-6be6-07d802f858ae,BCA,transfer,completed,APR-09,ESC-02,2025-12-19T23:57:02Z,2025-12-19T09:19:34Z
074d8b16-0d07-976b-3bb0-16f54b5706d6,8d133424-6cd3-3f24-17bb-9663f19b76ec,BRI,transfer,completed,APR-06,ESC-02,2025-12-05T17:36:25Z,2025-12-05T10:22:49Z
cc29e568-3355-e0ef-81c8-fd0c6a46c112,e831954d-9f5f-440e-dbe1-ae9f3ac1ff80,BNI,transfer,completed,APR-01,ESC-02,2025-06-29T20:43:37Z,2025-06-29T21:38:40Z
c89deba0-9c28-0468-ac1d-f53cba96c454,eec727dc-924d-e5ab-13d3-b962a655ea37,MANDIRI,agent_wallet,completed,APR-03,ESC-03,2026-05-26T14:06:26Z,2026-05-26T03:27:46Z
dfa7dfef-31a5-39d2-2176-6b8ec8d5aea9,4fa601d7-d9b6-c16b-0299-21c406344d49,MANDIRI,transfer,completed,APR-04,ESC-01,2025-06-05T01:46:43Z,2025-06-05T05:15:08Z
3bb4f1f0-9e7e-8438-f6af-4f1e83f5c84c,29a138e7-96d2-a0fd-3f3d-c5ea0ff936e4,BNI,transfer,completed,APR-02,ESC-03,2026-03-19T07:36:09Z,2026-03-19T08:00:09Z
775986d6-a71f-6ffc-1c72-88084f0b9a25,842d7fe7-a8f6-f060-50f9-60ba8ea25b04,BRI,transfer,completed,APR-02,ESC-01,2026-05-26T03:00:36Z,2026-05-26T17:32:34Z
0e6318ea-0e66-59d9-8823-d6291b58bd49,41cb5465-8867-f50f-74f0-07d4b386b548,MANDIRI,transfer,completed,APR-05,ESC-01,2025-06-30T07:52:04Z,2025-06-30T11:39:02Z
cc17d754-5110-e079-b34f-023e7476f07e,8874ec74-3b5a-bb6e-caac-474a6bd11ec3,BRI,transfer,completed,APR-03,ESC-02,2026-05-21T23:03:06Z,2026-05-21T14:45:33Z
290bedc5-18a5-5e38-7fcf-3af089d69e95,e0a1d443-3dd3-4bff-a245-b7bcd24e9e50,BRI,agent_wallet,completed,APR-07,ESC-02,2026-04-17T18:54:39Z,2026-04-17T09:10:16Z
d7b3c9d5-7917-d006-f68c-982e993f3371,ccb546f9-ef11-958e-c9ae-b34fa43a4fcc,BNI,agent_wallet,completed,APR-09,ESC-02,2025-01-22T21:43:39Z,2025-01-22T22:49:15Z
f0b4a7c7-ded8-8d5d-7027-5a2744628303,0521fe27-31fc-61f5-91fc-dc2652fdf879,BCA,transfer,completed,APR-04,ESC-02,2025-12-26T00:14:30Z,2025-12-26T06:59:38Z
c585fc93-0c5f-b38a-3399-78ee447d335f,0221a0a2-de5c-f254-8189-a277699a1007,MANDIRI,transfer,completed,APR-08,ESC-01,2026-06-18T03:32:09Z,2026-06-18T03:28:11Z
287a0dea-4aff-e8e2-8db6-5492ea432f98,35e479d5-abfa-ab2a-33f1-ddcdf019282e,MANDIRI,transfer,completed,APR-04,ESC-02,2025-11-01T07:13:09Z,2025-11-01T02:14:13Z
bcb28f82-9c60-2fd1-a320-1169fb47d18c,b1552cb0-0d51-c509-e6b0-821d71a76cec,BRI,agent_wallet,completed,APR-04,ESC-01,2025-09-11T10:43:58Z,2025-09-11T01:20:16Z
b49eff64-a557-8c47-6458-d4d67eb4c9ff,4e32286d-3618-bfbf-b1f3-f758b6f2f8dc,BCA,transfer,completed,APR-05,ESC-03,2025-04-26T05:59:31Z,2025-04-26T07:25:07Z
6d6bc7c2-9ace-692d-cdbf-b5c40305015b,6565a2c6-ab36-22ee-3409-7158f65c06fd,BCA,transfer,completed,APR-01,ESC-03,2026-06-10T11:46:10Z,2026-06-10T05:11:53Z
2448b94d-7594-7dae-b577-d284db8374ee,c6b0e699-0ea1-c1de-aecd-8e2a995799a0,BNI,agent_wallet,completed,APR-05,ESC-02,2025-10-09T00:09:09Z,2025-10-09T15:01:17Z
2981f898-3762-194d-bdb5-273e00386447,aa89d5e3-b0fe-d2cf-5734-ab556939c744,BCA,agent_wallet,completed,APR-09,ESC-01,2025-09-25T21:08:41Z,2025-09-25T13:51:16Z
5c3c6313-51df-ad6e-12db-d00bdf303392,cc0b95fb-5a8e-9a13-7e08-2e4226336c9f,MANDIRI,agent_wallet,completed,APR-07,ESC-03,2025-05-13T08:05:45Z,2025-05-13T10:41:03Z
a67fb0a5-b5a2-7963-6993-b6423e7b7936,67018f88-9cc2-cc6b-863d-46465dc950f1,BRI,agent_wallet,completed,APR-09,ESC-02,2026-02-06T00:33:57Z,2026-02-06T02:16:43Z
950265fc-717f-9394-09b0-4da5c2a7d5f8,772d889e-b7a6-5cc7-4b4d-f6d7c64bbbb3,BNI,transfer,completed,APR-03,ESC-01,2025-01-24T10:41:25Z,2025-01-24T18:39:22Z
4b03f2b2-025f-4cca-ae70-d503a083e017,5c4b651b-0746-3711-0d3f-8a0fa88517e0,BCA,agent_wallet,completed,APR-03,ESC-01,2025-09-20T03:49:36Z,2025-09-20T00:46:43Z
621235fe-1b9a-ce96-1e7e-eefe7143644a,3bb7b904-b971-b077-2581-f7b5046970ee,BRI,transfer,completed,APR-08,ESC-01,2026-03-11T11:37:02Z,2026-03-11T15:28:07Z
61fd1655-885f-66f2-1e76-04038534ff65,62567e84-ac6b-fef8-3360-b95a46dc857e,BCA,transfer,completed,APR-07,ESC-02,2025-08-13T16:35:39Z,2025-08-13T10:40:46Z
1443c255-8d30-0c65-8ab1-9f7901a7eaea,0d3283df-327b-c693-dfc0-7630a4a7c926,BNI,transfer,completed,APR-04,ESC-02,2025-08-30T05:02:49Z,2025-08-30T15:56:21Z
7ef5a684-0fdd-a5c8-ac94-ade0f1c564d5,d7073576-f71c-d4d4-9fda-6a19623dc802,BRI,agent_wallet,completed,APR-09,ESC-03,2025-11-08T01:06:49Z,2025-11-08T00:11:15Z
6d790a0c-1953-b8a7-122a-c705c8fd0a3b,68580f03-83ee-26e1-12a4-ffa138ed1470,BNI,transfer,completed,APR-05,ESC-03,2026-04-06T06:54:50Z,2026-04-06T07:28:46Z
07160ab7-7a5c-206c-d2f6-9e45a4862d9a,ca265cce-50e3-4791-c06c-395388df9234,MANDIRI,transfer,completed,APR-02,ESC-01,2025-01-27T21:29:04Z,2025-01-27T07:12:54Z
342534f2-6912-2830-99dd-30a8db4d80e6,75d57a38-c225-6276-ef54-00cc0dee7f9e,MANDIRI,transfer,completed,APR-09,ESC-02,2026-07-04T17:53:34Z,2026-07-04T00:09:20Z
b8e4d620-f5dc-afe8-8fd2-ca28ca5a8726,fd451dbc-dc4c-2162-b7ec-df22c3f0b38e,BRI,agent_wallet,completed,APR-02,ESC-01,2026-03-30T15:33:32Z,2026-03-30T11:37:20Z
62d6ec7d-73af-d2b4-62c6-8686bd1ca4eb,cedf38fe-f3fe-162c-6ee6-d613fe4d2da2,MANDIRI,transfer,completed,APR-09,ESC-03,2026-02-11T21:27:39Z,2026-02-11T04:22:52Z
c5ca6ca5-a26e-9e5a-d3b4-1a35f942151b,febadc40-5e63-9bdd-622d-31ba8849b956,BNI,agent_wallet,completed,APR-02,ESC-03,2025-10-01T16:38:29Z,2025-10-01T08:30:00Z
eaf0466d-9aff-684f-c0c6-b8ecdfd6b16a,d7d7bc9f-aaf2-1c71-fa1d-bf65631f9eef,BCA,transfer,completed,APR-01,ESC-02,2025-07-26T06:13:28Z,2025-07-26T06:56:05Z
b6847172-5688-0215-14f5-f9b5e3b5e908,227a6610-4ce9-ce79-1894-4b2f2ea23652,BNI,transfer,completed,APR-03,ESC-03,2026-02-22T06:41:21Z,2026-02-22T15:06:14Z
6a27516f-2d15-38fb-d8e4-d2c357c96436,d03f129a-b2d5-81b1-5f69-9499a7a1ad78,BCA,transfer,completed,APR-03,ESC-01,2025-06-08T14:10:41Z,2025-06-08T21:11:37Z
423b7843-a1a7-ddc3-135c-cda20ff61e97,737af11f-2296-6999-b2cc-813b0e61d7e2,MANDIRI,agent_wallet,completed,APR-01,ESC-03,2025-11-14T15:16:06Z,2025-11-14T11:15:00Z
705554e2-f3f0-d577-3c9d-6e0388f7cf8e,92246ba6-fad6-635f-2994-3a4d41318f79,BCA,transfer,completed,APR-05,ESC-02,2026-03-12T10:15:17Z,2026-03-12T21:07:36Z
61a5a390-14c6-5459-1616-8ae22cd26e5e,aa2ef373-770f-746c-f49a-11daf964563a,BCA,agent_wallet,completed,APR-02,ESC-01,2025-07-01T06:47:52Z,2025-07-01T03:04:56Z
633a6346-e147-eb86-95e1-e006cab539c7,a1027a03-3fed-f4ea-e0aa-04c025a6be09,BCA,transfer,completed,APR-06,ESC-02,2026-01-22T16:31:34Z,2026-01-22T22:41:03Z
de172e39-c986-2065-7f7e-dd651e03bf1a,2a3e02f4-01d4-1c0b-3598-83230213eedd,MANDIRI,agent_wallet,completed,APR-07,ESC-03,2025-01-18T17:31:37Z,2025-01-18T17:56:46Z
88bbadd9-827e-5eaa-ebd6-f7d97566efcd,e7b69a2a-471f-f58a-740e-c4863c8dfd2b,BRI,transfer,completed,APR-03,ESC-02,2025-09-19T11:10:46Z,2025-09-19T13:12:40Z
7048b6be-0706-568c-2aa2-1437abaf047d,fba0a050-be4d-fbbb-c138-e2c6a8ac2400,BCA,agent_wallet,completed,APR-08,ESC-01,2026-06-14T15:08:55Z,2026-06-14T00:56:26Z
a5e9d9ce-9dae-5a4b-f860-e3ce9382437d,94614095-4453-441f-dda8-718d470420a1,BCA,transfer,completed,APR-08,ESC-02,2025-02-17T02:08:25Z,2025-02-17T16:10:26Z
dd870e4e-1674-1c5c-6698-d1917835e931,99dfe22c-c8de-c48b-85f6-7cb5319640c5,MANDIRI,transfer,completed,APR-01,ESC-01,2026-07-02T01:49:52Z,2026-07-02T05:43:26Z
8e2a4060-09ee-2e03-7ac5-6b5630259742,9a08da45-5375-364b-a240-0082297f1ee3,BCA,transfer,completed,APR-02,ESC-02,2025-07-26T07:30:40Z,2025-07-26T18:35:40Z
d161bd20-eb15-4dd1-5802-012f35478fb2,bb25f4af-4a72-7126-fd22-4ff578cb38ef,BRI,transfer,completed,APR-06,ESC-01,2025-11-15T12:37:03Z,2025-11-15T02:12:01Z
c07d0a6a-47df-b041-dcaa-d6857f0b1163,64613fb8-e8df-5a1c-8a98-484f47833d68,BCA,transfer,completed,APR-04,ESC-03,2026-01-28T06:01:35Z,2026-01-28T17:51:47Z
d8e669f6-8e3f-1218-832c-8f026fa3ae1c,10e77b17-8c77-762b-f970-658e419fe46d,BNI,agent_wallet,completed,APR-02,ESC-03,2025-04-02T21:20:13Z,2025-04-02T18:29:49Z
5893b6d0-8605-2c42-a0b6-7c6846927d32,d20c3f9c-15bb-f998-2196-fc3fbc2e78dc,BCA,transfer,completed,APR-06,ESC-02,2026-07-23T12:31:19Z,2026-07-23T11:00:34Z
7122f279-0873-ae56-0daf-3ee34c5d22ae,d85c8a14-0701-fbf4-4a47-a10a7deab703,BCA,transfer,completed,APR-09,ESC-01,2026-03-28T07:43:15Z,2026-03-28T17:42:45Z
5ca72a55-a44e-fd4b-1a9a-f073c2987f78,684419ba-8c4b-d31c-ac34-4bd732226129,MANDIRI,transfer,completed,APR-04,ESC-02,2026-01-23T21:37:58Z,2026-01-23T02:36:14Z
