id,loan_id,lender_account_id,nominal,fund_ratio,status,created_at,updated_at
31cac1c3-dd24-8a19-c8ee-0c563f05e92f,a6a2a83b-aaf0-b843-0dc7-1d19e0c4ca5c,e891659a-a241-1969-f96b-2440bf25700b,9000000.0,1.0,closed,2025-05-26T03:44:20Z,2025-05-26T05:49:09Z
254a8f6c-d978-9470-6315-85592f490501,538f78c3-842e-89e1-c2c4-8d61f7c337ce,258df6d0-c4e9-3633-1d88-1810c15dfbed,1000000.0,1.0,closed,2025-12-09T16:22:08Z,2025-12-09T02:22:10Z
768e2b52-2985-a6e9-d335-b958936b39a9,d9be6684-2d0f-19eb-4b6d-010b18af3ff7,69d1eade-07c1-9cef-9d41-2a4bbbb7d2a4,500000.0,1.0,closed,2026-01-31T17:14:28Z,2026-01-31T06:24:06Z
154c4e82-03db-c5e2-42fd-f6459dd47a25,752989e3-06d3-1031-13f0-9aa881f76d7f,2cae1100-0c80-fd16-8579-9d61c4d87b1e,600000.0,1.0,closed,2025-06-13T13:37:14Z,2025-06-13T00:19:59Z
e2e88634-e5ea-a1d2-af07-9d5c46b0e875,a642312e-fb3e-6afc-0a56-a3098e6de950,6843befe-0f4c-4a7c-991a-3225a17946c5,2280000.0,0.52,closed,2025-10-11T09:40:45Z,2025-10-11T02:58:54Z
bdcaca6c-02df-7292-e76f-4149dc7a8a4a,a642312e-fb3e-6afc-0a56-a3098e6de950,974a1460-d12c-e0f9-fb24-0dc7ecac31d3,1240000.0,0.31,closed,2025-10-11T05:46:14Z,2025-10-11T14:54:45Z
4a07b100-9bb8-e6b9-b242-7fac18e06394,a642312e-fb3e-6afc-0a56-a3098e6de950,735c05fb-965e-7232-1dcb-c80ce7e7fdfc,480000.0,0.12,closed,2025-10-11T04:40:36Z,2025-10-11T07:22:52Z
b9dada90-ea48-cc9c-3aa7-f349dcb353a4,a4bc0f3a-633a-f6f1-27e7-8ecd4f244ba1,a341033d-8d69-1b43-0a8d-c33b6f4829ee,360000.0,0.24,active,2026-07-18T00:58:09Z,2026-07-18T17:25:56Z
ea3366b7-f8c2-92e0-faa0-c8ee520620dc,a4bc0f3a-633a-f6f1-27e7-8ecd4f244ba1,bea07f0a-a721-f4c5-85d0-ac30867247e8,1050000.0,0.7,active,2026-07-18T15:18:23Z,2026-07-18T06:47:50Z
94ff5ffd-e2fe-0e3a-b081-d5698fa8f831,a4bc0f3a-633a-f6f1-27e7-8ecd4f244ba1,fba26db6-57e3-6ecf-c45c-a20044e2721f,90000.0,0.06,active,2026-07-18T22:26:24Z,2026-07-18T21:01:14Z
805b4c2d-a615-c868-f896-aad3ddf99592,ad6112f2-c057-3b39-4131-ce1cd2c560e4,405783c5-cb27-c84f-5a04-ec24779d04a8,1720000.0,0.86,active,2026-05-06T03:07:59Z,2026-05-06T22:53:10Z
83df7ad7-d6e2-a612-a01d-1dc3219888ad,ad6112f2-c057-3b39-4131-ce1cd2c560e4,40775ca4-0a08-d217-2617-a0c24694e10d,280000.0,0.14,active,2026-05-06T19:47:52Z,2026-05-06T14:29:58Z
8ecf91f5-9377-6876-6d70-62c8bf1a13ee,53678be0-2a49-b959-cd78-42b39cffa3f4,974a1460-d12c-e0f9-fb24-0dc7ecac31d3,1000000.0,1.0,closed,2026-03-06T16:53:25Z,2026-03-06T06:25:42Z
7a34a9e1-6367-0495-ef1a-11bb7ecf956b,6649f33d-a840-ffe4-f1a4-a7b318c568c8,d6efe797-ffed-99e7-c270-c7ca421d9118,325000.0,0.13,closed,2025-06-21T16:54:59Z,2025-06-21T14:12:56Z
3bbb3044-c513-e2d4-a21c-01bb176700c2,6649f33d-a840-ffe4-f1a4-a7b318c568c8,e891659a-a241-1969-f96b-2440bf25700b,850000.0,0.34,closed,2025-06-21T13:38:01Z,2025-06-21T15:52:06Z
3e60c31e-b2cd-5d00-d0df-4c714d2a63d5,6649f33d-a840-ffe4-f1a4-a7b318c568c8,40775ca4-0a08-d217-2617-a0c24694e10d,1325000.0,0.53,closed,2025-06-21T06:12:52Z,2025-06-21T03:48:32Z
0f9312d7-1456-e57f-daf5-e992e0355644,76412469-5e2f-3eac-c660-7a01782b3f48,bd914b51-617d-41f1-0c84-949b47bcba26,375000.0,1.0,closed,2026-02-06T16:50:11Z,2026-02-06T02:56:00Z
9cfa8e3f-ca73-0fe1-12d1-49e4fb4b936c,6bd26fbc-98ce-311f-9db6-6e73f6a154b8,258df6d0-c4e9-3633-1d88-1810c15dfbed,5000000.0,1.0,active,2026-04-01T11:41:31Z,2026-04-01T11:49:00Z
4d8a1145-7aee-da24-4774-bf2ff94680fb,a7599586-9102-a95b-5886-5b7f9001f4bc,9fdbc05b-f83d-d842-82b5-af2e761b2aa8,1200000.0,0.6,active,2026-02-05T09:57:54Z,2026-02-05T21:35:03Z
0d6ed44c-07a5-7a08-be64-d97574d4b725,a7599586-9102-a95b-5886-5b7f9001f4bc,32583a5a-a26b-ad52-8156-25717c3f2e93,800000.0,0.4,active,2026-02-05T06:54:39Z,2026-02-05T13:33:09Z
cc848e48-5edf-c81d-9dae-80f1c74bd7ed,69722982-2d58-d92b-a669-c0df0de26a2b,34fc6efb-cfab-9ebf-c628-f1b623474fd3,860000.0,0.43,closed,2025-10-24T08:11:06Z,2025-10-24T06:10:45Z
fc2833d1-576b-5e3c-b6a6-556cf26cb93c,69722982-2d58-d92b-a669-c0df0de26a2b,f15ee274-5de1-9169-4ded-c3e333890022,360000.0,0.18,closed,2025-10-24T07:03:29Z,2025-10-24T20:20:52Z
44e37e3a-9b6c-5d55-1901-4a20867cc256,69722982-2d58-d92b-a669-c0df0de26a2b,338cefb5-4559-85cb-9536-92246ec971e2,780000.0,0.39,closed,2025-10-24T04:38:37Z,2025-10-24T12:47:07Z
70ce3689-a6c8-ab65-7620-3e8ca4b76751,70a205cb-8491-1829-e777-8bb81df59929,d6efe797-ffed-99e7-c270-c7ca421d9118,2600000.0,0.26,closed,2025-12-28T23:53:30Z,2025-12-28T15:40:36Z
225430fb-173c-2249-4d24-7cafeec74e74,70a205cb-8491-1829-e777-8bb81df59929,40775ca4-0a08-d217-2617-a0c24694e10d,7400000.0,0.74,closed,2025-12-28T09:47:29Z,2025-12-28T21:40:13Z
7ebdce96-8aa1-8523-6c2f-efd8954a79cd,481f62df-27f5-1bff-d04f-bdbffb2e4d32,f2db32a0-0bb6-6a5c-9802-62bf101aab6e,23500000.0,0.94,active,2026-06-04T08:48:14Z,2026-06-04T21:02:59Z
69327c7d-7667-3b93-291f-552a58c18f69,481f62df-27f5-1bff-d04f-bdbffb2e4d32,edc97b5f-c7ec-8e28-c792-0e39e9179ed6,1500000.0,0.06,active,2026-06-04T11:38:47Z,2026-06-04T21:46:21Z
9d3013c9-7716-1c3e-a830-f33160a88f49,641ac3b1-25bd-e37d-2415-0dac9bb160eb,d43ba268-7b2e-2162-3bb7-decda8a37b1e,680000.0,0.68,closed,2025-04-29T16:35:39Z,2025-04-29T12:51:12Z
dd6deaa4-87e2-b4b2-48b6-1dca93632c20,641ac3b1-25bd-e37d-2415-0dac9bb160eb,3d67ff3a-3b07-ad70-11f8-a09cfa601dc6,320000.0,0.32,closed,2025-04-29T05:24:51Z,2025-04-29T01:26:10Z
c57f0076-ed16-5dc6-f7db-4b08d38a9e45,aaed3cd3-5529-ffab-ddca-c225e492d3bc,374e3334-a734-fece-a0b8-7a4d3daa3da2,900000.0,0.6,closed,2026-01-31T09:45:48Z,2026-01-31T13:20:26Z
af196b01-0f78-5332-b342-acea51c2ca52,aaed3cd3-5529-ffab-ddca-c225e492d3bc,d6a5ce23-7a4f-9357-27ad-2860dbeb787a,270000.0,0.18,closed,2026-01-31T03:57:13Z,2026-01-31T23:15:12Z
e16698c6-62ab-3c20-089d-283839be7ec1,aaed3cd3-5529-ffab-ddca-c225e492d3bc,253978b2-6ed2-6fca-d7be-86ef9cc24a68,330000.0,0.22,closed,2026-01-31T14:42:53Z,2026-01-31T03:55:16Z
9b7658f1-ac42-824c-151c-fd2e743eb8bb,4474cd8c-ed53-8ff4-8ecc-87d071145d85,44d95abd-1311-49b2-2f01-5d847c61cf8b,1500000.0,1.0,closed,2026-05-01T23:22:55Z,2026-05-01T05:05:43Z
eea1e0e3-0792-d6be-e41c-19a04b522e90,78b1a079-de50-4ec1-af76-6ab08e88b624,f514cb3c-37bd-fdd4-f9ec-8cb35c265d31,1040000.0,0.52,closed,2025-04-26T06:01:17Z,2025-04-26T06:30:18Z
440661ab-0008-511e-82b3-bf9da163fb24,78b1a079-de50-4ec1-af76-6ab08e88b624,d6efe797-ffed-99e7-c270-c7ca421d9118,160000.0,0.08,closed,2025-04-26T03:35:18Z,2025-04-26T04:22:01Z
06cb83b5-dccd-2d5f-1a36-e5d95ef6381f,78b1a079-de50-4ec1-af76-6ab08e88b624,258df6d0-c4e9-3633-1d88-1810c15dfbed,800000.0,0.4,closed,2025-04-26T10:47:08Z,2025-04-26T13:22:40Z
baf2bb94-bd69-05ee-5b29-ed0f3fc7763d,fa3693bd-4de4-ba71-81df-9a01133837d6,253978b2-6ed2-6fca-d7be-86ef9cc24a68,5460000.0,0.91,closed,2025-12-30T10:58:00Z,2025-12-30T20:49:04Z
510547e4-3ecd-d573-97a4-a34c09163ddd,fa3693bd-4de4-ba71-81df-9a01133837d6,16b8e48d-401b-ccf1-053a-0559d02deec9,540000.0,0.09,closed,2025-12-30T20:48:50Z,2025-12-30T13:12:28Z
16f937dc-18f2-7102-39fb-fc6d4c18e614,f9f19228-8761-7535-035c-225452b67d01,c060a112-d794-6244-5618-a39e947782c6,2500000.0,1.0,active,2026-07-15T14:07:25Z,2026-07-15T00:01:26Z
6da7ea8f-e30f-5082-1a3e-e1e9029c6f6d,bc49ae79-81fc-4a7f-30db-a7ea5a16bcc6,f514cb3c-37bd-fdd4-f9ec-8cb35c265d31,1500000.0,1.0,closed,2026-06-03T08:16:20Z,2026-06-03T03:48:41Z
921f996d-bc92-840d-dbd6-dbd6ecea652c,44e9de81-fd4f-b29b-d525-ecbe2490be31,2cae1100-0c80-fd16-8579-9d61c4d87b1e,365000.0,0.73,closed,2025-04-01T03:04:31Z,2025-04-01T01:45:54Z
d6d7ae3b-fd9f-a24b-8848-99bda5e14d7b,44e9de81-fd4f-b29b-d525-ecbe2490be31,d6a5ce23-7a4f-9357-27ad-2860dbeb787a,135000.0,0.27,closed,2025-04-01T18:30:51Z,2025-04-01T16:49:52Z
b63d4ced-9a4b-67c9-bfb3-dee7cf97b5e1,5b0d3af0-9cd4-0dff-f501-cb35f7fb2bf6,16b8e48d-401b-ccf1-053a-0559d02deec9,10000000.0,1.0,closed,2026-04-07T16:51:39Z,2026-04-07T21:15:59Z
0b954d71-f036-3000-a5c8-3dadcd0168ae,f4c5c2d4-f836-315a-299c-4d5efea4284c,f514cb3c-37bd-fdd4-f9ec-8cb35c265d31,2400000.0,0.3,closed,2025-04-28T06:30:35Z,2025-04-28T08:38:43Z
a0bf822d-9c29-0ebe-0b0f-451c4d4617f1,f4c5c2d4-f836-315a-299c-4d5efea4284c,edc97b5f-c7ec-8e28-c792-0e39e9179ed6,5600000.0,0.7,closed,2025-04-28T13:39:39Z,2025-04-28T07:07:35Z
17eec863-8ffd-6236-9afc-5c64a478bc1d,d7229387-f21a-4b0b-c8be-af38b93fd3f4,ac7ae6fd-34bb-053f-aaf4-acc3bbe09f7c,720000.0,0.4,closed,2025-01-09T18:14:19Z,2025-01-09T13:00:53Z
9799e5d2-2cdd-4a1e-4bb6-826ef2f25c4c,d7229387-f21a-4b0b-c8be-af38b93fd3f4,f2db32a0-0bb6-6a5c-9802-62bf101aab6e,288000.0,0.16,closed,2025-01-09T20:39:07Z,2025-01-09T16:21:45Z
11cea6cf-47bc-0331-76dd-de8130e052ea,d7229387-f21a-4b0b-c8be-af38b93fd3f4,968a3936-b9c7-ef5f-a1f1-7ffac470773e,144000.0,0.08,closed,2025-01-09T14:13:17Z,2025-01-09T04:59:54Z
2c17607b-5ca6-ec91-3a45-15db17d2ae9d,d7229387-f21a-4b0b-c8be-af38b93fd3f4,d98f6247-7f7d-56b0-1d8a-1bea7ab44331,648000.0,0.36,closed,2025-01-09T16:42:18Z,2025-01-09T12:40:20Z
1ee40039-7003-a10c-f11e-f33cf52266e8,f2378f67-e149-6332-342e-c03242ae54b0,cff60f81-a3f8-56ad-213f-066274dc5c45,8500000.0,0.85,closed,2025-03-07T16:31:00Z,2025-03-07T19:57:52Z
aa95e5c4-84ef-47e3-c8dd-a2bae717ead3,f2378f67-e149-6332-342e-c03242ae54b0,258df6d0-c4e9-3633-1d88-1810c15dfbed,200000.0,0.02,closed,2025-03-07T01:41:45Z,2025-03-07T13:44:13Z
a6bdcab9-1d21-8092-692e-5d6919f8c04f,f2378f67-e149-6332-342e-c03242ae54b0,eeaa3d41-677e-dd48-6721-7c7de401203a,1300000.0,0.13,closed,2025-03-07T14:05:57Z,2025-03-07T07:09:56Z
bacde2d3-5162-f6f3-4d61-f2c97789bd94,2c8b0b13-9a6e-8ee9-ad00-43c32d817ff7,6843befe-0f4c-4a7c-991a-3225a17946c5,135000.0,0.36,closed,2025-09-08T20:51:04Z,2025-09-08T05:01:17Z
3d9be4d7-3d9d-b0d0-9749-99f590caaa72,2c8b0b13-9a6e-8ee9-ad00-43c32d817ff7,405783c5-cb27-c84f-5a04-ec24779d04a8,240000.0,0.64,closed,2025-09-08T12:41:35Z,2025-09-08T08:29:50Z
3a2d67fa-881b-1670-d8f7-44f90abd9f71,29a27873-f97b-5854-a8b0-960eb6c91cbf,f15ee274-5de1-9169-4ded-c3e333890022,1500000.0,1.0,closed,2026-06-12T10:04:24Z,2026-06-12T22:51:48Z
f86e9e5c-e54d-0f63-55ed-b663f029e67a,e2625a60-5a45-02af-c878-d537f89c78fa,8388de7f-2850-faaf-d107-5f01309fc847,12500000.0,0.25,active,2025-12-16T03:09:22Z,2025-12-16T07:32:47Z
fb29e01e-cbcf-029e-8cb2-5bf32154a578,e2625a60-5a45-02af-c878-d537f89c78fa,00fb3966-d6ed-a1b4-9ef7-6347b2eb9319,37500000.0,0.75,active,2025-12-16T09:21:06Z,2025-12-16T15:26:25Z
3d511690-f476-6302-a06e-cb9934dd5093,3261fa32-efde-6781-8155-1ab5beeaac71,32583a5a-a26b-ad52-8156-25717c3f2e93,1000000.0,1.0,closed,2026-05-29T16:36:18Z,2026-05-29T04:04:27Z
7ff4d57b-4da9-0fcb-d7ad-6ccd12aeae13,abb0ba86-5f35-f9bc-f51f-583e95b91496,3a75d36b-1539-aa8b-5a81-914191e03b7a,10000000.0,1.0,closed,2025-01-01T19:03:55Z,2025-01-01T23:26:47Z
b938342f-aebd-df4c-961e-3846d5ea6418,326db22c-2a88-5568-c032-b93bd244590f,d43ba268-7b2e-2162-3bb7-decda8a37b1e,1250000.0,0.25,active,2026-07-11T09:48:16Z,2026-07-11T15:09:56Z
0b3ce30f-7c7c-e510-b8de-7b8d79c9f588,326db22c-2a88-5568-c032-b93bd244590f,00fb3966-d6ed-a1b4-9ef7-6347b2eb9319,1350000.0,0.27,active,2026-07-11T11:43:55Z,2026-07-11T21:09:15Z
a98a63bf-e08a-03ca-d5f8-04dc5fab25cc,326db22c-2a88-5568-c032-b93bd244590f,3d97d879-ea39-b6b5-d5ca-314608b0dde5,900000.0,0.18,active,2026-07-11T17:43:41Z,2026-07-11T15:24:50Z
65b0aa02-d5a8-48f8-6707-77daaa1f0dcf,326db22c-2a88-5568-c032-b93bd244590f,d6efe797-ffed-99e7-c270-c7ca421d9118,1500000.0,0.3,active,2026-07-11T21:40:27Z,2026-07-11T21:15:05Z
72776598-6720-3990-8235-fa9e9f203e69,6b29aae6-f3ef-c1b9-27ad-bf5082638c52,44d95abd-1311-49b2-2f01-5d847c61cf8b,400000.0,0.08,closed,2025-09-21T17:14:47Z,2025-09-21T18:43:21Z
701e1226-b229-b519-a481-b7c3ce79a708,6b29aae6-f3ef-c1b9-27ad-bf5082638c52,d6efe797-ffed-99e7-c270-c7ca421d9118,2250000.0,0.45,closed,2025-09-21T19:45:02Z,2025-09-21T17:49:53Z
4709aa0f-a534-ccef-4f8e-022dd5dd12cc,6b29aae6-f3ef-c1b9-27ad-bf5082638c52,69d1eade-07c1-9cef-9d41-2a4bbbb7d2a4,2350000.0,0.47,closed,2025-09-21T20:43:27Z,2025-09-21T08:26:57Z
2b81c3dd-3f09-2eb3-0e30-ada92efccf94,dad0e762-9340-3070-4e28-a168f9955f43,338cefb5-4559-85cb-9536-92246ec971e2,1700000.0,0.68,closed,2025-11-05T17:06:24Z,2025-11-05T18:36:41Z
a0067b25-840f-2210-431f-608035fefc92,dad0e762-9340-3070-4e28-a168f9955f43,c060a112-d794-6244-5618-a39e947782c6,250000.0,0.1,closed,2025-11-05T08:21:12Z,2025-11-05T01:09:51Z
138f24c9-6f2e-ca55-b273-df2165cd36a2,dad0e762-9340-3070-4e28-a168f9955f43,63d75a17-d7bd-fae4-139b-2cae84fb84f8,550000.0,0.22,closed,2025-11-05T10:21:29Z,2025-11-05T03:36:25Z
dd8efd1a-0536-458a-8474-89aa1864ece0,d7fa445e-6114-326f-4166-7a050bf04445,edc97b5f-c7ec-8e28-c792-0e39e9179ed6,450000.0,0.09,closed,2025-09-24T00:22:12Z,2025-09-24T06:51:42Z
8e01bcb5-bdb9-6fa2-1d4b-29151b19b79c,d7fa445e-6114-326f-4166-7a050bf04445,396d8df1-6ea3-05d9-3964-b226e445d185,4550000.0,0.91,closed,2025-09-24T10:08:36Z,2025-09-24T12:35:15Z
7163fa11-ebdf-6524-e074-11801a50f455,61299132-04d5-3e10-0415-a108e9d77502,32583a5a-a26b-ad52-8156-25717c3f2e93,2000000.0,1.0,closed,2026-01-29T08:40:22Z,2026-01-29T10:19:42Z
fcb48db7-62e7-e902-a6e5-6e6217a511ea,4e08b287-d10a-3542-72ef-81c040a69e93,735c05fb-965e-7232-1dcb-c80ce7e7fdfc,1035000.0,0.69,active,2026-06-01T17:25:16Z,2026-06-01T10:59:12Z
fc9a1309-ea51-608c-2115-c9623bb76057,4e08b287-d10a-3542-72ef-81c040a69e93,d43ba268-7b2e-2162-3bb7-decda8a37b1e,465000.0,0.31,active,2026-06-01T09:32:18Z,2026-06-01T00:47:28Z
94a40252-6967-8afd-6a97-fb83d64b2d11,e61c2705-1fc0-ad32-e3aa-d68d4c74feae,0253e03d-3031-4cfd-a104-256335fe5280,1200000.0,1.0,active,2026-07-01T05:28:22Z,2026-07-01T15:49:26Z
3cd62b31-8ffe-ae82-3dfe-5849a6903a4c,a1f94818-4b89-6725-b4fa-f4d0a60c1aec,03b188cb-0e2f-76cc-3e65-105125a81b18,50000000.0,1.0,closed,2025-02-07T02:47:40Z,2025-02-07T07:01:01Z
a64f1b34-9b81-cc88-6d86-d876fa235395,bb45dac0-7863-c703-b7c8-f9b2054e1ff1,405783c5-cb27-c84f-5a04-ec24779d04a8,19600000.0,0.49,active,2026-06-24T10:55:45Z,2026-06-24T20:28:03Z
9cd1bf5b-5f96-ba5a-439f-e7a50b3b011c,bb45dac0-7863-c703-b7c8-f9b2054e1ff1,fba26db6-57e3-6ecf-c45c-a20044e2721f,20400000.0,0.51,active,2026-06-24T20:53:32Z,2026-06-24T18:42:57Z
58254e82-a1e9-bc19-9981-bc07ab94eaa9,90356ce0-349d-9b3b-2161-7140341d2e2f,73e46a7f-fe78-ea20-e41b-66d413c6bbdc,2300000.0,0.23,closed,2025-06-15T06:54:38Z,2025-06-15T13:24:30Z
927cb44a-8580-598f-761a-fc6d8fee0b9a,90356ce0-349d-9b3b-2161-7140341d2e2f,40775ca4-0a08-d217-2617-a0c24694e10d,7700000.0,0.77,closed,2025-06-15T20:27:46Z,2025-06-15T09:58:27Z
c3ef6540-eb0a-de34-6bc5-81abc92682c9,162bf3f0-ea2c-76b2-f8d1-faa34e8b2077,9ccb71bb-496f-0461-d577-9c4d626bd7a3,7100000.0,0.71,closed,2025-07-17T00:48:16Z,2025-07-17T21:57:00Z
3789ae41-de5b-b68e-4177-a2a5bcb85efc,162bf3f0-ea2c-76b2-f8d1-faa34e8b2077,ba166c5c-caa5-2d42-ef20-0cfcd93d5237,2900000.0,0.29,closed,2025-07-17T20:55:50Z,2025-07-17T14:37:28Z
570bcdb5-caef-e3cf-ce47-4c2557bc6cb4,f46ceaeb-f75d-cb79-5309-7d11bb4d4aee,2ff40784-5523-c247-6740-8449359836a3,900000.0,0.45,closed,2025-04-12T16:34:39Z,2025-04-12T04:10:46Z
16f5c09b-499f-6fa1-02af-1b6de526e7b0,f46ceaeb-f75d-cb79-5309-7d11bb4d4aee,fba26db6-57e3-6ecf-c45c-a20044e2721f,1100000.0,0.55,closed,2025-04-12T06:19:06Z,2025-04-12T07:17:21Z
500681dd-5139-3493-83ed-d441e0de8e7c,5deb83e8-2445-fa83-f5fc-f4ba6aab3d5b,2ff40784-5523-c247-6740-8449359836a3,1620000.0,0.81,closed,2025-01-26T22:54:48Z,2025-01-26T23:00:47Z
b81cc448-95e3-e1d0-10ef-874c17e78cd0,5deb83e8-2445-fa83-f5fc-f4ba6aab3d5b,974a1460-d12c-e0f9-fb24-0dc7ecac31d3,220000.0,0.11,closed,2025-01-26T20:16:45Z,2025-01-26T16:03:19Z
8d74e03b-0434-c94f-6929-89afdaee8d64,5deb83e8-2445-fa83-f5fc-f4ba6aab3d5b,d6efe797-ffed-99e7-c270-c7ca421d9118,160000.0,0.08,closed,2025-01-26T14:14:42Z,2025-01-26T21:34:49Z
a49c887f-f598-ff87-1c32-4e596caf79c5,52db8bd0-5cf2-0c54-0cd0-91deb1132d1f,5aa8996f-9362-21d7-26d9-d489532c0f34,44000000.0,0.88,active,2026-06-22T01:20:22Z,2026-06-22T05:55:46Z
846f90f4-2fdc-a128-dc5d-f98474c11321,52db8bd0-5cf2-0c54-0cd0-91deb1132d1f,c4e4e575-195e-a4d3-8922-4217be26e7c6,6000000.0,0.12,active,2026-06-22T12:50:34Z,2026-06-22T21:34:12Z
04933d8f-20ae-7cd0-48e6-78a21a99e8b5,15c044a0-40f0-7735-a340-5971873428ce,f15ee274-5de1-9169-4ded-c3e333890022,10500000.0,0.42,active,2026-06-07T04:14:18Z,2026-06-07T15:05:10Z
0d30a7cb-7791-a2e0-1391-ce077d918058,15c044a0-40f0-7735-a340-5971873428ce,c4e4e575-195e-a4d3-8922-4217be26e7c6,14500000.0,0.58,active,2026-06-07T12:08:35Z,2026-06-07T18:24:59Z
8a8e0b76-e903-2f7c-861c-b83ee8e7e18c,e3f69426-89a2-3963-9e27-8bd985a70362,c4e4e575-195e-a4d3-8922-4217be26e7c6,335000.0,0.67,active,2025-09-08T11:31:07Z,2025-09-08T22:36:27Z
6aba77fd-450b-b7db-f412-6b88c80046be,e3f69426-89a2-3963-9e27-8bd985a70362,e891659a-a241-1969-f96b-2440bf25700b,65000.0,0.13,active,2025-09-08T08:40:55Z,2025-09-08T12:11:57Z
9c9564ba-a12f-adb9-48d2-7b743ca6b351,e3f69426-89a2-3963-9e27-8bd985a70362,64371d36-b2f5-0d34-e74b-b03760790d15,100000.0,0.2,active,2025-09-08T22:55:30Z,2025-09-08T00:23:08Z
baea4d87-0b8d-7631-9218-9b98175a935b,5060f84e-c868-3f6e-268f-c4bcd5d2c982,253978b2-6ed2-6fca-d7be-86ef9cc24a68,6500000.0,0.13,closed,2025-05-31T14:03:40Z,2025-05-31T18:34:17Z
c446f41c-7485-1112-4c6b-82ee4649e453,5060f84e-c868-3f6e-268f-c4bcd5d2c982,e4732d6f-c6f8-c343-9a06-fb71325193bc,43500000.0,0.87,closed,2025-05-31T01:06:31Z,2025-05-31T02:12:37Z
3081d936-f201-fe38-1930-0fcdd4187533,6cd5290f-1f58-02b4-1972-faf48ad9ebd6,e891659a-a241-1969-f96b-2440bf25700b,3600000.0,0.36,active,2026-06-27T21:08:38Z,2026-06-27T19:41:40Z
02f1d37f-f0ac-12d0-9e57-ce9afaa5f3fe,6cd5290f-1f58-02b4-1972-faf48ad9ebd6,393dc164-d14e-bab5-494d-08e95ff6040c,800000.0,0.08,active,2026-06-27T09:40:37Z,2026-06-27T01:40:15Z
c2220f83-2bb1-e239-2c10-906d1ef4b799,6cd5290f-1f58-02b4-1972-faf48ad9ebd6,2ff40784-5523-c247-6740-8449359836a3,4000000.0,0.4,active,2026-06-27T09:47:16Z,2026-06-27T17:35:47Z
aabeddf9-f086-21c9-bea5-1a6b18ab4280,6cd5290f-1f58-02b4-1972-faf48ad9ebd6,64371d36-b2f5-0d34-e74b-b03760790d15,1600000.0,0.16,active,2026-06-27T16:29:34Z,2026-06-27T03:18:07Z
3a3ab59f-5af0-a7bc-1306-20267a31f51a,486e1e8e-1aa9-63e1-43bb-b504dc2db63d,d3b121f0-1746-edc7-78a1-a2bbf278b89d,170000.0,0.17,closed,2025-06-06T13:52:17Z,2025-06-06T23:57:31Z
9cc6dc96-aadb-76e7-54dd-4c2d21ad4501,486e1e8e-1aa9-63e1-43bb-b504dc2db63d,5aa8996f-9362-21d7-26d9-d489532c0f34,830000.0,0.83,closed,2025-06-06T05:17:02Z,2025-06-06T22:50:50Z
bfea99e8-ef32-94a7-7888-a59c48f56bc1,e2449b7b-2950-3ac0-0088-2458c68d8261,e4732d6f-c6f8-c343-9a06-fb71325193bc,125000.0,0.05,closed,2026-06-13T05:28:14Z,2026-06-13T20:08:26Z
2af50eea-58d0-a7ed-f083-979f72c9e59b,e2449b7b-2950-3ac0-0088-2458c68d8261,3d97d879-ea39-b6b5-d5ca-314608b0dde5,2375000.0,0.95,closed,2026-06-13T11:27:53Z,2026-06-13T12:55:25Z
ea1ed757-af20-a894-4e0e-f9f24429dc51,5a7262d1-ec6e-e290-0ff2-2faa91d43b5c,0253e03d-3031-4cfd-a104-256335fe5280,250000.0,0.05,closed,2025-04-11T09:00:48Z,2025-04-11T01:14:10Z
8fc69b74-6733-eb2e-a502-937764944cac,5a7262d1-ec6e-e290-0ff2-2faa91d43b5c,d98f6247-7f7d-56b0-1d8a-1bea7ab44331,1900000.0,0.38,closed,2025-04-11T10:37:48Z,2025-04-11T23:08:40Z
8c39c18a-86fd-125c-7fc0-9b976f57d73d,5a7262d1-ec6e-e290-0ff2-2faa91d43b5c,69d1eade-07c1-9cef-9d41-2a4bbbb7d2a4,2850000.0,0.57,closed,2025-04-11T23:42:14Z,2025-04-11T23:43:12Z
deaccbbb-bdc8-1bbe-4fac-4a8195f0ea3a,bdd3948c-d801-8ce1-0ab0-1e92116497b0,cff60f81-a3f8-56ad-213f-066274dc5c45,1000000.0,1.0,closed,2025-01-07T15:53:43Z,2025-01-07T15:03:56Z
3bc02d05-ea5c-34e2-c9fa-c808f9d46421,b8b0a3e4-47ed-1aee-9768-b739aed818f3,62190b56-fca4-bed7-afb7-e2ddb93c2a11,1650000.0,0.33,closed,2026-05-17T17:51:08Z,2026-05-17T02:36:46Z
52ed64d7-afc3-214f-5a97-cbebcb1c872e,b8b0a3e4-47ed-1aee-9768-b739aed818f3,d98f6247-7f7d-56b0-1d8a-1bea7ab44331,3350000.0,0.67,closed,2026-05-17T16:26:43Z,2026-05-17T02:44:01Z
04717429-d5e7-d63d-5abf-d11c528e6f18,d0f02c89-0b73-3f6f-0b79-dc86313db0fa,6c798656-d455-db73-f9b0-d009e29e3a6d,22500000.0,1.0,active,2026-06-07T04:29:55Z,2026-06-07T00:02:15Z
06f1915f-03c1-b829-fc9e-9ff03594c9d4,62450032-97e3-1ac4-0e2b-3d88a7a4b803,374e3334-a734-fece-a0b8-7a4d3daa3da2,500000.0,1.0,closed,2025-11-12T21:47:06Z,2025-11-12T03:03:14Z
4ce87db6-da26-edb1-95fc-e7cfd8afb5cb,1cf23806-b808-4218-78f4-e3a00ced88b4,372c1aba-ef22-be6e-3b74-42ac0f22af6e,5800000.0,0.58,closed,2025-02-14T20:41:34Z,2025-02-14T22:02:01Z
b9c6a32b-7ab0-dbe1-d817-b95b0412af6d,1cf23806-b808-4218-78f4-e3a00ced88b4,258df6d0-c4e9-3633-1d88-1810c15dfbed,1400000.0,0.14,closed,2025-02-14T19:35:12Z,2025-02-14T19:51:03Z
ec811e46-6c36-7a3e-abfe-5d8858069fcd,1cf23806-b808-4218-78f4-e3a00ced88b4,6843befe-0f4c-4a7c-991a-3225a17946c5,2800000.0,0.28,closed,2025-02-14T02:29:15Z,2025-02-14T13:43:11Z
130730c9-b30a-75d4-31d2-a2b743dcb66c,72ec2cbc-2fec-d0c6-b6d8-1f065b7a80ba,ac7ae6fd-34bb-053f-aaf4-acc3bbe09f7c,112500.0,0.45,closed,2025-04-13T19:11:38Z,2025-04-13T03:57:25Z
26668e33-f452-e074-b413-4bb82e1eb2b9,72ec2cbc-2fec-d0c6-b6d8-1f065b7a80ba,32583a5a-a26b-ad52-8156-25717c3f2e93,137500.0,0.55,closed,2025-04-13T23:52:33Z,2025-04-13T10:57:04Z
7e9552e8-2003-6650-9fc7-440d1038e9a1,d012fe0e-f0af-2133-07aa-62bc8dca667f,e4732d6f-c6f8-c343-9a06-fb71325193bc,710000.0,0.71,closed,2025-09-07T03:00:08Z,2025-09-07T18:01:46Z
534f8def-52d9-b5b6-745e-623694064069,d012fe0e-f0af-2133-07aa-62bc8dca667f,d6a5ce23-7a4f-9357-27ad-2860dbeb787a,290000.0,0.29,closed,2025-09-07T10:22:35Z,2025-09-07T05:57:29Z
d22ff3c6-0601-2b53-b3c0-2e3800fa2d35,6c78e09f-e94e-1d81-19c5-29f131b442d0,a341033d-8d69-1b43-0a8d-c33b6f4829ee,1500000.0,1.0,closed,2025-12-14T05:47:37Z,2025-12-14T04:25:33Z
0b0ea013-acbc-afe5-1d9f-30b8ec2c3d0c,d75541ab-e65c-552d-2c53-bf184ba34e68,16b8e48d-401b-ccf1-053a-0559d02deec9,8500000.0,0.85,closed,2025-12-30T13:20:07Z,2025-12-30T05:01:37Z
f776f3fc-866b-f45f-157f-a01cc929ebd4,d75541ab-e65c-552d-2c53-bf184ba34e68,edc97b5f-c7ec-8e28-c792-0e39e9179ed6,1500000.0,0.15,closed,2025-12-30T05:10:28Z,2025-12-30T21:43:05Z
b59ce8cb-5b9a-c865-16fc-21d63750abe5,02b59198-e702-51ad-9c2a-ee287e79fd54,f15ee274-5de1-9169-4ded-c3e333890022,1100000.0,0.11,closed,2025-08-08T14:55:58Z,2025-08-08T02:46:25Z
04b99fc4-add6-dfb8-7ba8-65bbcdc88142,02b59198-e702-51ad-9c2a-ee287e79fd54,62190b56-fca4-bed7-afb7-e2ddb93c2a11,1600000.0,0.16,closed,2025-08-08T20:41:17Z,2025-08-08T12:18:07Z
968a3329-0d2e-abfc-be65-b7bb5876daf1,02b59198-e702-51ad-9c2a-ee287e79fd54,ba166c5c-caa5-2d42-ef20-0cfcd93d5237,500000.0,0.05,closed,2025-08-08T15:56:54Z,2025-08-08T13:56:41Z
68fdced4-8007-8218-183d-c2927eaa8c90,02b59198-e702-51ad-9c2a-ee287e79fd54,c060a112-d794-6244-5618-a39e947782c6,6800000.0,0.68,closed,2025-08-08T23:16:06Z,2025-08-08T16:04:21Z
85bf54d2-31e8-b0c7-3c0b-01b0ba4e7c63,570dffb4-1af1-4376-a125-6926f0d945cb,d3b121f0-1746-edc7-78a1-a2bbf278b89d,156000.0,0.13,closed,2025-01-11T15:06:54Z,2025-01-11T11:20:03Z
70655b4b-3600-ffe3-e37e-d36463c309b0,570dffb4-1af1-4376-a125-6926f0d945cb,338cefb5-4559-85cb-9536-92246ec971e2,900000.0,0.75,closed,2025-01-11T10:46:26Z,2025-01-11T08:22:37Z
8425232b-e69e-f51a-a2b6-00bd9b0786ef,570dffb4-1af1-4376-a125-6926f0d945cb,00fb3966-d6ed-a1b4-9ef7-6347b2eb9319,144000.0,0.12,closed,2025-01-11T20:06:30Z,2025-01-11T04:18:36Z
01ffaf17-8ed3-06f8-1b11-2834d704d4dd,e472ae13-3bf8-a3dd-1e0e-87709987a709,cff60f81-a3f8-56ad-213f-066274dc5c45,460000.0,0.23,active,2026-03-26T08:05:48Z,2026-03-26T23:05:19Z
30166736-6340-04f2-54d9-2287cd04f144,e472ae13-3bf8-a3dd-1e0e-87709987a709,a632394a-ad9d-4392-61f1-f98aebd5366d,1540000.0,0.77,active,2026-03-26T16:28:44Z,2026-03-26T14:43:02Z
92b1410c-5525-3800-2a13-77b3d61b9a67,71013eda-63cf-06a9-b13c-58779dfa3736,3d67ff3a-3b07-ad70-11f8-a09cfa601dc6,350000.0,0.07,active,2026-05-15T12:31:17Z,2026-05-15T10:51:33Z
7c218fa7-9d9b-54a3-222e-4f1b8a2170da,71013eda-63cf-06a9-b13c-58779dfa3736,d3b121f0-1746-edc7-78a1-a2bbf278b89d,4650000.0,0.93,active,2026-05-15T19:51:36Z,2026-05-15T13:45:59Z
af1beaee-e209-a387-c260-cb6780922d01,ea7c76d7-46d9-5ff4-2777-ef090b11556e,6c798656-d455-db73-f9b0-d009e29e3a6d,370000.0,0.74,closed,2025-04-29T03:11:26Z,2025-04-29T15:51:26Z
d0ff3df7-a6f4-5109-3538-46cd4cff0a5d,ea7c76d7-46d9-5ff4-2777-ef090b11556e,40775ca4-0a08-d217-2617-a0c24694e10d,130000.0,0.26,closed,2025-04-29T09:05:26Z,2025-04-29T20:35:40Z
19dcae28-c431-2685-5f8d-a1d468b342cd,008f61cf-4bdd-7d4e-c1e3-8ac9872f09f9,393dc164-d14e-bab5-494d-08e95ff6040c,600000.0,0.3,closed,2025-05-26T23:47:50Z,2025-05-26T17:45:09Z
688c5e96-a9bf-b1eb-b0f0-2767f3c35eae,008f61cf-4bdd-7d4e-c1e3-8ac9872f09f9,34fc6efb-cfab-9ebf-c628-f1b623474fd3,200000.0,0.1,closed,2025-05-26T08:57:24Z,2025-05-26T08:56:08Z
1d603e5b-d1af-30dc-5b69-2eed5d63fdd2,008f61cf-4bdd-7d4e-c1e3-8ac9872f09f9,fba26db6-57e3-6ecf-c45c-a20044e2721f,1200000.0,0.6,closed,2025-05-26T11:50:37Z,2025-05-26T04:46:41Z
46f44334-0603-0518-044a-040d0c9c867b,7d914310-e6d1-772b-d614-cd24792e73ac,f15ee274-5de1-9169-4ded-c3e333890022,4950000.0,0.22,active,2026-05-28T02:50:21Z,2026-05-28T04:14:57Z
41f86f8d-9eb0-3f4d-cb71-d671ad859793,7d914310-e6d1-772b-d614-cd24792e73ac,c060a112-d794-6244-5618-a39e947782c6,3600000.0,0.16,active,2026-05-28T11:46:12Z,2026-05-28T20:31:55Z
1e288750-aa1c-ae12-625b-c4102de28682,7d914310-e6d1-772b-d614-cd24792e73ac,d43ba268-7b2e-2162-3bb7-decda8a37b1e,8325000.0,0.37,active,2026-05-28T09:24:31Z,2026-05-28T18:01:28Z
09640a9c-efbf-6a29-2bbe-cf99181fc3d5,7d914310-e6d1-772b-d614-cd24792e73ac,eeaa3d41-677e-dd48-6721-7c7de401203a,5625000.0,0.25,active,2026-05-28T00:05:19Z,2026-05-28T01:24:48Z
2b95e3bf-aeb7-8ddd-8333-421eae9893ce,e01b9438-b090-84ca-46e3-c4d61e6a6f29,ba166c5c-caa5-2d42-ef20-0cfcd93d5237,801000.0,0.89,closed,2025-08-01T04:58:23Z,2025-08-01T05:29:02Z
2a3e5e9e-96c6-0466-0b20-1420b0e05791,e01b9438-b090-84ca-46e3-c4d61e6a6f29,d98f6247-7f7d-56b0-1d8a-1bea7ab44331,99000.0,0.11,closed,2025-08-01T14:09:56Z,2025-08-01T19:07:44Z
d2a5b63c-2573-a9e2-e8b0-4a4b57b577d6,1c14d590-587a-91e3-3122-fc8fc66fc215,a341033d-8d69-1b43-0a8d-c33b6f4829ee,2100000.0,0.42,active,2026-02-22T19:49:33Z,2026-02-22T04:22:28Z
6cb8dc01-de48-fd04-d630-95334bb5f075,1c14d590-587a-91e3-3122-fc8fc66fc215,372c1aba-ef22-be6e-3b74-42ac0f22af6e,2900000.0,0.58,active,2026-02-22T12:21:24Z,2026-02-22T07:25:36Z
b27d0c1a-c321-f497-1e24-9db6a4d8503d,8ad2caa2-c13a-f897-79e9-140bf7b024cc,bd914b51-617d-41f1-0c84-949b47bcba26,500000.0,1.0,closed,2026-06-07T10:47:11Z,2026-06-07T11:56:31Z
ab3992b9-f6f7-e56b-46ed-c609d35a57c4,57ebbeb9-97ad-6fe4-36e4-7cb24fc009fc,974a1460-d12c-e0f9-fb24-0dc7ecac31d3,320000.0,0.32,active,2025-12-26T20:18:38Z,2025-12-26T03:03:03Z
300f7417-c652-fdb0-ddc2-337010725e42,57ebbeb9-97ad-6fe4-36e4-7cb24fc009fc,bea07f0a-a721-f4c5-85d0-ac30867247e8,450000.0,0.45,active,2025-12-26T14:07:10Z,2025-12-26T09:36:54Z
a0495802-753c-4bb4-47a1-287d210efc42,57ebbeb9-97ad-6fe4-36e4-7cb24fc009fc,eeaa3d41-677e-dd48-6721-7c7de401203a,230000.0,0.23,active,2025-12-26T17:11:03Z,2025-12-26T01:37:29Z
9102fd38-b9f9-44ad-4e94-3be4cefde877,c0e16ef7-30b3-aa82-433d-97842249e37e,5aa8996f-9362-21d7-26d9-d489532c0f34,250000.0,0.05,closed,2025-03-16T04:49:35Z,2025-03-16T07:26:59Z
e4fd0c4d-0e31-093b-d257-7f14a0bbaa55,c0e16ef7-30b3-aa82-433d-97842249e37e,3a75d36b-1539-aa8b-5a81-914191e03b7a,3700000.0,0.74,closed,2025-03-16T11:15:24Z,2025-03-16T19:24:24Z
4b8ad4a0-c016-fa44-4a13-337f47640402,c0e16ef7-30b3-aa82-433d-97842249e37e,bea07f0a-a721-f4c5-85d0-ac30867247e8,1050000.0,0.21,closed,2025-03-16T15:44:10Z,2025-03-16T04:29:10Z
ee827a87-040c-9c2b-b97b-cd57febbb415,b87fef91-565b-8459-55c4-715fe9b0ace8,cff60f81-a3f8-56ad-213f-066274dc5c45,2500000.0,1.0,closed,2025-01-09T13:36:11Z,2025-01-09T17:58:43Z
01ea7b6c-5a0d-3ef4-fd77-0764cd94272b,c2d8dd0c-ad76-9118-f4c0-b1e95e7f5d81,73e46a7f-fe78-ea20-e41b-66d413c6bbdc,1290000.0,0.86,closed,2025-08-30T04:13:45Z,2025-08-30T01:57:00Z
de4acd7c-d7b9-977d-2347-e52a21b2e5f9,c2d8dd0c-ad76-9118-f4c0-b1e95e7f5d81,a341033d-8d69-1b43-0a8d-c33b6f4829ee,210000.0,0.14,closed,2025-08-30T06:14:54Z,2025-08-30T23:25:02Z
6049910b-fdd2-66e5-57a6-c8f7d819f8b3,10cab1bd-b909-195b-3608-963cbabfd4f2,d6a5ce23-7a4f-9357-27ad-2860dbeb787a,1360000.0,0.68,closed,2025-02-18T03:22:28Z,2025-02-18T14:24:04Z
e799f2b1-ebd1-212d-e8e6-1260c3cebc90,10cab1bd-b909-195b-3608-963cbabfd4f2,77044e39-4e56-1e71-0143-0b8849d36c31,120000.0,0.06,closed,2025-02-18T20:49:26Z,2025-02-18T07:41:20Z
326d6604-f837-f8b4-bf3a-75b2e5b89af9,10cab1bd-b909-195b-3608-963cbabfd4f2,d43ba268-7b2e-2162-3bb7-decda8a37b1e,520000.0,0.26,closed,2025-02-18T06:07:25Z,2025-02-18T17:37:25Z
8e75ae6b-f514-ecc6-418b-5b0903e6c8f7,af83f6d7-8350-a838-6aa4-f8b1ff39ff3e,735c05fb-965e-7232-1dcb-c80ce7e7fdfc,464000.0,0.29,closed,2025-06-14T21:28:05Z,2025-06-14T04:13:09Z
71e2eac8-0880-82ed-c06c-5d9a64175855,af83f6d7-8350-a838-6aa4-f8b1ff39ff3e,00fb3966-d6ed-a1b4-9ef7-6347b2eb9319,1136000.0,0.71,closed,2025-06-14T12:08:02Z,2025-06-14T05:23:53Z
cbb8d3b4-dc93-58f8-b0b3-5916861d9513,59cbe9bf-fdf0-fc23-f2d1-64b6c8f0eb66,6843befe-0f4c-4a7c-991a-3225a17946c5,500000.0,1.0,active,2026-07-20T02:16:25Z,2026-07-20T06:13:21Z
107f9722-21c0-8733-12ec-b1792a842c54,8fc0c744-497d-1862-c5f2-b6248f024324,73e46a7f-fe78-ea20-e41b-66d413c6bbdc,750000.0,0.5,closed,2026-02-03T19:02:12Z,2026-02-03T09:54:40Z
3a4209fb-f3f9-caa8-755c-63c915b97c0b,8fc0c744-497d-1862-c5f2-b6248f024324,253978b2-6ed2-6fca-d7be-86ef9cc24a68,105000.0,0.07,closed,2026-02-03T01:03:48Z,2026-02-03T16:53:39Z
a5394a7e-909e-e643-096b-8641d8d62fd9,8fc0c744-497d-1862-c5f2-b6248f024324,62190b56-fca4-bed7-afb7-e2ddb93c2a11,210000.0,0.14,closed,2026-02-03T23:48:41Z,2026-02-03T12:45:52Z
992cb769-0276-5d8e-81c9-ac3028f078c2,8fc0c744-497d-1862-c5f2-b6248f024324,3d97d879-ea39-b6b5-d5ca-314608b0dde5,435000.0,0.29,closed,2026-02-03T03:12:01Z,2026-02-03T18:47:46Z
fbcf9051-ad11-dbae-540b-0ee982415464,f5f725ac-7e0b-b353-bc6d-b7d99842df1a,ba166c5c-caa5-2d42-ef20-0cfcd93d5237,25000000.0,1.0,active,2026-05-22T01:13:28Z,2026-05-22T01:51:50Z
ca719154-0785-c28e-4eae-d02edeb04052,0d4e8582-f2db-f0af-11ad-e63ba73f3896,3d67ff3a-3b07-ad70-11f8-a09cfa601dc6,39000000.0,0.78,active,2026-02-22T23:21:05Z,2026-02-22T14:42:55Z
efbff183-67a7-4269-6fd6-4c709d7f39f5,0d4e8582-f2db-f0af-11ad-e63ba73f3896,e4732d6f-c6f8-c343-9a06-fb71325193bc,11000000.0,0.22,active,2026-02-22T19:04:45Z,2026-02-22T01:49:55Z
bd58f166-5978-3371-9013-634e626b7adc,ba68b77e-c875-f221-70d8-38363000e0cd,0253e03d-3031-4cfd-a104-256335fe5280,600000.0,1.0,closed,2025-10-26T21:49:34Z,2025-10-26T16:27:45Z
8c42de3f-6dae-dd49-e0c6-0805d52241cf,d4bb03b4-0e1a-1511-5f52-6c5747175280,968a3936-b9c7-ef5f-a1f1-7ffac470773e,25000000.0,1.0,active,2026-04-10T16:06:45Z,2026-04-10T20:49:23Z
993d0c1a-2c43-7afe-8e91-b0b6fc384d44,6faff161-5a6f-a17a-a85c-0f794d5aa71f,8388de7f-2850-faaf-d107-5f01309fc847,1201500.0,0.89,closed,2025-07-28T05:53:54Z,2025-07-28T16:34:33Z
cc904c3c-2d03-638d-24c5-068988271d35,6faff161-5a6f-a17a-a85c-0f794d5aa71f,b7a85a9a-2177-338c-d5ee-c953f02dc1ee,148500.0,0.11,closed,2025-07-28T02:39:11Z,2025-07-28T10:47:22Z
a123f5b4-ca14-3c01-923b-48fdce14d46b,b8f694c4-f22d-ba65-43fb-cb5683c575c6,735c05fb-965e-7232-1dcb-c80ce7e7fdfc,2000000.0,1.0,closed,2026-05-29T19:55:42Z,2026-05-29T05:25:18Z
4d34b163-7ec5-aefd-374a-826e4a3fd9b7,5002ac32-6592-920e-2970-03960ec891a7,f514cb3c-37bd-fdd4-f9ec-8cb35c265d31,2000000.0,1.0,closed,2025-09-19T15:08:17Z,2025-09-19T10:07:46Z
5758337e-2585-5c14-2568-bb33f6c344dc,865d7f80-111b-9f29-44bf-6d472b1bd599,34fc6efb-cfab-9ebf-c628-f1b623474fd3,486000.0,0.54,active,2026-07-04T10:53:32Z,2026-07-04T20:15:33Z
779b76b3-31d1-ed7c-5043-0ab75ae75d19,865d7f80-111b-9f29-44bf-6d472b1bd599,c7ea559f-3e47-235f-30e1-113a025c98e7,9000.0,0.01,active,2026-07-04T16:13:06Z,2026-07-04T00:50:31Z
057515d4-bbce-2fac-a297-c6f842daee62,865d7f80-111b-9f29-44bf-6d472b1bd599,03b188cb-0e2f-76cc-3e65-105125a81b18,117000.0,0.13,active,2026-07-04T04:33:50Z,2026-07-04T23:57:41Z
02563644-8c8a-2f6b-1b69-80fd8e104889,865d7f80-111b-9f29-44bf-6d472b1bd599,974a1460-d12c-e0f9-fb24-0dc7ecac31d3,288000.0,0.32,active,2026-07-04T00:13:47Z,2026-07-04T12:39:34Z
89e23c7f-74bf-bb8c-8da0-00a8db1ed288,44053142-b6f3-f13d-e113-b381bec4ce78,ac7ae6fd-34bb-053f-aaf4-acc3bbe09f7c,875000.0,0.35,active,2026-06-28T20:27:19Z,2026-06-28T00:07:50Z
c7321c58-7235-fda7-60a6-fb0dc95c5dbf,44053142-b6f3-f13d-e113-b381bec4ce78,3d97d879-ea39-b6b5-d5ca-314608b0dde5,1150000.0,0.46,active,2026-06-28T11:04:02Z,2026-06-28T06:24:10Z
5566c377-5f68-fa92-8855-6eda10b6e505,44053142-b6f3-f13d-e113-b381bec4ce78,ba166c5c-caa5-2d42-ef20-0cfcd93d5237,475000.0,0.19,active,2026-06-28T17:19:26Z,2026-06-28T21:49:40Z
16881e59-30c4-3642-aba5-8648d1e79804,43a4c294-b2d7-d53e-0286-6942a488c8a7,eeaa3d41-677e-dd48-6721-7c7de401203a,16875000.0,0.45,closed,2025-09-12T09:55:31Z,2025-09-12T16:50:14Z
f7acee1f-5752-a6fe-082d-bc8bc690e700,43a4c294-b2d7-d53e-0286-6942a488c8a7,a632394a-ad9d-4392-61f1-f98aebd5366d,20625000.0,0.55,closed,2025-09-12T23:28:09Z,2025-09-12T12:56:36Z
f36586a0-5cf5-62c9-513a-92bd8aff7f32,6a1903d1-ae0b-7845-8130-a1141d2ffb12,0253e03d-3031-4cfd-a104-256335fe5280,101250.0,0.27,active,2025-11-19T18:09:32Z,2025-11-19T12:26:38Z
b3c3cc7e-306a-6942-ed51-741a1c0978fd,6a1903d1-ae0b-7845-8130-a1141d2ffb12,396d8df1-6ea3-05d9-3964-b226e445d185,273750.0,0.73,active,2025-11-19T15:29:24Z,2025-11-19T21:04:46Z
3d9c76e4-fb55-8b6d-65f0-8cc80bc4a350,08a9eded-f40a-b8f3-a778-0599831d3967,374e3334-a734-fece-a0b8-7a4d3daa3da2,2000000.0,1.0,closed,2025-01-28T09:51:51Z,2025-01-28T21:03:40Z
6ed5d8c2-c113-59a7-30d6-e0716301c953,903196f9-d162-dfda-5f69-45aa4a44b135,9fdbc05b-f83d-d842-82b5-af2e761b2aa8,375000.0,0.15,closed,2025-08-05T12:20:40Z,2025-08-05T16:41:59Z
e1e16fb8-2a75-50f3-2c29-e752694f6ae9,903196f9-d162-dfda-5f69-45aa4a44b135,73e46a7f-fe78-ea20-e41b-66d413c6bbdc,600000.0,0.24,closed,2025-08-05T05:26:52Z,2025-08-05T08:14:19Z
88762a57-0718-aa7d-517a-d4e1ac28b5bf,903196f9-d162-dfda-5f69-45aa4a44b135,974a1460-d12c-e0f9-fb24-0dc7ecac31d3,1525000.0,0.61,closed,2025-08-05T04:55:34Z,2025-08-05T12:09:47Z
2073145d-697e-1570-7cc9-e87e652e5a39,f03c8517-8cdb-86c9-c64a-ce2f82b64f18,9ccb71bb-496f-0461-d577-9c4d626bd7a3,340000.0,0.68,active,2025-06-10T11:41:52Z,2025-06-10T20:28:53Z
8b59d08c-356a-aa3b-abc4-b4ce727e4aa5,f03c8517-8cdb-86c9-c64a-ce2f82b64f18,374e3334-a734-fece-a0b8-7a4d3daa3da2,40000.0,0.08,active,2025-06-10T04:17:08Z,2025-06-10T15:26:20Z
468ef692-dac1-b639-b574-dc7c356ff3fd,f03c8517-8cdb-86c9-c64a-ce2f82b64f18,eeaa3d41-677e-dd48-6721-7c7de401203a,35000.0,0.07,active,2025-06-10T05:05:25Z,2025-06-10T03:03:01Z
bf7b92fe-065b-3318-1cff-f9e93904ac66,f03c8517-8cdb-86c9-c64a-ce2f82b64f18,396d8df1-6ea3-05d9-3964-b226e445d185,85000.0,0.17,active,2025-06-10T10:18:41Z,2025-06-10T02:58:50Z
38b46dd1-a3a8-b70d-dc2a-dc217162b355,0a1fcdfe-44ef-63f6-1788-743f50f315b1,338cefb5-4559-85cb-9536-92246ec971e2,1100000.0,0.22,closed,2025-01-13T08:34:17Z,2025-01-13T03:48:34Z
8073135c-bc8c-7007-aa2d-6f9eaac14f22,0a1fcdfe-44ef-63f6-1788-743f50f315b1,3d67ff3a-3b07-ad70-11f8-a09cfa601dc6,850000.0,0.17,closed,2025-01-13T08:09:29Z,2025-01-13T15:16:24Z
5af261e5-acae-e174-8888-8a8e60151704,0a1fcdfe-44ef-63f6-1788-743f50f315b1,d6efe797-ffed-99e7-c270-c7ca421d9118,1500000.0,0.3,closed,2025-01-13T12:20:39Z,2025-01-13T14:29:10Z
406bbf2b-159f-63bc-88c2-ddbd3b89daa8,0a1fcdfe-44ef-63f6-1788-743f50f315b1,8388de7f-2850-faaf-d107-5f01309fc847,1550000.0,0.31,closed,2025-01-13T02:07:16Z,2025-01-13T20:19:29Z
ed566e97-02e4-a8f4-048c-5345fc968adc,fe134000-70b3-a1ee-2533-956e601de51f,03b188cb-0e2f-76cc-3e65-105125a81b18,77500.0,0.31,closed,2025-03-18T12:52:03Z,2025-03-18T04:24:27Z
188e0687-e42a-5eca-5df5-8a4029546d3f,fe134000-70b3-a1ee-2533-956e601de51f,a632394a-ad9d-4392-61f1-f98aebd5366d,172500.0,0.69,closed,2025-03-18T01:41:41Z,2025-03-18T03:53:53Z
bd02a755-9cbd-1550-227a-bb0eb0105eea,d77b369f-1d49-eb0d-f465-4da3e64b938d,c7ea559f-3e47-235f-30e1-113a025c98e7,12500000.0,1.0,active,2026-01-08T05:19:49Z,2026-01-08T12:55:50Z
e56f7274-326b-f855-1995-6c80abb8502c,e3a971f4-c193-e7e5-2b5e-5e1f10b5d5a7,253978b2-6ed2-6fca-d7be-86ef9cc24a68,10000000.0,1.0,closed,2025-08-03T11:30:04Z,2025-08-03T13:28:50Z
991219ae-acf6-76b2-3ea2-564290f37395,be42816d-83d4-0209-a95a-020407426f61,0253e03d-3031-4cfd-a104-256335fe5280,306000.0,0.51,active,2026-05-29T13:32:51Z,2026-05-29T07:37:28Z
8f105044-77a4-b51e-6b92-8de77503e326,be42816d-83d4-0209-a95a-020407426f61,372c1aba-ef22-be6e-3b74-42ac0f22af6e,222000.0,0.37,active,2026-05-29T19:32:37Z,2026-05-29T15:42:11Z
ac4bfa79-9913-bbcf-9002-7e7b2981c6df,be42816d-83d4-0209-a95a-020407426f61,87164298-6f33-2815-1860-3bbbe144d17c,72000.0,0.12,active,2026-05-29T03:43:42Z,2026-05-29T09:35:24Z
d4e05085-bff9-7c28-66c7-1da1ca8b4308,96e72c31-2748-8e2b-564a-d7f5cb830076,2ff40784-5523-c247-6740-8449359836a3,752000.0,0.94,closed,2025-08-25T03:44:33Z,2025-08-25T05:46:12Z
0435667b-5c4c-9832-0d2b-1dfc84959dd9,96e72c31-2748-8e2b-564a-d7f5cb830076,372c1aba-ef22-be6e-3b74-42ac0f22af6e,48000.0,0.06,closed,2025-08-25T08:10:47Z,2025-08-25T00:30:21Z
5182acc8-38c4-a376-debf-73223e328a42,30cfa2ea-978e-04d8-aa34-977ea9bcb2ff,cff60f81-a3f8-56ad-213f-066274dc5c45,837000.0,0.62,closed,2025-05-05T19:26:27Z,2025-05-05T22:44:10Z
fd4e2966-bb7c-0761-18d0-d8589538256e,30cfa2ea-978e-04d8-aa34-977ea9bcb2ff,258df6d0-c4e9-3633-1d88-1810c15dfbed,513000.0,0.38,closed,2025-05-05T10:57:38Z,2025-05-05T23:25:49Z
10232bf4-f840-7112-c5df-ba2da563fee0,26db1e17-88d8-fc16-70dd-6573eaed8447,374e3334-a734-fece-a0b8-7a4d3daa3da2,9200000.0,0.92,closed,2025-04-18T01:53:07Z,2025-04-18T12:08:39Z
00caf33f-51c0-bb32-f6af-50b9e85d5bfe,26db1e17-88d8-fc16-70dd-6573eaed8447,16b8e48d-401b-ccf1-053a-0559d02deec9,800000.0,0.08,closed,2025-04-18T09:25:06Z,2025-04-18T16:22:41Z
fa813435-222a-e19e-df13-941b9880d2ed,04c7349e-09d1-3ab4-8169-2fee3b8364aa,3d97d879-ea39-b6b5-d5ca-314608b0dde5,610000.0,0.61,closed,2026-04-30T09:43:34Z,2026-04-30T17:16:12Z
a34e4d7c-e083-30b3-5edf-419748353b02,04c7349e-09d1-3ab4-8169-2fee3b8364aa,8388de7f-2850-faaf-d107-5f01309fc847,80000.0,0.08,closed,2026-04-30T02:32:08Z,2026-04-30T11:56:57Z
31bc52f4-d005-cbe7-7265-921318a88504,04c7349e-09d1-3ab4-8169-2fee3b8364aa,405783c5-cb27-c84f-5a04-ec24779d04a8,310000.0,0.31,closed,2026-04-30T20:53:00Z,2026-04-30T03:35:53Z
39dd6c6d-469a-2caf-53bd-3edfaf2e3a0b,fd4b2128-41e3-ce19-bb8a-b54b904612ae,974a1460-d12c-e0f9-fb24-0dc7ecac31d3,810000.0,0.9,closed,2025-08-01T04:50:21Z,2025-08-01T19:57:13Z
8ea58955-0aaa-fbda-271a-8eebe22b49a2,fd4b2128-41e3-ce19-bb8a-b54b904612ae,c4e4e575-195e-a4d3-8922-4217be26e7c6,90000.0,0.1,closed,2025-08-01T07:21:08Z,2025-08-01T21:55:41Z
99516b54-3893-aca9-e612-1f3a3d7272fb,d173e7fb-7cd9-8c9c-7499-0d3d6b9e1ffb,d3b121f0-1746-edc7-78a1-a2bbf278b89d,50000000.0,1.0,active,2025-09-19T16:42:16Z,2025-09-19T07:31:54Z
1ea2d0a9-412d-0ded-60b7-16004c1708a5,c1f0c10e-4c54-cd7d-370a-745e2dc18311,8388de7f-2850-faaf-d107-5f01309fc847,780000.0,0.26,closed,2026-01-01T04:45:45Z,2026-01-01T06:07:43Z
a3bef14e-3cc3-5332-eefe-e69ce3c25d65,c1f0c10e-4c54-cd7d-370a-745e2dc18311,d3b121f0-1746-edc7-78a1-a2bbf278b89d,1980000.0,0.66,closed,2026-01-01T04:43:36Z,2026-01-01T17:56:08Z
8731749a-c6f5-d0ff-e130-4faac64aed35,c1f0c10e-4c54-cd7d-370a-745e2dc18311,9fdbc05b-f83d-d842-82b5-af2e761b2aa8,240000.0,0.08,closed,2026-01-01T07:24:34Z,2026-01-01T01:02:02Z
93234156-389e-d7b8-74ba-0fe64dc8c855,bbeff4d7-867d-41fa-8c1f-5b03d853d1ee,6843befe-0f4c-4a7c-991a-3225a17946c5,324000.0,0.54,closed,2025-09-05T16:38:59Z,2025-09-05T20:29:31Z
a54b96f5-6f66-517c-1b6a-13394f0105b1,bbeff4d7-867d-41fa-8c1f-5b03d853d1ee,ba166c5c-caa5-2d42-ef20-0cfcd93d5237,276000.0,0.46,closed,2025-09-05T05:16:42Z,2025-09-05T13:09:09Z
c1c41e15-301b-d179-8943-c92d638d83bf,ce454698-834b-24c2-f0ac-095ebfaea1e5,edc97b5f-c7ec-8e28-c792-0e39e9179ed6,1250000.0,0.05,closed,2026-02-12T05:30:01Z,2026-02-12T18:45:28Z
1b214797-bfc0-f310-f975-119903dadbde,ce454698-834b-24c2-f0ac-095ebfaea1e5,d98f6247-7f7d-56b0-1d8a-1bea7ab44331,14500000.0,0.58,closed,2026-02-12T01:38:45Z,2026-02-12T06:47:36Z
1cdf714a-1304-4cab-d4dc-5d0a7210aed8,ce454698-834b-24c2-f0ac-095ebfaea1e5,e05af7f8-0b78-2752-0386-aa76d7f217c6,9250000.0,0.37,closed,2026-02-12T04:20:07Z,2026-02-12T01:05:28Z
55f96b44-92d7-8b69-bfbd-f97ffcb8559e,e231caa6-22b9-7254-59e8-594bea788535,16b8e48d-401b-ccf1-053a-0559d02deec9,162000.0,0.09,active,2026-05-03T23:02:30Z,2026-05-03T18:58:21Z
8d8d36db-d7f5-4d31-99aa-9c626f38975d,e231caa6-22b9-7254-59e8-594bea788535,6c798656-d455-db73-f9b0-d009e29e3a6d,954000.0,0.53,active,2026-05-03T18:25:00Z,2026-05-03T10:02:43Z
ab0dd7d6-b5fe-b463-ef4c-12b43287c08c,e231caa6-22b9-7254-59e8-594bea788535,87164298-6f33-2815-1860-3bbbe144d17c,306000.0,0.17,active,2026-05-03T16:20:48Z,2026-05-03T11:23:35Z
23fba424-bd49-d2b0-a343-1c3132a841cf,e231caa6-22b9-7254-59e8-594bea788535,cff60f81-a3f8-56ad-213f-066274dc5c45,378000.0,0.21,active,2026-05-03T00:39:22Z,2026-05-03T20:05:22Z
f5c66619-1dda-65ec-2b1b-eea4517c567e,27fe6679-b979-5c07-8759-d3d3b6595831,77044e39-4e56-1e71-0143-0b8849d36c31,2500000.0,1.0,active,2026-07-24T17:44:34Z,2026-07-24T06:21:28Z
7ab37d30-0e0d-6109-b8ce-ef364b4247d7,bd8bba11-8972-d6f0-8bb9-ced67975ae07,c060a112-d794-6244-5618-a39e947782c6,6000000.0,1.0,closed,2025-11-05T23:29:08Z,2025-11-05T14:39:10Z
fcf5048e-30ed-e6fc-2083-5ee5b49bc979,c0527126-6295-7bc4-9ed6-7310379862a5,e05af7f8-0b78-2752-0386-aa76d7f217c6,960000.0,0.48,active,2026-02-18T20:08:07Z,2026-02-18T03:02:26Z
ea22d787-64c1-cb6f-2a0c-e0c4a19f0c54,c0527126-6295-7bc4-9ed6-7310379862a5,34fc6efb-cfab-9ebf-c628-f1b623474fd3,440000.0,0.22,active,2026-02-18T23:36:07Z,2026-02-18T01:50:25Z
306fb19c-3d56-9074-c21f-ed6f4e64f743,c0527126-6295-7bc4-9ed6-7310379862a5,c060a112-d794-6244-5618-a39e947782c6,140000.0,0.07,active,2026-02-18T01:54:19Z,2026-02-18T06:20:08Z
3b4dd439-a5fe-af12-6a7d-3f316d467ca3,c0527126-6295-7bc4-9ed6-7310379862a5,d98f6247-7f7d-56b0-1d8a-1bea7ab44331,460000.0,0.23,active,2026-02-18T17:25:29Z,2026-02-18T19:11:55Z
d093ca79-5ec0-1104-64e9-bc7e126f1818,91d60319-8faa-32da-b392-c4723ff15d6a,2ff40784-5523-c247-6740-8449359836a3,1000000.0,1.0,active,2026-07-22T17:58:49Z,2026-07-22T13:46:37Z
bbd19356-1199-9eb2-a81c-4d6d1cd3b1c4,0da5c624-d810-0af4-5384-5d031e797c50,735c05fb-965e-7232-1dcb-c80ce7e7fdfc,304000.0,0.76,closed,2025-08-07T19:24:23Z,2025-08-07T18:02:13Z
b5c81cff-cd75-0fef-af8c-6d54bbb96227,0da5c624-d810-0af4-5384-5d031e797c50,372c1aba-ef22-be6e-3b74-42ac0f22af6e,32000.0,0.08,closed,2025-08-07T23:07:35Z,2025-08-07T16:48:16Z
d477b2b0-ecf5-2475-c1b2-53399a6449dd,0da5c624-d810-0af4-5384-5d031e797c50,9fdbc05b-f83d-d842-82b5-af2e761b2aa8,64000.0,0.16,closed,2025-08-07T22:09:08Z,2025-08-07T22:23:51Z
c9a99aba-d52e-dcc2-5420-9fd53c55935c,fbc59b11-5cad-eeee-7599-e60b727809f9,87164298-6f33-2815-1860-3bbbe144d17c,1000000.0,1.0,closed,2025-07-24T15:16:21Z,2025-07-24T13:30:16Z
b7176c51-d1e1-aa20-1f31-b650f3b16fca,c250d848-939c-0aa3-6a35-400d51410ce7,77044e39-4e56-1e71-0143-0b8849d36c31,340000.0,0.17,active,2026-06-20T23:10:32Z,2026-06-20T07:13:03Z
4de288bc-aff2-7069-5a14-74d048261de7,c250d848-939c-0aa3-6a35-400d51410ce7,374e3334-a734-fece-a0b8-7a4d3daa3da2,920000.0,0.46,active,2026-06-20T07:20:21Z,2026-06-20T01:52:11Z
4a13237c-1624-f9ce-ee4c-2a45788df664,c250d848-939c-0aa3-6a35-400d51410ce7,c7ea559f-3e47-235f-30e1-113a025c98e7,100000.0,0.05,active,2026-06-20T23:47:58Z,2026-06-20T17:45:19Z
7cadf2e0-8313-a125-8199-c724d0281175,c250d848-939c-0aa3-6a35-400d51410ce7,eeaa3d41-677e-dd48-6721-7c7de401203a,640000.0,0.32,active,2026-06-20T19:24:33Z,2026-06-20T07:17:40Z
6c71d53d-486e-e6cd-bdb8-a23d356a3e2b,402cd89d-5eb9-5d3e-33c0-b1236c51a9ea,e05af7f8-0b78-2752-0386-aa76d7f217c6,1560000.0,0.78,active,2026-02-20T08:18:41Z,2026-02-20T06:05:52Z
fdd776ff-64b4-5bf6-09ee-a4495a84f4d1,402cd89d-5eb9-5d3e-33c0-b1236c51a9ea,f15ee274-5de1-9169-4ded-c3e333890022,440000.0,0.22,active,2026-02-20T06:01:40Z,2026-02-20T04:44:05Z
6fbb0b02-8f54-6cf0-32cb-e9f038bbb576,96861379-fb38-3429-759a-04016c52b757,03b188cb-0e2f-76cc-3e65-105125a81b18,255000.0,0.17,closed,2025-11-13T08:36:02Z,2025-11-13T14:33:23Z
54cc99c4-ec52-e9b2-9509-fb1452882c01,96861379-fb38-3429-759a-04016c52b757,393dc164-d14e-bab5-494d-08e95ff6040c,210000.0,0.14,closed,2025-11-13T13:17:08Z,2025-11-13T19:33:17Z
61a796e4-0a9c-00b0-ee84-3d11f9c07c85,96861379-fb38-3429-759a-04016c52b757,d6efe797-ffed-99e7-c270-c7ca421d9118,645000.0,0.43,closed,2025-11-13T18:18:52Z,2025-11-13T01:28:58Z
a803b93c-e136-d564-5c3b-2786f86c29ca,96861379-fb38-3429-759a-04016c52b757,f15ee274-5de1-9169-4ded-c3e333890022,390000.0,0.26,closed,2025-11-13T07:11:48Z,2025-11-13T17:23:55Z
df65ac77-c91a-a639-274f-230d64060823,bddaeaab-e65c-daf6-3b7f-0156d72523eb,6843befe-0f4c-4a7c-991a-3225a17946c5,16750000.0,0.67,closed,2025-05-31T07:35:36Z,2025-05-31T06:54:38Z
608a46ad-d10c-569c-6e84-e70a4f8f23a3,bddaeaab-e65c-daf6-3b7f-0156d72523eb,d5ad07d2-1a91-c891-6a39-e46e1b009e60,5750000.0,0.23,closed,2025-05-31T11:03:08Z,2025-05-31T11:55:10Z
466a671b-8f46-1339-2ba1-7b6806036389,bddaeaab-e65c-daf6-3b7f-0156d72523eb,372c1aba-ef22-be6e-3b74-42ac0f22af6e,2500000.0,0.1,closed,2025-05-31T05:12:14Z,2025-05-31T14:22:05Z
adb23985-42f3-351b-c695-d2078433bc0a,6ff56816-fe29-52d9-7a57-76f58a2b7317,7eb0bdcd-281d-5ac0-23f0-8d355a6beef5,2295000.0,0.51,closed,2025-08-11T19:52:15Z,2025-08-11T03:52:09Z
28578641-8c5d-9126-1096-1d5561f4e1c0,6ff56816-fe29-52d9-7a57-76f58a2b7317,73e46a7f-fe78-ea20-e41b-66d413c6bbdc,135000.0,0.03,closed,2025-08-11T01:33:06Z,2025-08-11T21:05:23Z
906b4a45-1f50-57fa-d5c3-5f1cdb479cba,6ff56816-fe29-52d9-7a57-76f58a2b7317,c4e4e575-195e-a4d3-8922-4217be26e7c6,1215000.0,0.27,closed,2025-08-11T21:10:43Z,2025-08-11T02:01:10Z
3c574ddd-1fcf-80a3-5b6d-cb8c3a87941b,6ff56816-fe29-52d9-7a57-76f58a2b7317,6843befe-0f4c-4a7c-991a-3225a17946c5,855000.0,0.19,closed,2025-08-11T00:26:53Z,2025-08-11T03:08:45Z
229d40b7-c462-ce56-c1f2-a096fb73a532,7ec78260-9aee-22c3-4e2f-6ba6b3fb3ad8,62190b56-fca4-bed7-afb7-e2ddb93c2a11,3100000.0,0.31,closed,2025-05-31T17:42:49Z,2025-05-31T19:34:38Z
84146bcb-5891-3595-97c2-3067a7973525,7ec78260-9aee-22c3-4e2f-6ba6b3fb3ad8,3a75d36b-1539-aa8b-5a81-914191e03b7a,1900000.0,0.19,closed,2025-05-31T00:07:10Z,2025-05-31T13:57:52Z
e7841916-fd27-3924-d6ba-6e53446906ba,7ec78260-9aee-22c3-4e2f-6ba6b3fb3ad8,a341033d-8d69-1b43-0a8d-c33b6f4829ee,5000000.0,0.5,closed,2025-05-31T16:19:07Z,2025-05-31T22:29:34Z
c2541af1-3fbe-80ff-884b-46fbe48359c5,56bc3018-5424-cd60-601f-60b109d5d67a,62190b56-fca4-bed7-afb7-e2ddb93c2a11,470000.0,0.47,active,2026-02-05T07:04:42Z,2026-02-05T20:55:05Z
bea79d44-3f37-f29c-e921-7d787c625373,56bc3018-5424-cd60-601f-60b109d5d67a,0253e03d-3031-4cfd-a104-256335fe5280,530000.0,0.53,active,2026-02-05T10:56:27Z,2026-02-05T12:13:19Z
ecc60997-81a8-cc40-1515-f3bfb0b689a7,fdc7bdb5-e2af-1aa2-34e7-e578510529f2,393dc164-d14e-bab5-494d-08e95ff6040c,25000000.0,1.0,active,2026-05-04T15:38:12Z,2026-05-04T13:48:34Z
3651b9d0-ebf1-ebca-869b-0fbf6c8335f2,cfdb42eb-d971-f720-d822-7089e49108b7,87164298-6f33-2815-1860-3bbbe144d17c,2500000.0,1.0,closed,2025-01-15T03:20:15Z,2025-01-15T16:51:59Z
ca55a23a-4705-7f31-05fa-ad161a9def5f,a7cbf873-3949-5237-cfbd-b661a3668e30,9ccb71bb-496f-0461-d577-9c4d626bd7a3,1650000.0,0.66,closed,2025-07-27T15:00:06Z,2025-07-27T16:41:25Z
25fd7ee8-47c6-9184-b8f5-a020d595b971,a7cbf873-3949-5237-cfbd-b661a3668e30,0253e03d-3031-4cfd-a104-256335fe5280,850000.0,0.34,closed,2025-07-27T04:11:53Z,2025-07-27T01:51:23Z
e3ba5f6e-ee58-4295-bb4f-0c50d4695bc2,f412f9d3-923d-7379-d8a9-af6b5643eb5f,edc97b5f-c7ec-8e28-c792-0e39e9179ed6,2000000.0,1.0,active,2025-06-15T03:33:23Z,2025-06-15T11:45:28Z
82850668-03f9-ad5c-a55a-b8b63ee3c5e7,76ee1029-b30c-3924-b84d-7de182d3e311,34fc6efb-cfab-9ebf-c628-f1b623474fd3,4500000.0,1.0,closed,2025-08-01T20:16:04Z,2025-08-01T23:16:38Z
9ef6d072-d274-ce54-8ac9-659d90b99db5,7adebd3f-6f38-6588-7506-7d3983748a99,8388de7f-2850-faaf-d107-5f01309fc847,750000.0,1.0,closed,2025-11-30T16:37:31Z,2025-11-30T05:28:17Z
558fc083-3628-f0df-253c-7eec6cd72fb5,9d4af862-71ba-9a2b-625d-06575076837f,e891659a-a241-1969-f96b-2440bf25700b,1250000.0,0.05,active,2026-02-03T09:53:34Z,2026-02-03T06:02:16Z
dfa90322-8131-a296-a076-74b164503a81,9d4af862-71ba-9a2b-625d-06575076837f,9ccb71bb-496f-0461-d577-9c4d626bd7a3,3000000.0,0.12,active,2026-02-03T08:24:41Z,2026-02-03T09:28:57Z
9a262b26-ade5-eaf2-7e50-f95aefc44a5a,9d4af862-71ba-9a2b-625d-06575076837f,9fdbc05b-f83d-d842-82b5-af2e761b2aa8,16750000.0,0.67,active,2026-02-03T14:28:16Z,2026-02-03T13:03:58Z
11cda425-d67b-e497-5e22-effb216d83cf,9d4af862-71ba-9a2b-625d-06575076837f,b7a85a9a-2177-338c-d5ee-c953f02dc1ee,4000000.0,0.16,active,2026-02-03T01:03:44Z,2026-02-03T12:22:19Z
ac572979-5f6c-322d-a4e4-68342a5362c3,c6cbb996-f09f-0c2e-cc6f-916fc8c8866a,64371d36-b2f5-0d34-e74b-b03760790d15,2500000.0,1.0,closed,2026-02-25T06:14:41Z,2026-02-25T15:42:19Z
01779085-9a54-96cf-6bef-7ae948d99c82,4d10e2f3-3321-bbc7-51f2-04eb11d1df9e,63d75a17-d7bd-fae4-139b-2cae84fb84f8,350000.0,0.14,closed,2025-02-25T12:27:00Z,2025-02-25T16:12:02Z
274ec47f-496a-625d-c2d0-42fc6622683b,4d10e2f3-3321-bbc7-51f2-04eb11d1df9e,44d95abd-1311-49b2-2f01-5d847c61cf8b,1825000.0,0.73,closed,2025-02-25T10:55:32Z,2025-02-25T02:01:20Z
7cca2523-da98-3415-1bdb-f37615241939,4d10e2f3-3321-bbc7-51f2-04eb11d1df9e,d98f6247-7f7d-56b0-1d8a-1bea7ab44331,50000.0,0.02,closed,2025-02-25T02:09:40Z,2025-02-25T14:59:49Z
bde07c83-eb25-24cd-d248-ab182f8c9285,4d10e2f3-3321-bbc7-51f2-04eb11d1df9e,73e46a7f-fe78-ea20-e41b-66d413c6bbdc,275000.0,0.11,closed,2025-02-25T03:27:32Z,2025-02-25T07:42:18Z
f3db0df5-bac7-b6c8-5c32-7057fb74f652,7537c0d1-18ba-3c49-bc2e-97a3e5fd15c2,d5ad07d2-1a91-c891-6a39-e46e1b009e60,162000.0,0.12,closed,2026-04-26T05:51:40Z,2026-04-26T01:28:06Z
5a6fc86b-4167-b187-8a5a-c76f8673105e,7537c0d1-18ba-3c49-bc2e-97a3e5fd15c2,edc97b5f-c7ec-8e28-c792-0e39e9179ed6,891000.0,0.66,closed,2026-04-26T03:30:18Z,2026-04-26T09:30:42Z
0860ade9-8164-2eb0-0112-fdb97a7257f2,7537c0d1-18ba-3c49-bc2e-97a3e5fd15c2,a341033d-8d69-1b43-0a8d-c33b6f4829ee,297000.0,0.22,closed,2026-04-26T05:24:40Z,2026-04-26T22:07:55Z
6973a7f5-b442-e506-dd8b-acd56b511b76,29a36e2a-6ffc-23cc-52c8-b35b9420ac52,c7ea559f-3e47-235f-30e1-113a025c98e7,5000000.0,1.0,closed,2025-11-10T18:06:54Z,2025-11-10T12:36:37Z
637ef0a0-d386-42c4-05b9-8880752f7730,5c861f02-40d5-8a2e-ba6f-5c910b16e78c,0253e03d-3031-4cfd-a104-256335fe5280,2000000.0,1.0,closed,2025-11-30T04:02:06Z,2025-11-30T03:28:53Z
ceab0392-4d0e-677a-d1f5-27863dad21fb,a5205476-aee7-7ebb-86d9-c1d657ac6409,e891659a-a241-1969-f96b-2440bf25700b,520000.0,0.26,closed,2025-02-08T06:31:36Z,2025-02-08T13:36:50Z
057fc460-aa6a-9d6e-90f5-ef2b6d515493,a5205476-aee7-7ebb-86d9-c1d657ac6409,b7a85a9a-2177-338c-d5ee-c953f02dc1ee,280000.0,0.14,closed,2025-02-08T08:16:20Z,2025-02-08T04:38:46Z
a432fb00-7bb8-e6c4-e309-e497eb13cee1,a5205476-aee7-7ebb-86d9-c1d657ac6409,16b8e48d-401b-ccf1-053a-0559d02deec9,1200000.0,0.6,closed,2025-02-08T11:07:51Z,2025-02-08T02:31:38Z
45a8e77f-5674-7c63-956c-d2e94b9f74db,ee7c2d49-44d4-ce32-8d9c-23122d038b70,735c05fb-965e-7232-1dcb-c80ce7e7fdfc,1725000.0,0.69,closed,2025-09-08T02:42:31Z,2025-09-08T13:16:31Z
137b306f-c45c-2cb7-e86b-30418f90395b,ee7c2d49-44d4-ce32-8d9c-23122d038b70,0253e03d-3031-4cfd-a104-256335fe5280,775000.0,0.31,closed,2025-09-08T15:14:18Z,2025-09-08T13:19:41Z
681e8d7b-7d28-af56-0f6e-17d59b12ed81,69f7305d-dc27-ed59-8e53-01a89d1b00bc,ba166c5c-caa5-2d42-ef20-0cfcd93d5237,2900000.0,0.58,closed,2025-09-27T15:18:26Z,2025-09-27T04:55:30Z
24f87ce1-470e-6702-b43a-79178c5395e5,69f7305d-dc27-ed59-8e53-01a89d1b00bc,6843befe-0f4c-4a7c-991a-3225a17946c5,2100000.0,0.42,closed,2025-09-27T03:44:45Z,2025-09-27T01:59:03Z
9defb589-565a-90d6-0f15-492300c9d799,0f18fd2d-07ae-c9cf-d267-b37d778e9094,f514cb3c-37bd-fdd4-f9ec-8cb35c265d31,2000000.0,1.0,closed,2025-09-17T21:24:36Z,2025-09-17T13:20:35Z
5400b047-f659-5fc8-ef5c-39ea0374606d,a61f4911-2037-ddb6-c9c9-aa14fcaddd95,d3b121f0-1746-edc7-78a1-a2bbf278b89d,1000000.0,1.0,active,2026-07-12T03:00:22Z,2026-07-12T13:07:10Z
fed7a9a3-d98b-eaba-f2cc-38e347226718,2321f889-aae0-59fc-e83f-e309f7164106,fba26db6-57e3-6ecf-c45c-a20044e2721f,67500.0,0.09,closed,2026-01-07T13:13:27Z,2026-01-07T20:18:00Z
3b55a12f-41c4-1f61-99e1-ad0016d8714f,2321f889-aae0-59fc-e83f-e309f7164106,3a75d36b-1539-aa8b-5a81-914191e03b7a,397500.0,0.53,closed,2026-01-07T04:47:22Z,2026-01-07T15:05:59Z
9ca2c477-04d3-0bf2-c5fe-28f4d72f02f2,2321f889-aae0-59fc-e83f-e309f7164106,9fdbc05b-f83d-d842-82b5-af2e761b2aa8,285000.0,0.38,closed,2026-01-07T21:18:47Z,2026-01-07T04:20:05Z
94f26531-4ec0-416f-d13d-f855b8a13f36,4392e06b-fb69-5664-9178-f552956333bb,d6efe797-ffed-99e7-c270-c7ca421d9118,1000000.0,1.0,closed,2025-03-11T20:43:04Z,2025-03-11T02:10:25Z
32e58fec-5b18-c3a3-2698-7dc6b1527c0a,64bc636d-3629-3341-8cf0-97861789f4a4,d98f6247-7f7d-56b0-1d8a-1bea7ab44331,2000000.0,1.0,active,2026-05-05T16:51:31Z,2026-05-05T10:32:38Z
cc045965-896a-bc7a-dac2-3ddffc1b7f66,d676ef0b-8d6f-cc00-4bf9-6e40ef99be33,253978b2-6ed2-6fca-d7be-86ef9cc24a68,2200000.0,0.22,closed,2025-03-24T09:45:08Z,2025-03-24T02:48:57Z
f1bf0c25-bc2d-c102-87a0-57fc1b7b1992,d676ef0b-8d6f-cc00-4bf9-6e40ef99be33,cff60f81-a3f8-56ad-213f-066274dc5c45,4600000.0,0.46,closed,2025-03-24T15:53:06Z,2025-03-24T05:23:13Z
d9be26dd-65c8-9258-f6b7-a36aa3859244,d676ef0b-8d6f-cc00-4bf9-6e40ef99be33,b7a85a9a-2177-338c-d5ee-c953f02dc1ee,200000.0,0.02,closed,2025-03-24T19:33:10Z,2025-03-24T17:31:10Z
9b3f4141-a193-e29d-630d-5bd7856e68d1,d676ef0b-8d6f-cc00-4bf9-6e40ef99be33,ba166c5c-caa5-2d42-ef20-0cfcd93d5237,3000000.0,0.3,closed,2025-03-24T06:19:55Z,2025-03-24T12:31:38Z
c697a905-8d71-3333-c52d-5b2930f01135,b7eb14e8-7343-8002-bf51-aa5a6a3c3b2a,eeaa3d41-677e-dd48-6721-7c7de401203a,850000.0,0.85,active,2026-05-25T01:47:34Z,2026-05-25T01:36:18Z
b230319b-8b54-e423-a68a-6e1fad98ef2d,b7eb14e8-7343-8002-bf51-aa5a6a3c3b2a,16b8e48d-401b-ccf1-053a-0559d02deec9,150000.0,0.15,active,2026-05-25T19:05:16Z,2026-05-25T17:44:06Z
c3fc8434-8286-1359-1717-7b766aa2d74c,8a7ee81c-7c5b-02a4-a1c9-cb1a281bc900,32583a5a-a26b-ad52-8156-25717c3f2e93,170000.0,0.34,closed,2025-01-18T14:42:06Z,2025-01-18T09:59:36Z
08b06911-1044-7346-677d-27444cc4e67c,8a7ee81c-7c5b-02a4-a1c9-cb1a281bc900,d6efe797-ffed-99e7-c270-c7ca421d9118,330000.0,0.66,closed,2025-01-18T13:48:06Z,2025-01-18T00:45:44Z
2c52a1ea-49b5-d97c-b44b-3605af740f99,6fec75e2-8239-ab54-b526-22a158250267,396d8df1-6ea3-05d9-3964-b226e445d185,1650000.0,0.44,closed,2025-06-14T22:55:49Z,2025-06-14T10:45:02Z
1fba3255-e35e-261b-0d4b-fb883b248f97,6fec75e2-8239-ab54-b526-22a158250267,3d67ff3a-3b07-ad70-11f8-a09cfa601dc6,2100000.0,0.56,closed,2025-06-14T13:33:48Z,2025-06-14T00:26:43Z
c71b719f-8afa-5ef3-2a1d-24a9ff03f91a,39976ff3-7070-6914-58d7-58a66d292a04,77044e39-4e56-1e71-0143-0b8849d36c31,1140000.0,0.76,closed,2025-06-29T00:34:07Z,2025-06-29T22:19:13Z
99da111d-bb06-90cc-06cb-e6aa695372d6,39976ff3-7070-6914-58d7-58a66d292a04,f15ee274-5de1-9169-4ded-c3e333890022,360000.0,0.24,closed,2025-06-29T01:34:25Z,2025-06-29T03:19:31Z
eea59d62-d397-2d60-df9f-062dec58314a,35935a72-1f21-4e52-586f-38e647b9ef7d,03b188cb-0e2f-76cc-3e65-105125a81b18,205000.0,0.41,closed,2026-03-05T10:14:52Z,2026-03-05T05:54:05Z
ee588b60-a36b-2aa8-1318-360e15809b1e,35935a72-1f21-4e52-586f-38e647b9ef7d,2cae1100-0c80-fd16-8579-9d61c4d87b1e,45000.0,0.09,closed,2026-03-05T23:35:02Z,2026-03-05T03:39:33Z
317a1807-e85a-0756-21db-efe77e40ae2f,35935a72-1f21-4e52-586f-38e647b9ef7d,396d8df1-6ea3-05d9-3964-b226e445d185,185000.0,0.37,closed,2026-03-05T12:46:00Z,2026-03-05T03:00:25Z
7625377a-3c77-7178-7265-edbfea301f2d,35935a72-1f21-4e52-586f-38e647b9ef7d,338cefb5-4559-85cb-9536-92246ec971e2,65000.0,0.13,closed,2026-03-05T16:13:40Z,2026-03-05T15:07:02Z
bb32f922-7755-a04f-94e3-69143f192786,67d5c895-b276-b6ca-4c74-b566b5c70ec4,974a1460-d12c-e0f9-fb24-0dc7ecac31d3,285000.0,0.57,closed,2025-10-14T18:47:05Z,2025-10-14T22:06:20Z
8e235b0b-d91d-a0d7-45ba-288c563d7cd6,67d5c895-b276-b6ca-4c74-b566b5c70ec4,9fdbc05b-f83d-d842-82b5-af2e761b2aa8,215000.0,0.43,closed,2025-10-14T13:42:14Z,2025-10-14T10:19:34Z
8bbd07df-df3f-5018-70bc-d004ffba62ee,720f8eb2-fc43-f1bc-7e03-5f4c8fc069f8,405783c5-cb27-c84f-5a04-ec24779d04a8,2000000.0,1.0,closed,2025-07-02T20:08:08Z,2025-07-02T05:02:51Z
73807c95-2561-33b9-e4e4-15d15614fc42,2a3f70ab-0660-ba40-8c42-0859db594869,d3b121f0-1746-edc7-78a1-a2bbf278b89d,265000.0,0.53,closed,2026-03-07T00:17:35Z,2026-03-07T02:59:58Z
5ca16b0f-db21-c638-a1b2-b6771a2b378f,2a3f70ab-0660-ba40-8c42-0859db594869,d6efe797-ffed-99e7-c270-c7ca421d9118,235000.0,0.47,closed,2026-03-07T15:56:24Z,2026-03-07T07:00:47Z
44220137-bb81-61e8-aa44-be91e087c6b3,5a56714f-3795-0305-f50a-364d35da0a75,cff60f81-a3f8-56ad-213f-066274dc5c45,23000000.0,0.92,active,2026-05-05T03:41:15Z,2026-05-05T09:23:48Z
2cb962ab-e958-d2cc-1119-9f296563016d,5a56714f-3795-0305-f50a-364d35da0a75,3a75d36b-1539-aa8b-5a81-914191e03b7a,2000000.0,0.08,active,2026-05-05T12:19:10Z,2026-05-05T00:24:24Z
f9dbae84-7c98-6d9b-10ff-6a8a33a2906c,5c0abbea-2660-fa9b-c141-d4e29430c0f9,62190b56-fca4-bed7-afb7-e2ddb93c2a11,18000000.0,0.36,closed,2025-11-16T23:05:19Z,2025-11-16T17:07:14Z
3a14f289-78fd-aee5-c45f-3960434eee54,5c0abbea-2660-fa9b-c141-d4e29430c0f9,ba166c5c-caa5-2d42-ef20-0cfcd93d5237,4500000.0,0.09,closed,2025-11-16T21:48:02Z,2025-11-16T06:18:55Z
37465b20-107e-24cb-7089-75c97285fd16,5c0abbea-2660-fa9b-c141-d4e29430c0f9,974a1460-d12c-e0f9-fb24-0dc7ecac31d3,12000000.0,0.24,closed,2025-11-16T13:31:35Z,2025-11-16T07:25:31Z
401d5263-744f-5cbe-ea61-7df55a2a6950,5c0abbea-2660-fa9b-c141-d4e29430c0f9,e05af7f8-0b78-2752-0386-aa76d7f217c6,15500000.0,0.31,closed,2025-11-16T06:45:20Z,2025-11-16T23:17:51Z
fb53c509-cf73-2b1f-f7ee-2a2b27a8c1c2,5cea9433-1623-21d9-8cd4-3c66c5c3fc44,16b8e48d-401b-ccf1-053a-0559d02deec9,5000000.0,1.0,closed,2025-06-27T14:57:02Z,2025-06-27T16:24:56Z
724e366a-ff5b-dffd-75b0-3fa452c70adc,606f40db-ef77-abb1-acb7-ca1adc52efd7,f514cb3c-37bd-fdd4-f9ec-8cb35c265d31,2250000.0,0.9,closed,2025-07-31T20:29:09Z,2025-07-31T20:00:34Z
4c36e0bd-78ca-29b8-c415-8d8804a2e76c,606f40db-ef77-abb1-acb7-ca1adc52efd7,00fb3966-d6ed-a1b4-9ef7-6347b2eb9319,250000.0,0.1,closed,2025-07-31T10:06:45Z,2025-07-31T02:22:51Z
d2a172b7-58e4-cfe4-ea49-3ab9d2fa930a,4a3775ca-ed06-0ee3-1d70-1be2b11b9a5b,34ef1ccd-d38b-838c-fd81-78a1cc4775c1,3680000.0,0.46,closed,2025-05-21T20:00:02Z,2025-05-21T05:46:10Z
3c6b6400-47db-a0ef-6b59-7f90db30ded0,4a3775ca-ed06-0ee3-1d70-1be2b11b9a5b,00fb3966-d6ed-a1b4-9ef7-6347b2eb9319,560000.0,0.07,closed,2025-05-21T23:23:02Z,2025-05-21T21:16:59Z
ba4a6904-c4ec-4baf-03b9-6409f7bc7b44,4a3775ca-ed06-0ee3-1d70-1be2b11b9a5b,c7ea559f-3e47-235f-30e1-113a025c98e7,2560000.0,0.32,closed,2025-05-21T16:41:16Z,2025-05-21T03:35:10Z
82dc6456-7926-82be-a73d-71e228936c0b,4a3775ca-ed06-0ee3-1d70-1be2b11b9a5b,e05af7f8-0b78-2752-0386-aa76d7f217c6,1200000.0,0.15,closed,2025-05-21T01:25:25Z,2025-05-21T22:51:30Z
c4ac9db5-cf6f-b874-0eb0-027fe32a5093,749c52c1-ed77-a4ad-8aef-99c245d73a6d,e05af7f8-0b78-2752-0386-aa76d7f217c6,555000.0,0.37,closed,2025-01-09T18:15:53Z,2025-01-09T22:30:44Z
1273eb58-4220-705a-7e4b-6a90b0d4b02f,749c52c1-ed77-a4ad-8aef-99c245d73a6d,405783c5-cb27-c84f-5a04-ec24779d04a8,945000.0,0.63,closed,2025-01-09T07:52:15Z,2025-01-09T08:18:51Z
2911643e-1937-e8e2-eeeb-c7a4cae903d0,df82fc5a-5cb2-8d60-f22b-71e394793849,cff60f81-a3f8-56ad-213f-066274dc5c45,5700000.0,0.76,closed,2025-04-08T01:10:41Z,2025-04-08T03:50:39Z
d3b890ba-5beb-133c-d6da-5afbc29f6bab,df82fc5a-5cb2-8d60-f22b-71e394793849,e4732d6f-c6f8-c343-9a06-fb71325193bc,1800000.0,0.24,closed,2025-04-08T07:08:55Z,2025-04-08T10:01:24Z
e8b2a4a6-ddc6-e991-662f-73c98a2957f5,b58b5c79-696f-5c48-d38f-4eeb88d0acae,d3b121f0-1746-edc7-78a1-a2bbf278b89d,21500000.0,0.43,closed,2025-11-26T19:48:43Z,2025-11-26T08:04:12Z
63535f77-556b-3159-789c-75076f5df8c2,b58b5c79-696f-5c48-d38f-4eeb88d0acae,77044e39-4e56-1e71-0143-0b8849d36c31,3000000.0,0.06,closed,2025-11-26T03:21:29Z,2025-11-26T11:26:12Z
98be4b61-6380-15a5-e7cb-9366d83eac1b,b58b5c79-696f-5c48-d38f-4eeb88d0acae,34fc6efb-cfab-9ebf-c628-f1b623474fd3,25500000.0,0.51,closed,2025-11-26T15:40:06Z,2025-11-26T12:48:49Z
84c5edc5-7f38-22aa-0dc5-884533f55a19,34e2869a-a314-edb3-2eca-690ca2416baf,64371d36-b2f5-0d34-e74b-b03760790d15,4140000.0,0.92,closed,2025-08-01T13:49:58Z,2025-08-01T00:57:49Z
e10152f7-f10e-9ce2-c6ec-197026641ab0,34e2869a-a314-edb3-2eca-690ca2416baf,9ccb71bb-496f-0461-d577-9c4d626bd7a3,360000.0,0.08,closed,2025-08-01T17:54:13Z,2025-08-01T19:10:57Z
8e8545a2-982c-38ab-bcd1-56a85835c049,2bd48584-7a59-16fc-6f21-17804aaec690,d6a5ce23-7a4f-9357-27ad-2860dbeb787a,3500000.0,0.35,active,2026-07-26T13:42:57Z,2026-07-26T04:28:15Z
9ce435fb-79aa-9f67-a850-c7b3d16c7bf6,2bd48584-7a59-16fc-6f21-17804aaec690,64371d36-b2f5-0d34-e74b-b03760790d15,6500000.0,0.65,active,2026-07-26T02:35:38Z,2026-07-26T18:50:38Z
3ba26366-042f-4744-6efe-21f032464476,b04f86a6-014a-0486-509e-9bf043df96c9,f514cb3c-37bd-fdd4-f9ec-8cb35c265d31,3750000.0,1.0,closed,2026-05-15T08:29:27Z,2026-05-15T17:19:52Z
2c1f19d0-da9b-0a3b-7ddc-b3636fd00c4d,99c354e0-ca73-ab5d-1a92-1f25410ccc59,f514cb3c-37bd-fdd4-f9ec-8cb35c265d31,1550000.0,0.31,active,2026-05-26T22:34:51Z,2026-05-26T07:08:23Z
37752dc4-c75d-f8e8-4ffd-5f4b44f5ada4,99c354e0-ca73-ab5d-1a92-1f25410ccc59,d3b121f0-1746-edc7-78a1-a2bbf278b89d,3450000.0,0.69,active,2026-05-26T12:59:49Z,2026-05-26T13:08:40Z
b15ced7d-a1c1-2ae0-e044-c0b3aafb6975,2db95374-d8c7-389e-60c4-692f16ce5315,69d1eade-07c1-9cef-9d41-2a4bbbb7d2a4,360000.0,0.18,closed,2025-06-23T04:57:11Z,2025-06-23T16:01:06Z
2603a784-9f29-a492-1f3c-5d1349bfbab8,2db95374-d8c7-389e-60c4-692f16ce5315,0253e03d-3031-4cfd-a104-256335fe5280,1640000.0,0.82,closed,2025-06-23T03:13:46Z,2025-06-23T00:14:57Z
0997bd15-7b24-c67e-89fe-baa0f1c3f88f,6da8a790-5ae4-ec20-5fc1-3d68c369b750,16b8e48d-401b-ccf1-053a-0559d02deec9,7500000.0,0.3,closed,2025-09-30T04:46:34Z,2025-09-30T18:00:30Z
728fcb85-98b6-1934-6a17-f508012f40cb,6da8a790-5ae4-ec20-5fc1-3d68c369b750,393dc164-d14e-bab5-494d-08e95ff6040c,12000000.0,0.48,closed,2025-09-30T10:22:23Z,2025-09-30T02:22:45Z
50731585-a15a-67d1-b1ce-0f29f8b71c1d,6da8a790-5ae4-ec20-5fc1-3d68c369b750,968a3936-b9c7-ef5f-a1f1-7ffac470773e,250000.0,0.01,closed,2025-09-30T22:58:01Z,2025-09-30T22:47:39Z
85a52341-cd55-0ff4-41c2-78cd6de2f6a2,6da8a790-5ae4-ec20-5fc1-3d68c369b750,9ccb71bb-496f-0461-d577-9c4d626bd7a3,5250000.0,0.21,closed,2025-09-30T22:22:17Z,2025-09-30T14:06:27Z
2b0a7fba-8a75-de51-578b-6c7d05d4d3f9,ae6d1002-9935-8c0b-9dba-63156e7bc03f,968a3936-b9c7-ef5f-a1f1-7ffac470773e,47000000.0,0.94,active,2026-04-29T07:40:36Z,2026-04-29T05:09:36Z
ab0f2430-ea95-675f-bdf4-df8dde7de861,ae6d1002-9935-8c0b-9dba-63156e7bc03f,ba166c5c-caa5-2d42-ef20-0cfcd93d5237,3000000.0,0.06,active,2026-04-29T13:04:42Z,2026-04-29T08:32:45Z
c0ba63c7-569e-6965-69e7-3177e1b2e45f,b5b4e667-2340-11f0-de2a-813ccdda6d4e,c7ea559f-3e47-235f-30e1-113a025c98e7,175000.0,0.07,closed,2025-04-24T12:20:14Z,2025-04-24T22:45:15Z
ccf1f6f2-4cf0-043f-fa3f-ffe6d6436da4,b5b4e667-2340-11f0-de2a-813ccdda6d4e,32583a5a-a26b-ad52-8156-25717c3f2e93,175000.0,0.07,closed,2025-04-24T13:13:32Z,2025-04-24T19:32:23Z
9099bd32-59d8-3912-af0b-3ee9e49266e8,b5b4e667-2340-11f0-de2a-813ccdda6d4e,34ef1ccd-d38b-838c-fd81-78a1cc4775c1,625000.0,0.25,closed,2025-04-24T15:19:11Z,2025-04-24T05:08:54Z
17ad3066-ca68-fc8c-a3db-7d657c3cbf7e,b5b4e667-2340-11f0-de2a-813ccdda6d4e,338cefb5-4559-85cb-9536-92246ec971e2,1525000.0,0.61,closed,2025-04-24T20:01:51Z,2025-04-24T13:15:27Z
e00a6ef2-af66-fa03-35df-05bd0b5f7cf7,5badb3ca-d21f-8755-5f7d-feee4626fa30,a632394a-ad9d-4392-61f1-f98aebd5366d,120000.0,0.12,closed,2025-12-13T08:07:56Z,2025-12-13T10:49:28Z
d3bcb20e-5dfb-2aa2-987f-d790c95cfb54,5badb3ca-d21f-8755-5f7d-feee4626fa30,84035c53-1e48-0957-524d-b451052a7b60,270000.0,0.27,closed,2025-12-13T12:41:35Z,2025-12-13T08:08:00Z
ad761e52-a0cb-5fd1-42ce-e9e7dc930bdc,5badb3ca-d21f-8755-5f7d-feee4626fa30,03b188cb-0e2f-76cc-3e65-105125a81b18,160000.0,0.16,closed,2025-12-13T01:40:01Z,2025-12-13T19:15:15Z
df2652f9-8b80-54f7-a05d-ab548d427d90,5badb3ca-d21f-8755-5f7d-feee4626fa30,00fb3966-d6ed-a1b4-9ef7-6347b2eb9319,450000.0,0.45,closed,2025-12-13T09:27:01Z,2025-12-13T13:51:34Z
94190955-9187-6eab-3d85-a5d7cd59cf42,4d450081-aab7-f302-1a8b-d47d1f383317,374e3334-a734-fece-a0b8-7a4d3daa3da2,900000.0,1.0,closed,2026-01-18T11:47:21Z,2026-01-18T22:32:57Z
908ac0b7-aba1-f37f-1dee-92e00e0339e2,9d644d78-61f5-f48b-78f0-dbaa5d07b239,974a1460-d12c-e0f9-fb24-0dc7ecac31d3,504000.0,0.56,closed,2025-05-11T17:39:15Z,2025-05-11T06:49:17Z
581743e5-1fed-0970-3120-60763f54bcb2,9d644d78-61f5-f48b-78f0-dbaa5d07b239,ac7ae6fd-34bb-053f-aaf4-acc3bbe09f7c,9000.0,0.01,closed,2025-05-11T19:39:48Z,2025-05-11T16:23:59Z
eb9a424a-d9cb-ff40-534a-c6bc0e4db55e,9d644d78-61f5-f48b-78f0-dbaa5d07b239,405783c5-cb27-c84f-5a04-ec24779d04a8,387000.0,0.43,closed,2025-05-11T05:45:36Z,2025-05-11T09:42:17Z
ef1977a7-6ab0-b056-7bb1-784d7ea098cd,ea93f57e-97e2-5033-5506-d167df181578,69d1eade-07c1-9cef-9d41-2a4bbbb7d2a4,320000.0,0.16,closed,2025-02-18T22:00:15Z,2025-02-18T07:49:53Z
a3f4ff35-1338-84a6-e223-3683fe14befd,ea93f57e-97e2-5033-5506-d167df181578,40775ca4-0a08-d217-2617-a0c24694e10d,520000.0,0.26,closed,2025-02-18T06:49:44Z,2025-02-18T05:29:12Z
99ca6a7a-fce0-e6e3-fdaf-d51be812e6c4,ea93f57e-97e2-5033-5506-d167df181578,d5ad07d2-1a91-c891-6a39-e46e1b009e60,1160000.0,0.58,closed,2025-02-18T09:43:04Z,2025-02-18T05:57:30Z
3cd27083-e3ce-ccdd-0565-03068199e1b4,f5693d09-e544-2f98-f19e-7aed9a24bfc3,16b8e48d-401b-ccf1-053a-0559d02deec9,3500000.0,0.7,active,2026-04-28T18:41:27Z,2026-04-28T16:04:01Z
91140518-1876-7d3e-bea7-f52e80974b94,f5693d09-e544-2f98-f19e-7aed9a24bfc3,d43ba268-7b2e-2162-3bb7-decda8a37b1e,1200000.0,0.24,active,2026-04-28T23:44:26Z,2026-04-28T06:39:08Z
e1fcb154-57cf-7085-1785-03e19b7684bd,f5693d09-e544-2f98-f19e-7aed9a24bfc3,2ff40784-5523-c247-6740-8449359836a3,300000.0,0.06,active,2026-04-28T18:15:28Z,2026-04-28T17:45:51Z
c621aebb-056f-8538-90e3-a509591deff2,68338da0-b859-57c4-c12c-f174272b74c5,77044e39-4e56-1e71-0143-0b8849d36c31,16425000.0,0.73,closed,2025-07-27T09:42:04Z,2025-07-27T07:00:11Z
e07bc584-38aa-bf4d-19d9-f9448a8b8cc6,68338da0-b859-57c4-c12c-f174272b74c5,b7a85a9a-2177-338c-d5ee-c953f02dc1ee,6075000.0,0.27,closed,2025-07-27T08:16:41Z,2025-07-27T04:34:48Z
3b3cffd4-65f2-cdc6-9693-995b1b913c62,d6355f97-2697-58de-2c57-9e60a5be6216,5aa8996f-9362-21d7-26d9-d489532c0f34,460000.0,0.23,closed,2025-07-14T08:49:59Z,2025-07-14T23:21:36Z
bf62e364-4674-44b8-19ef-44056e08ff81,d6355f97-2697-58de-2c57-9e60a5be6216,c7ea559f-3e47-235f-30e1-113a025c98e7,1060000.0,0.53,closed,2025-07-14T11:43:59Z,2025-07-14T07:46:09Z
9efe713b-fde7-2ac4-dae7-0a5a7fbbe8c1,d6355f97-2697-58de-2c57-9e60a5be6216,0253e03d-3031-4cfd-a104-256335fe5280,180000.0,0.09,closed,2025-07-14T08:18:26Z,2025-07-14T10:36:42Z
ab11281a-89cc-a826-6c6e-a0a3fd1c722d,d6355f97-2697-58de-2c57-9e60a5be6216,e05af7f8-0b78-2752-0386-aa76d7f217c6,300000.0,0.15,closed,2025-07-14T06:27:57Z,2025-07-14T17:34:36Z
9cd9a936-cfb4-ced4-9ed8-c1df9d8c979a,9bda9335-2a41-966e-20ca-c0a9b2449caa,8388de7f-2850-faaf-d107-5f01309fc847,10000000.0,1.0,closed,2025-07-06T22:54:51Z,2025-07-06T11:28:30Z
42edc92c-4244-28c3-b362-9ad62b30d479,ca538e6c-14c1-94c7-3bde-39d46a8d08eb,c7ea559f-3e47-235f-30e1-113a025c98e7,1300000.0,0.13,closed,2025-04-08T06:08:26Z,2025-04-08T04:33:07Z
1cbbbde4-11b0-6a4a-9729-56a903594920,ca538e6c-14c1-94c7-3bde-39d46a8d08eb,d6efe797-ffed-99e7-c270-c7ca421d9118,1500000.0,0.15,closed,2025-04-08T01:37:31Z,2025-04-08T19:58:30Z
90dd6328-167f-3ba4-aafa-bddbec597aec,ca538e6c-14c1-94c7-3bde-39d46a8d08eb,a341033d-8d69-1b43-0a8d-c33b6f4829ee,1100000.0,0.11,closed,2025-04-08T12:03:27Z,2025-04-08T19:32:40Z
9853c981-87eb-863a-18f6-632e7517d135,ca538e6c-14c1-94c7-3bde-39d46a8d08eb,253978b2-6ed2-6fca-d7be-86ef9cc24a68,6100000.0,0.61,closed,2025-04-08T02:24:38Z,2025-04-08T21:59:32Z
f422adef-9c10-a62a-ece8-b24821af6425,4d2dfe2c-4ed3-a33f-03fd-aa60a98669dd,e4732d6f-c6f8-c343-9a06-fb71325193bc,500000.0,0.05,active,2025-11-21T16:20:48Z,2025-11-21T23:19:58Z
25acc26a-9541-d171-eb5b-5a14e4560d36,4d2dfe2c-4ed3-a33f-03fd-aa60a98669dd,974a1460-d12c-e0f9-fb24-0dc7ecac31d3,800000.0,0.08,active,2025-11-21T09:57:11Z,2025-11-21T16:55:50Z
cd90f1db-9af1-b55a-7d79-71f0af55f01e,4d2dfe2c-4ed3-a33f-03fd-aa60a98669dd,00fb3966-d6ed-a1b4-9ef7-6347b2eb9319,8100000.0,0.81,active,2025-11-21T09:23:51Z,2025-11-21T15:21:28Z
fa91a09d-10b1-daeb-a807-8836c4084128,4d2dfe2c-4ed3-a33f-03fd-aa60a98669dd,396d8df1-6ea3-05d9-3964-b226e445d185,600000.0,0.06,active,2025-11-21T07:09:09Z,2025-11-21T10:23:09Z
7a3f12aa-dc71-bdc4-e684-2190c9c7a2d0,d10cffbb-efa3-b08d-463f-7089780626bb,405783c5-cb27-c84f-5a04-ec24779d04a8,290000.0,0.29,closed,2026-05-28T08:58:01Z,2026-05-28T12:15:49Z
6db1ddf1-d632-7183-0e5f-96cf1b6c4a74,d10cffbb-efa3-b08d-463f-7089780626bb,d6efe797-ffed-99e7-c270-c7ca421d9118,330000.0,0.33,closed,2026-05-28T06:33:30Z,2026-05-28T22:13:48Z
06a1d0be-4f88-d90c-cc4f-ef008c74a3c4,d10cffbb-efa3-b08d-463f-7089780626bb,c7ea559f-3e47-235f-30e1-113a025c98e7,380000.0,0.38,closed,2026-05-28T06:35:17Z,2026-05-28T04:42:51Z
469710cc-a652-96e3-2531-149bad0b7351,c366d0a1-fd46-7161-1a66-6bfbe4fb669e,ac7ae6fd-34bb-053f-aaf4-acc3bbe09f7c,1500000.0,1.0,closed,2025-08-02T19:06:56Z,2025-08-02T21:52:28Z
8aeac01d-f487-af0b-61b2-cf5207963641,55c1ee73-3ea0-626d-d5c2-1a24c075834f,bea07f0a-a721-f4c5-85d0-ac30867247e8,281250.0,0.25,closed,2025-03-23T07:44:30Z,2025-03-23T09:03:21Z
68265f65-9639-04ca-c87a-cb857a8939f1,55c1ee73-3ea0-626d-d5c2-1a24c075834f,edc97b5f-c7ec-8e28-c792-0e39e9179ed6,45000.0,0.04,closed,2025-03-23T14:47:16Z,2025-03-23T01:49:53Z
1c4c83d0-8784-960a-3102-f058c0311877,55c1ee73-3ea0-626d-d5c2-1a24c075834f,6c798656-d455-db73-f9b0-d009e29e3a6d,652500.0,0.58,closed,2025-03-23T14:14:49Z,2025-03-23T10:56:31Z
8c615709-5dba-a78c-e83c-95085bc910e0,55c1ee73-3ea0-626d-d5c2-1a24c075834f,c4e4e575-195e-a4d3-8922-4217be26e7c6,146250.0,0.13,closed,2025-03-23T15:06:15Z,2025-03-23T13:53:53Z
2f71f4f4-c5b4-1fb8-e3e0-0eb5a76ca321,2e0ba5d4-5987-e082-af14-700bfac4b336,d6efe797-ffed-99e7-c270-c7ca421d9118,450000.0,0.09,closed,2025-03-17T20:59:10Z,2025-03-17T07:49:26Z
81a11368-4b60-b475-6e45-10c1cf0f2a37,2e0ba5d4-5987-e082-af14-700bfac4b336,c4e4e575-195e-a4d3-8922-4217be26e7c6,1200000.0,0.24,closed,2025-03-17T14:58:26Z,2025-03-17T14:49:56Z
23e1b027-4bf1-f431-9a5d-637c2e15af6f,2e0ba5d4-5987-e082-af14-700bfac4b336,6c798656-d455-db73-f9b0-d009e29e3a6d,1850000.0,0.37,closed,2025-03-17T08:46:25Z,2025-03-17T12:07:07Z
1f8b7b30-6913-0841-59a2-61b1b1785f80,2e0ba5d4-5987-e082-af14-700bfac4b336,396d8df1-6ea3-05d9-3964-b226e445d185,1500000.0,0.3,closed,2025-03-17T03:51:06Z,2025-03-17T17:52:11Z
53581176-b7bd-9a1f-393d-35d309a0b2e5,82942011-0835-8d54-d40e-f8e0af3b29af,c4e4e575-195e-a4d3-8922-4217be26e7c6,5000000.0,1.0,closed,2025-01-03T19:20:03Z,2025-01-03T06:53:45Z
32a77a8c-24fd-420a-2f0d-c8ffdd8cc557,44e1514c-eadf-0ce8-fdca-781157a2bdc8,ba166c5c-caa5-2d42-ef20-0cfcd93d5237,14750000.0,0.59,closed,2025-06-05T19:36:50Z,2025-06-05T01:37:28Z
49b350db-8524-bbc5-6b91-69d616a0fb30,44e1514c-eadf-0ce8-fdca-781157a2bdc8,87164298-6f33-2815-1860-3bbbe144d17c,10250000.0,0.41,closed,2025-06-05T21:31:18Z,2025-06-05T01:31:16Z
7257d800-4bd6-aab6-773c-8bdc06d7aa5b,8895f7bc-e303-ecc0-d291-8820458d7c5f,87164298-6f33-2815-1860-3bbbe144d17c,1000000.0,1.0,closed,2026-03-04T02:46:47Z,2026-03-04T14:41:28Z
66b2863c-c38e-9323-1bc4-5a03aa1dace8,f13e62f0-36fa-0905-2ce4-dcfb631e9688,e891659a-a241-1969-f96b-2440bf25700b,900000.0,0.45,active,2026-07-26T14:59:20Z,2026-07-26T14:27:33Z
396f93e2-6dbd-b04b-1ae9-726f7f37754d,f13e62f0-36fa-0905-2ce4-dcfb631e9688,16b8e48d-401b-ccf1-053a-0559d02deec9,60000.0,0.03,active,2026-07-26T01:52:41Z,2026-07-26T19:13:58Z
d29ad3ad-e692-6ac2-75ca-fdb8e7f6958b,f13e62f0-36fa-0905-2ce4-dcfb631e9688,ba166c5c-caa5-2d42-ef20-0cfcd93d5237,860000.0,0.43,active,2026-07-26T08:17:18Z,2026-07-26T07:28:38Z
8f769a08-90fa-094f-3191-b4605e89b392,f13e62f0-36fa-0905-2ce4-dcfb631e9688,77044e39-4e56-1e71-0143-0b8849d36c31,180000.0,0.09,active,2026-07-26T08:28:44Z,2026-07-26T20:59:17Z
438a42bb-168f-30c1-a234-a360e5f11d2d,ac5ae60b-8cd3-e1d8-a0b9-191d38dd8792,3d67ff3a-3b07-ad70-11f8-a09cfa601dc6,2000000.0,1.0,active,2026-03-31T00:41:43Z,2026-03-31T03:25:43Z
955f593b-4aa1-33f2-0d82-8e909ec0f38a,7e13a0f7-a22a-7996-f602-e92458cfb341,e05af7f8-0b78-2752-0386-aa76d7f217c6,1500000.0,1.0,closed,2025-11-29T23:24:09Z,2025-11-29T11:49:29Z
050d1ae6-4e9d-1b22-6992-bf7e8a125bf8,df35e84d-3323-19d3-c1cd-64a5e97d3a7b,63d75a17-d7bd-fae4-139b-2cae84fb84f8,10000000.0,1.0,closed,2025-06-17T14:22:30Z,2025-06-17T06:27:00Z
f5b5fca5-c071-f2cb-6aef-5f010518f930,9e2f77ef-2b77-5b80-6163-068a6a8a99db,258df6d0-c4e9-3633-1d88-1810c15dfbed,250000.0,0.1,closed,2025-11-25T03:01:47Z,2025-11-25T07:04:16Z
649474c6-eb6b-0e1b-ebae-67b325478082,9e2f77ef-2b77-5b80-6163-068a6a8a99db,8388de7f-2850-faaf-d107-5f01309fc847,2250000.0,0.9,closed,2025-11-25T13:37:03Z,2025-11-25T10:55:56Z
725c7d73-8ec0-231f-d447-e22a117651f7,6fa4c630-4208-8803-a577-af16a1e2995f,374e3334-a734-fece-a0b8-7a4d3daa3da2,395000.0,0.79,active,2026-07-30T19:58:53Z,2026-07-30T03:36:52Z
45903ee9-3cdd-9998-9d30-ce405bd1a376,6fa4c630-4208-8803-a577-af16a1e2995f,372c1aba-ef22-be6e-3b74-42ac0f22af6e,105000.0,0.21,active,2026-07-30T02:40:02Z,2026-07-30T04:59:25Z
69b30607-ab94-4225-e049-a1c84152574d,d829794a-4e4d-861f-7f40-f93f6c72f85c,84035c53-1e48-0957-524d-b451052a7b60,1365000.0,0.91,closed,2026-03-16T01:00:30Z,2026-03-16T19:08:40Z
c85f94e6-6e6a-bdb6-29fd-389b39c0cde9,d829794a-4e4d-861f-7f40-f93f6c72f85c,87164298-6f33-2815-1860-3bbbe144d17c,135000.0,0.09,closed,2026-03-16T05:12:59Z,2026-03-16T07:33:01Z
6e88d06a-0c29-3ca5-2f6d-f687b2306729,65e955b2-2dcd-2517-c208-fbfd385a0078,374e3334-a734-fece-a0b8-7a4d3daa3da2,630000.0,0.63,closed,2025-07-14T03:15:46Z,2025-07-14T17:14:10Z
5d3886a9-2dd5-9d69-5bc4-8641ed4a6a5b,65e955b2-2dcd-2517-c208-fbfd385a0078,84035c53-1e48-0957-524d-b451052a7b60,370000.0,0.37,closed,2025-07-14T13:09:02Z,2025-07-14T23:26:40Z
c8a5deba-2d4e-3a46-0c8f-0f2f26223b1c,64c28dfe-61c0-0f20-ff3f-263c7890a7f3,c4e4e575-195e-a4d3-8922-4217be26e7c6,2000000.0,1.0,closed,2025-12-11T21:39:59Z,2025-12-11T05:00:05Z
54fbd074-63c7-7177-ee82-27562f819a99,c1327c5e-21fc-a531-35d7-6c903c5e24fc,a632394a-ad9d-4392-61f1-f98aebd5366d,490000.0,0.49,closed,2026-06-05T11:47:09Z,2026-06-05T15:10:06Z
60625cad-e2c4-e148-c962-ea3a9315ec96,c1327c5e-21fc-a531-35d7-6c903c5e24fc,735c05fb-965e-7232-1dcb-c80ce7e7fdfc,180000.0,0.18,closed,2026-06-05T23:05:51Z,2026-06-05T23:01:07Z
989cf2cb-6777-7255-4ad5-c2547a27486c,c1327c5e-21fc-a531-35d7-6c903c5e24fc,9ccb71bb-496f-0461-d577-9c4d626bd7a3,330000.0,0.33,closed,2026-06-05T14:38:08Z,2026-06-05T17:23:42Z
a7991fde-8e52-a7c4-4e91-5ceb6c388218,85705ec0-7e04-03f0-648c-f14a74184086,a341033d-8d69-1b43-0a8d-c33b6f4829ee,440000.0,0.44,closed,2025-11-20T14:26:51Z,2025-11-20T08:14:25Z
d42169de-a296-32c3-db77-13709a54e72a,85705ec0-7e04-03f0-648c-f14a74184086,2ff40784-5523-c247-6740-8449359836a3,380000.0,0.38,closed,2025-11-20T00:25:27Z,2025-11-20T07:30:07Z
967c8417-0350-9593-a06c-f6654a430b84,85705ec0-7e04-03f0-648c-f14a74184086,374e3334-a734-fece-a0b8-7a4d3daa3da2,180000.0,0.18,closed,2025-11-20T16:20:09Z,2025-11-20T21:34:39Z
acea8228-c403-3654-a628-8222272ef7ca,883a9845-18cb-acdf-0636-56a853debde7,8388de7f-2850-faaf-d107-5f01309fc847,1000000.0,1.0,closed,2025-06-04T13:37:41Z,2025-06-04T18:04:06Z
4c2d5193-98de-372c-0dbe-619a2044f34d,45366c9c-dc15-f3ee-3ad1-e5b26f03c94e,16b8e48d-401b-ccf1-053a-0559d02deec9,10000000.0,1.0,closed,2025-11-04T07:24:29Z,2025-11-04T08:10:15Z
753717c6-2a6d-8b36-d722-9d27364b7ab9,05cd0c31-3e2a-0ae9-cd24-89b681f95752,d3b121f0-1746-edc7-78a1-a2bbf278b89d,351000.0,0.26,closed,2026-02-25T13:36:11Z,2026-02-25T03:31:23Z
297e482e-c163-9f28-784b-b238ac5bf2bc,05cd0c31-3e2a-0ae9-cd24-89b681f95752,a632394a-ad9d-4392-61f1-f98aebd5366d,324000.0,0.24,closed,2026-02-25T02:03:21Z,2026-02-25T19:21:27Z
cf9b0808-0b95-5932-0eec-30f0775223ac,05cd0c31-3e2a-0ae9-cd24-89b681f95752,c7ea559f-3e47-235f-30e1-113a025c98e7,675000.0,0.5,closed,2026-02-25T22:23:18Z,2026-02-25T11:48:28Z
d1e34235-f83c-1fc1-69ca-bb3d5d894821,a4ad756e-76c1-62ad-5d2e-eba7291f55db,f514cb3c-37bd-fdd4-f9ec-8cb35c265d31,128000.0,0.08,active,2026-07-03T04:42:54Z,2026-07-03T04:28:09Z
bb92503f-3644-d261-0f3f-383d3efddc89,a4ad756e-76c1-62ad-5d2e-eba7291f55db,c4e4e575-195e-a4d3-8922-4217be26e7c6,1184000.0,0.74,active,2026-07-03T08:38:21Z,2026-07-03T20:20:46Z
c7cce85f-8a84-b023-077e-29b215301171,a4ad756e-76c1-62ad-5d2e-eba7291f55db,bea07f0a-a721-f4c5-85d0-ac30867247e8,288000.0,0.18,active,2026-07-03T07:52:54Z,2026-07-03T09:18:38Z
01d9843a-2f33-0ee3-b279-e8dc10233a77,f8358a57-29c4-d360-c621-ece21fe3a649,0253e03d-3031-4cfd-a104-256335fe5280,820000.0,0.82,closed,2025-01-22T03:07:04Z,2025-01-22T00:58:33Z
d19a073e-ae7b-7777-1888-7598dc4d8eb1,f8358a57-29c4-d360-c621-ece21fe3a649,374e3334-a734-fece-a0b8-7a4d3daa3da2,180000.0,0.18,closed,2025-01-22T14:58:07Z,2025-01-22T20:24:56Z
5438e63c-e64a-8680-7808-120cef6302db,14746cfd-149b-2e0a-dd70-b412e4400fd9,44d95abd-1311-49b2-2f01-5d847c61cf8b,1245000.0,0.83,closed,2025-02-15T08:39:23Z,2025-02-15T20:47:22Z
ba529ef1-de54-a540-b7b7-2c95339a3b8d,14746cfd-149b-2e0a-dd70-b412e4400fd9,393dc164-d14e-bab5-494d-08e95ff6040c,255000.0,0.17,closed,2025-02-15T01:22:50Z,2025-02-15T22:32:58Z
3522bbf1-5b0a-d1b6-74fe-33e60c5c67fd,ed5271f2-68a2-e324-6be6-07d802f858ae,a341033d-8d69-1b43-0a8d-c33b6f4829ee,3300000.0,0.33,closed,2025-12-17T11:06:58Z,2025-12-17T10:40:51Z
d05f4542-d354-d106-8f2b-a158578e1441,ed5271f2-68a2-e324-6be6-07d802f858ae,40775ca4-0a08-d217-2617-a0c24694e10d,4300000.0,0.43,closed,2025-12-17T23:18:56Z,2025-12-17T13:33:47Z
5ac3192f-aeab-d73c-89a6-8a9a26db4268,ed5271f2-68a2-e324-6be6-07d802f858ae,735c05fb-965e-7232-1dcb-c80ce7e7fdfc,2400000.0,0.24,closed,2025-12-17T22:03:48Z,2025-12-17T10:56:54Z
28aadd92-26e4-1e07-570b-82eac48b2045,8d133424-6cd3-3f24-17bb-9663f19b76ec,d5ad07d2-1a91-c891-6a39-e46e1b009e60,400000.0,0.08,closed,2025-12-04T10:51:32Z,2025-12-04T19:18:33Z
ce90459c-58d8-c0b7-f9e9-cd88b95cf8e2,8d133424-6cd3-3f24-17bb-9663f19b76ec,e05af7f8-0b78-2752-0386-aa76d7f217c6,400000.0,0.08,closed,2025-12-04T01:56:03Z,2025-12-04T04:15:26Z
4e4f4e2b-87f5-e476-9fe5-dda39f28459d,8d133424-6cd3-3f24-17bb-9663f19b76ec,73e46a7f-fe78-ea20-e41b-66d413c6bbdc,2950000.0,0.59,closed,2025-12-04T17:14:35Z,2025-12-04T01:14:33Z
48674385-17ca-87bc-5472-e1b096150eb3,8d133424-6cd3-3f24-17bb-9663f19b76ec,fba26db6-57e3-6ecf-c45c-a20044e2721f,1250000.0,0.25,closed,2025-12-04T18:10:13Z,2025-12-04T05:54:00Z
af90b4a6-0f2d-e1ee-041c-cad2fb1ab908,e831954d-9f5f-440e-dbe1-ae9f3ac1ff80,64371d36-b2f5-0d34-e74b-b03760790d15,190000.0,0.38,closed,2025-06-26T02:38:16Z,2025-06-26T18:03:21Z
12bc7f4e-34b2-a607-3e0c-a91efae04481,e831954d-9f5f-440e-dbe1-ae9f3ac1ff80,6843befe-0f4c-4a7c-991a-3225a17946c5,310000.0,0.62,closed,2025-06-26T08:33:10Z,2025-06-26T07:22:51Z
2821cd93-c6de-d670-dc8a-370af8a5cc03,eec727dc-924d-e5ab-13d3-b962a655ea37,ba166c5c-caa5-2d42-ef20-0cfcd93d5237,1500000.0,1.0,closed,2026-05-22T08:57:07Z,2026-05-22T03:50:38Z
46ca0985-abc9-a48a-7aa9-dd23608bd770,4fa601d7-d9b6-c16b-0299-21c406344d49,87164298-6f33-2815-1860-3bbbe144d17c,1365000.0,0.91,closed,2025-06-01T07:47:23Z,2025-06-01T02:16:31Z
683bf2b7-079f-7c6b-6097-f45f970f3cef,4fa601d7-d9b6-c16b-0299-21c406344d49,bd914b51-617d-41f1-0c84-949b47bcba26,135000.0,0.09,closed,2025-06-01T11:19:53Z,2025-06-01T11:47:09Z
fc5f4794-fd25-d7a0-a3fa-9d64c656ef9c,29a138e7-96d2-a0fd-3f3d-c5ea0ff936e4,9ccb71bb-496f-0461-d577-9c4d626bd7a3,1840000.0,0.92,active,2026-03-19T03:58:53Z,2026-03-19T19:44:45Z
d254247b-be4e-f2d3-2a2f-067bd007fc10,29a138e7-96d2-a0fd-3f3d-c5ea0ff936e4,40775ca4-0a08-d217-2617-a0c24694e10d,160000.0,0.08,active,2026-03-19T03:57:03Z,2026-03-19T18:27:52Z
587e3efd-6ef8-e7fb-835f-805d10fd8bd4,842d7fe7-a8f6-f060-50f9-60ba8ea25b04,6c798656-d455-db73-f9b0-d009e29e3a6d,378000.0,0.28,active,2026-05-22T09:10:10Z,2026-05-22T01:59:31Z
62654c17-2415-e58f-370c-99bc1f11ed2c,842d7fe7-a8f6-f060-50f9-60ba8ea25b04,a632394a-ad9d-4392-61f1-f98aebd5366d,310500.0,0.23,active,2026-05-22T06:55:33Z,2026-05-22T12:53:08Z
f14dbfcb-e7cf-2b45-d547-f93d7dbd3204,842d7fe7-a8f6-f060-50f9-60ba8ea25b04,253978b2-6ed2-6fca-d7be-86ef9cc24a68,297000.0,0.22,active,2026-05-22T14:41:19Z,2026-05-22T01:13:36Z
47e4f633-d5d9-5b78-0d68-75b95b95e868,842d7fe7-a8f6-f060-50f9-60ba8ea25b04,40775ca4-0a08-d217-2617-a0c24694e10d,364500.0,0.27,active,2026-05-22T12:54:05Z,2026-05-22T14:43:00Z
da40d383-5d85-5163-1688-4469259e1bbe,41cb5465-8867-f50f-74f0-07d4b386b548,ac7ae6fd-34bb-053f-aaf4-acc3bbe09f7c,230000.0,0.46,closed,2025-06-27T19:36:24Z,2025-06-27T03:50:45Z
59573535-fc3d-15c2-526d-e893bf6941a3,41cb5465-8867-f50f-74f0-07d4b386b548,f15ee274-5de1-9169-4ded-c3e333890022,270000.0,0.54,closed,2025-06-27T22:33:36Z,2025-06-27T21:31:49Z
dbbbd3f6-3db9-be69-00b4-519b73589b60,8874ec74-3b5a-bb6e-caac-474a6bd11ec3,34fc6efb-cfab-9ebf-c628-f1b623474fd3,1125000.0,1.0,closed,2026-05-20T17:42:31Z,2026-05-20T03:41:56Z
34ce1fbb-7ea2-ac69-4277-5e042eeac170,e0a1d443-3dd3-4bff-a245-b7bcd24e9e50,338cefb5-4559-85cb-9536-92246ec971e2,1530000.0,0.85,active,2026-04-16T03:07:25Z,2026-04-16T07:44:19Z
403259fb-186c-354d-a1ec-f2e0538a202e,e0a1d443-3dd3-4bff-a245-b7bcd24e9e50,e4732d6f-c6f8-c343-9a06-fb71325193bc,108000.0,0.06,active,2026-04-16T15:46:40Z,2026-04-16T01:59:46Z
8c624c8a-b6d8-235a-28ab-a38e6d6e0867,e0a1d443-3dd3-4bff-a245-b7bcd24e9e50,258df6d0-c4e9-3633-1d88-1810c15dfbed,162000.0,0.09,active,2026-04-16T18:40:52Z,2026-04-16T04:17:02Z
00e3829b-cf93-9ce9-ddc8-ddea8476ec42,ccb546f9-ef11-958e-c9ae-b34fa43a4fcc,cff60f81-a3f8-56ad-213f-066274dc5c45,1880000.0,0.94,closed,2025-01-22T15:26:40Z,2025-01-22T11:30:36Z
565ed5f2-622d-92bf-a84c-e1d49281b0dc,ccb546f9-ef11-958e-c9ae-b34fa43a4fcc,ba166c5c-caa5-2d42-ef20-0cfcd93d5237,120000.0,0.06,closed,2025-01-22T09:13:08Z,2025-01-22T10:56:58Z
9c144b84-ab42-4678-0273-a896ce491b8a,0521fe27-31fc-61f5-91fc-dc2652fdf879,3a75d36b-1539-aa8b-5a81-914191e03b7a,2000000.0,0.4,active,2025-12-24T01:45:15Z,2025-12-24T10:09:01Z
2d2a5a6b-9803-817b-b90b-f29ba8cb73f9,0521fe27-31fc-61f5-91fc-dc2652fdf879,735c05fb-965e-7232-1dcb-c80ce7e7fdfc,350000.0,0.07,active,2025-12-24T14:28:05Z,2025-12-24T10:47:31Z
b40da8d3-064b-4667-ea54-ef6e20240341,0521fe27-31fc-61f5-91fc-dc2652fdf879,405783c5-cb27-c84f-5a04-ec24779d04a8,2650000.0,0.53,active,2025-12-24T11:07:57Z,2025-12-24T04:06:28Z
683d1f93-7924-6f25-7517-7ac377a0f12a,0221a0a2-de5c-f254-8189-a277699a1007,f2db32a0-0bb6-6a5c-9802-62bf101aab6e,480000.0,0.64,closed,2026-06-15T21:27:52Z,2026-06-15T20:15:27Z
13f5e1b9-b047-d09d-70b8-7a625f8ed025,0221a0a2-de5c-f254-8189-a277699a1007,f15ee274-5de1-9169-4ded-c3e333890022,270000.0,0.36,closed,2026-06-15T06:04:02Z,2026-06-15T03:38:30Z
64e635be-236f-2786-b970-c4836df445ac,35e479d5-abfa-ab2a-33f1-ddcdf019282e,ba166c5c-caa5-2d42-ef20-0cfcd93d5237,1500000.0,0.3,closed,2025-10-30T15:54:48Z,2025-10-30T05:33:07Z
6e66d803-c360-2401-277c-4312d9b8f3e2,35e479d5-abfa-ab2a-33f1-ddcdf019282e,9fdbc05b-f83d-d842-82b5-af2e761b2aa8,3500000.0,0.7,closed,2025-10-30T06:50:34Z,2025-10-30T16:01:21Z
8326a9fc-4826-84c6-d45c-ef8f3b77476a,b1552cb0-0d51-c509-e6b0-821d71a76cec,d98f6247-7f7d-56b0-1d8a-1bea7ab44331,25000000.0,1.0,closed,2025-09-06T11:17:52Z,2025-09-06T08:53:25Z
dfeca097-aed6-0936-cd59-39023ee0f25c,4e32286d-3618-bfbf-b1f3-f758b6f2f8dc,f514cb3c-37bd-fdd4-f9ec-8cb35c265d31,1000000.0,1.0,closed,2025-04-24T14:37:30Z,2025-04-24T10:31:26Z
6d7f315d-c9dd-9a31-2ec1-6c741f81968d,6565a2c6-ab36-22ee-3409-7158f65c06fd,16b8e48d-401b-ccf1-053a-0559d02deec9,5000000.0,1.0,active,2026-06-07T23:03:02Z,2026-06-07T03:15:53Z
2354e0f6-c838-d9de-058a-b119e173bcb6,c6b0e699-0ea1-c1de-aecd-8e2a995799a0,73e46a7f-fe78-ea20-e41b-66d413c6bbdc,810000.0,0.36,closed,2025-10-04T09:27:01Z,2025-10-04T07:52:45Z
b50e5b47-72d4-9364-36b3-defb9e46d621,c6b0e699-0ea1-c1de-aecd-8e2a995799a0,fba26db6-57e3-6ecf-c45c-a20044e2721f,1440000.0,0.64,closed,2025-10-04T00:00:32Z,2025-10-04T19:50:46Z
d1cb425f-0995-3c04-9c66-d80185d544f9,aa89d5e3-b0fe-d2cf-5734-ab556939c744,fba26db6-57e3-6ecf-c45c-a20044e2721f,5000000.0,1.0,closed,2025-09-21T21:12:41Z,2025-09-21T05:40:01Z
0a3070cf-2ecb-297c-f279-0c5ee15b2386,cc0b95fb-5a8e-9a13-7e08-2e4226336c9f,c7ea559f-3e47-235f-30e1-113a025c98e7,1020000.0,0.68,closed,2025-05-09T09:54:22Z,2025-05-09T05:36:57Z
da12bd2c-e46c-0a4f-d006-6e1ed4b76c08,cc0b95fb-5a8e-9a13-7e08-2e4226336c9f,f15ee274-5de1-9169-4ded-c3e333890022,480000.0,0.32,closed,2025-05-09T01:10:34Z,2025-05-09T00:43:33Z
5d736ba8-4a2d-f0fd-0079-3c4e973d7a62,67018f88-9cc2-cc6b-863d-46465dc950f1,c7ea559f-3e47-235f-30e1-113a025c98e7,410000.0,0.41,closed,2026-02-06T18:57:57Z,2026-02-06T07:30:11Z
18f4ce9e-233b-f80d-60a2-22ecea6dfe84,67018f88-9cc2-cc6b-863d-46465dc950f1,44d95abd-1311-49b2-2f01-5d847c61cf8b,390000.0,0.39,closed,2026-02-06T13:02:38Z,2026-02-06T15:32:07Z
7f2baa34-2ea3-e21b-9477-5a3cf2acd987,67018f88-9cc2-cc6b-863d-46465dc950f1,3a75d36b-1539-aa8b-5a81-914191e03b7a,200000.0,0.2,closed,2026-02-06T16:00:29Z,2026-02-06T00:39:16Z
98d36d4a-7c9c-aa64-65e9-5c45fa252b6b,772d889e-b7a6-5cc7-4b4d-f6d7c64bbbb3,e891659a-a241-1969-f96b-2440bf25700b,180000.0,0.12,closed,2025-01-20T15:08:51Z,2025-01-20T03:53:57Z
c9255f80-a9cc-cdd1-8377-919ed8c9f08e,772d889e-b7a6-5cc7-4b4d-f6d7c64bbbb3,69d1eade-07c1-9cef-9d41-2a4bbbb7d2a4,1080000.0,0.72,closed,2025-01-20T01:12:53Z,2025-01-20T21:18:08Z
ec91c8b9-d702-edcf-db8c-d080b04d4e4f,772d889e-b7a6-5cc7-4b4d-f6d7c64bbbb3,a341033d-8d69-1b43-0a8d-c33b6f4829ee,240000.0,0.16,closed,2025-01-20T11:45:48Z,2025-01-20T12:05:38Z
e164ac76-084a-e0af-9632-78f98810f355,5c4b651b-0746-3711-0d3f-8a0fa88517e0,d5ad07d2-1a91-c891-6a39-e46e1b009e60,800000.0,0.08,closed,2025-09-20T13:30:14Z,2025-09-20T04:59:53Z
4424ebff-433d-59dc-1ece-ca867ba45c02,5c4b651b-0746-3711-0d3f-8a0fa88517e0,6843befe-0f4c-4a7c-991a-3225a17946c5,9200000.0,0.92,closed,2025-09-20T12:57:56Z,2025-09-20T19:08:00Z
e706d154-fc17-495f-9cc7-adf8a8995f96,3bb7b904-b971-b077-2581-f7b5046970ee,a632394a-ad9d-4392-61f1-f98aebd5366d,4500000.0,0.45,active,2026-03-09T17:03:58Z,2026-03-09T21:56:14Z
20c4baee-8aa5-fec0-bb12-186052672dee,3bb7b904-b971-b077-2581-f7b5046970ee,d98f6247-7f7d-56b0-1d8a-1bea7ab44331,3700000.0,0.37,active,2026-03-09T13:00:02Z,2026-03-09T09:36:19Z
09355e4a-39cc-a2ea-f2d6-e98a1d20ff0c,3bb7b904-b971-b077-2581-f7b5046970ee,eeaa3d41-677e-dd48-6721-7c7de401203a,1800000.0,0.18,active,2026-03-09T03:23:38Z,2026-03-09T17:12:29Z
d003b05e-8306-b533-31d0-cfba92b63ad3,62567e84-ac6b-fef8-3360-b95a46dc857e,e891659a-a241-1969-f96b-2440bf25700b,25500000.0,0.51,active,2025-08-11T10:06:20Z,2025-08-11T20:49:16Z
a27bea50-a210-89dd-dc60-d3baa18f6664,62567e84-ac6b-fef8-3360-b95a46dc857e,ac7ae6fd-34bb-053f-aaf4-acc3bbe09f7c,24500000.0,0.49,active,2025-08-11T17:56:06Z,2025-08-11T23:12:02Z
a3d93af3-8c41-be92-c189-ccfb584a5dfb,0d3283df-327b-c693-dfc0-7630a4a7c926,69d1eade-07c1-9cef-9d41-2a4bbbb7d2a4,25000000.0,1.0,active,2025-08-29T02:27:21Z,2025-08-29T05:39:44Z
29de0ccd-1d90-eee4-247e-cf10a1c0510c,d7073576-f71c-d4d4-9fda-6a19623dc802,d6efe797-ffed-99e7-c270-c7ca421d9118,240000.0,0.16,closed,2025-11-05T22:48:46Z,2025-11-05T20:45:39Z
756ad8e8-1e97-4105-9549-43ee1a9ce310,d7073576-f71c-d4d4-9fda-6a19623dc802,44d95abd-1311-49b2-2f01-5d847c61cf8b,90000.0,0.06,closed,2025-11-05T11:34:14Z,2025-11-05T22:02:53Z
bb941d37-101a-05da-58c2-29d625a2d7c7,d7073576-f71c-d4d4-9fda-6a19623dc802,c060a112-d794-6244-5618-a39e947782c6,1170000.0,0.78,closed,2025-11-05T10:26:17Z,2025-11-05T03:25:04Z
ebd3d795-40cc-066a-286f-c15e5f9fb0ed,68580f03-83ee-26e1-12a4-ffa138ed1470,d98f6247-7f7d-56b0-1d8a-1bea7ab44331,2500000.0,1.0,closed,2026-04-04T22:40:10Z,2026-04-04T06:09:33Z
03e99cee-72f8-4ee0-01e9-a35fb9eabb3f,ca265cce-50e3-4791-c06c-395388df9234,bd914b51-617d-41f1-0c84-949b47bcba26,5580000.0,0.93,closed,2025-01-26T15:05:20Z,2025-01-26T02:33:29Z
95d3f5e7-b42e-e930-98ba-b1fa97ba5da0,ca265cce-50e3-4791-c06c-395388df9234,f15ee274-5de1-9169-4ded-c3e333890022,420000.0,0.07,closed,2025-01-26T00:48:36Z,2025-01-26T22:19:06Z
33a8e0bb-b004-3e34-ed6a-be29b4f3798e,75d57a38-c225-6276-ef54-00cc0dee7f9e,a341033d-8d69-1b43-0a8d-c33b6f4829ee,360000.0,0.18,active,2026-07-01T00:40:33Z,2026-07-01T13:49:24Z
f5738967-516a-feef-210b-e043cf7b6919,75d57a38-c225-6276-ef54-00cc0dee7f9e,6843befe-0f4c-4a7c-991a-3225a17946c5,1640000.0,0.82,active,2026-07-01T14:05:31Z,2026-07-01T02:05:26Z
c718664a-201c-8869-e3d4-39f8066211f7,fd451dbc-dc4c-2162-b7ec-df22c3f0b38e,16b8e48d-401b-ccf1-053a-0559d02deec9,2340000.0,0.39,active,2026-03-30T12:56:38Z,2026-03-30T12:23:00Z
c871a19f-f0a7-43cc-6290-a09ba69adf15,fd451dbc-dc4c-2162-b7ec-df22c3f0b38e,d6efe797-ffed-99e7-c270-c7ca421d9118,3660000.0,0.61,active,2026-03-30T12:21:32Z,2026-03-30T19:05:00Z
186e4349-5f47-a975-a60d-4fdf3b4501bd,cedf38fe-f3fe-162c-6ee6-d613fe4d2da2,396d8df1-6ea3-05d9-3964-b226e445d185,1000000.0,1.0,closed,2026-02-06T14:52:57Z,2026-02-06T19:07:32Z
c34c7301-e949-3f40-7cfc-67bb4c39b68e,febadc40-5e63-9bdd-622d-31ba8849b956,a632394a-ad9d-4392-61f1-f98aebd5366d,1044000.0,0.58,closed,2025-09-29T23:08:39Z,2025-09-29T04:36:11Z
20dfab2f-286c-7f72-d0f3-a65c54b5c261,febadc40-5e63-9bdd-622d-31ba8849b956,374e3334-a734-fece-a0b8-7a4d3daa3da2,756000.0,0.42,closed,2025-09-29T06:19:57Z,2025-09-29T04:23:37Z
a9ef1e1a-5852-2c47-9e4b-0af95e1fc7d2,d7d7bc9f-aaf2-1c71-fa1d-bf65631f9eef,edc97b5f-c7ec-8e28-c792-0e39e9179ed6,90000.0,0.05,closed,2025-07-23T15:03:37Z,2025-07-23T01:27:16Z
8e0a9a1e-915e-665b-8bf6-64406ca5f338,d7d7bc9f-aaf2-1c71-fa1d-bf65631f9eef,32583a5a-a26b-ad52-8156-25717c3f2e93,1188000.0,0.66,closed,2025-07-23T05:34:48Z,2025-07-23T07:54:10Z
f4d7197e-5798-50be-4c21-caf4470da608,d7d7bc9f-aaf2-1c71-fa1d-bf65631f9eef,84035c53-1e48-0957-524d-b451052a7b60,198000.0,0.11,closed,2025-07-23T06:18:51Z,2025-07-23T14:31:23Z
960f5e3a-d296-2a73-bb16-44a6d674cc35,d7d7bc9f-aaf2-1c71-fa1d-bf65631f9eef,e05af7f8-0b78-2752-0386-aa76d7f217c6,324000.0,0.18,closed,2025-07-23T16:34:39Z,2025-07-23T19:40:19Z
13061e24-cc76-5afc-cc07-a8674fde2fc4,227a6610-4ce9-ce79-1894-4b2f2ea23652,d43ba268-7b2e-2162-3bb7-decda8a37b1e,50000.0,0.05,closed,2026-02-22T10:44:08Z,2026-02-22T00:11:53Z
0a3a40f5-6d2d-1173-99e5-745d632a7171,227a6610-4ce9-ce79-1894-4b2f2ea23652,c060a112-d794-6244-5618-a39e947782c6,950000.0,0.95,closed,2026-02-22T07:51:42Z,2026-02-22T05:07:42Z
e143ee74-2deb-32a2-1021-185b0eb4abfb,d03f129a-b2d5-81b1-5f69-9499a7a1ad78,63d75a17-d7bd-fae4-139b-2cae84fb84f8,570000.0,0.57,closed,2025-06-06T07:47:07Z,2025-06-06T01:41:11Z
21013f58-69bd-0819-31b1-e7b24b2c3d72,d03f129a-b2d5-81b1-5f69-9499a7a1ad78,64371d36-b2f5-0d34-e74b-b03760790d15,210000.0,0.21,closed,2025-06-06T13:47:31Z,2025-06-06T19:56:25Z
2c8ae99c-ec8f-fad0-f11e-8caf45e34dd5,d03f129a-b2d5-81b1-5f69-9499a7a1ad78,c7ea559f-3e47-235f-30e1-113a025c98e7,220000.0,0.22,closed,2025-06-06T22:11:56Z,2025-06-06T06:38:51Z
75db293a-d6c7-0227-1baa-7a4ed2d3db50,737af11f-2296-6999-b2cc-813b0e61d7e2,edc97b5f-c7ec-8e28-c792-0e39e9179ed6,3200000.0,0.32,closed,2025-11-11T07:08:26Z,2025-11-11T03:55:40Z
a24abb91-8b26-f4df-ba8f-dd4713ed81aa,737af11f-2296-6999-b2cc-813b0e61d7e2,7eb0bdcd-281d-5ac0-23f0-8d355a6beef5,6800000.0,0.68,closed,2025-11-11T08:54:32Z,2025-11-11T01:06:32Z
77d19d1c-45b3-8548-aece-621e42a44512,92246ba6-fad6-635f-2994-3a4d41318f79,393dc164-d14e-bab5-494d-08e95ff6040c,2000000.0,1.0,closed,2026-03-08T20:10:56Z,2026-03-08T03:13:06Z
ba0134fe-5a19-30c0-c864-31a3d60cfe9e,aa2ef373-770f-746c-f49a-11daf964563a,3a75d36b-1539-aa8b-5a81-914191e03b7a,390000.0,0.39,closed,2025-06-29T23:47:47Z,2025-06-29T05:18:25Z
6a202bf5-feb9-c145-cdec-8f1d779a51e1,aa2ef373-770f-746c-f49a-11daf964563a,64371d36-b2f5-0d34-e74b-b03760790d15,220000.0,0.22,closed,2025-06-29T06:32:47Z,2025-06-29T03:31:21Z
76a8d284-c744-225b-9782-78f8559280cc,aa2ef373-770f-746c-f49a-11daf964563a,44d95abd-1311-49b2-2f01-5d847c61cf8b,390000.0,0.39,closed,2025-06-29T19:55:18Z,2025-06-29T17:25:33Z
28faf492-0937-fb85-0dbc-445f294f057a,a1027a03-3fed-f4ea-e0aa-04c025a6be09,e4732d6f-c6f8-c343-9a06-fb71325193bc,1500000.0,1.0,closed,2026-01-20T09:40:25Z,2026-01-20T18:20:28Z
da3310bd-3987-59ea-0e06-5d071d5c9737,2a3e02f4-01d4-1c0b-3598-83230213eedd,edc97b5f-c7ec-8e28-c792-0e39e9179ed6,2000000.0,1.0,closed,2025-01-18T17:53:47Z,2025-01-18T11:14:42Z
04b8ad6f-d91c-da36-1723-4f19039d67c2,e7b69a2a-471f-f58a-740e-c4863c8dfd2b,d98f6247-7f7d-56b0-1d8a-1bea7ab44331,2500000.0,1.0,closed,2025-09-18T13:04:47Z,2025-09-18T19:12:35Z
a6123815-6c17-1241-058e-615a107b663d,fba0a050-be4d-fbbb-c138-e2c6a8ac2400,ba166c5c-caa5-2d42-ef20-0cfcd93d5237,1125000.0,1.0,closed,2026-06-13T00:32:25Z,2026-06-13T18:06:38Z
0baeb786-0def-a281-a65d-6fac14d85550,94614095-4453-441f-dda8-718d470420a1,d3b121f0-1746-edc7-78a1-a2bbf278b89d,50000000.0,1.0,closed,2025-02-15T22:46:46Z,2025-02-15T15:11:37Z
447bcb0f-5a1b-3273-67d9-c3a10060c44f,99dfe22c-c8de-c48b-85f6-7cb5319640c5,f2db32a0-0bb6-6a5c-9802-62bf101aab6e,336000.0,0.21,active,2026-06-28T15:08:55Z,2026-06-28T20:34:43Z
95f1c745-8404-f96d-aaf4-6d6ef9501974,99dfe22c-c8de-c48b-85f6-7cb5319640c5,f15ee274-5de1-9169-4ded-c3e333890022,1264000.0,0.79,active,2026-06-28T11:36:45Z,2026-06-28T10:34:47Z
252ef2f6-9f27-3fe1-8d5a-fb9fc1fdd73e,9a08da45-5375-364b-a240-0082297f1ee3,ac7ae6fd-34bb-053f-aaf4-acc3bbe09f7c,25000000.0,1.0,closed,2025-07-25T15:47:10Z,2025-07-25T23:41:28Z
6811cf1b-48a2-dd72-29f0-63f45a376b6f,bb25f4af-4a72-7126-fd22-4ff578cb38ef,bd914b51-617d-41f1-0c84-949b47bcba26,4900000.0,0.49,closed,2025-11-15T15:42:38Z,2025-11-15T03:37:38Z
49bdce8f-0434-2865-6a33-ee2bfdfc43ab,bb25f4af-4a72-7126-fd22-4ff578cb38ef,f514cb3c-37bd-fdd4-f9ec-8cb35c265d31,2400000.0,0.24,closed,2025-11-15T01:19:14Z,2025-11-15T15:41:21Z
37f79c03-b5e1-6599-a5b4-e917a04fd3b4,bb25f4af-4a72-7126-fd22-4ff578cb38ef,258df6d0-c4e9-3633-1d88-1810c15dfbed,2700000.0,0.27,closed,2025-11-15T18:14:03Z,2025-11-15T18:29:48Z
7d224a89-a2ba-891d-8c13-4d0508e3d0dd,64613fb8-e8df-5a1c-8a98-484f47833d68,fba26db6-57e3-6ecf-c45c-a20044e2721f,1320000.0,0.88,closed,2026-01-26T14:14:30Z,2026-01-26T06:20:44Z
8be04fe8-e066-d6b8-8441-6864d9c3e036,64613fb8-e8df-5a1c-8a98-484f47833d68,c4e4e575-195e-a4d3-8922-4217be26e7c6,180000.0,0.12,closed,2026-01-26T19:31:00Z,2026-01-26T19:06:59Z
82c74cd5-aab2-dcc7-d92a-1fb8fa6d52dd,10e77b17-8c77-762b-f970-658e419fe46d,6843befe-0f4c-4a7c-991a-3225a17946c5,1140000.0,0.57,closed,2025-03-30T08:04:00Z,2025-03-30T20:58:20Z
9f4b2eb0-3d92-a51c-a872-7eaac3893e70,10e77b17-8c77-762b-f970-658e419fe46d,e05af7f8-0b78-2752-0386-aa76d7f217c6,540000.0,0.27,closed,2025-03-30T01:49:53Z,2025-03-30T10:26:14Z
7446ee0c-9565-4044-e6c8-a30c3f54fdf6,10e77b17-8c77-762b-f970-658e419fe46d,338cefb5-4559-85cb-9536-92246ec971e2,320000.0,0.16,closed,2025-03-30T04:09:16Z,2025-03-30T19:26:10Z
688327b4-9700-28f1-92f5-db2b8e95cd11,d20c3f9c-15bb-f998-2196-fc3fbc2e78dc,63d75a17-d7bd-fae4-139b-2cae84fb84f8,3200000.0,0.08,active,2026-07-19T19:44:05Z,2026-07-19T03:50:25Z
c8c5acf9-737b-878c-0aa9-e67e3b4b8641,d20c3f9c-15bb-f998-2196-fc3fbc2e78dc,62190b56-fca4-bed7-afb7-e2ddb93c2a11,26800000.0,0.67,active,2026-07-19T07:50:43Z,2026-07-19T13:48:32Z
e5be071b-2857-141f-d845-a58317706c45,d20c3f9c-15bb-f998-2196-fc3fbc2e78dc,a341033d-8d69-1b43-0a8d-c33b6f4829ee,10000000.0,0.25,active,2026-07-19T16:21:04Z,2026-07-19T01:20:08Z
9f19b019-9fd4-2ed0-cefe-6be491f0f1b4,d85c8a14-0701-fbf4-4a47-a10a7deab703,40775ca4-0a08-d217-2617-a0c24694e10d,376000.0,0.47,active,2026-03-25T14:44:39Z,2026-03-25T16:26:32Z
69f4c5c3-667b-e8a3-ac38-257834df8263,d85c8a14-0701-fbf4-4a47-a10a7deab703,f514cb3c-37bd-fdd4-f9ec-8cb35c265d31,88000.0,0.11,active,2026-03-25T00:32:52Z,2026-03-25T18:43:47Z
6edda993-71bf-97df-95af-19e1de21f414,d85c8a14-0701-fbf4-4a47-a10a7deab703,03b188cb-0e2f-76cc-3e65-105125a81b18,32000.0,0.04,active,2026-03-25T06:22:23Z,2026-03-25T20:07:41Z
7078c367-bb8b-1458-92fc-8f21a38e7907,d85c8a14-0701-fbf4-4a47-a10a7deab703,338cefb5-4559-85cb-9536-92246ec971e2,304000.0,0.38,active,2026-03-25T03:00:14Z,2026-03-25T17:13:22Z
ccb9f731-fb36-b0a2-cc7a-fc57fa862844,684419ba-8c4b-d31c-ac34-4bd732226129,2ff40784-5523-c247-6740-8449359836a3,2100000.0,0.35,closed,2026-01-22T20:49:50Z,2026-01-22T10:02:11Z
27932099-d500-44cd-3064-08ce022e0ed4,684419ba-8c4b-d31c-ac34-4bd732226129,40775ca4-0a08-d217-2617-a0c24694e10d,480000.0,0.08,closed,2026-01-22T06:22:38Z,2026-01-22T07:23:00Z
524deaf4-032a-5a5c-805f-b957580ce4bf,684419ba-8c4b-d31c-ac34-4bd732226129,bd914b51-617d-41f1-0c84-949b47bcba26,2760000.0,0.46,closed,2026-01-22T13:16:42Z,2026-01-22T11:21:25Z
017fa87b-d737-f8b2-9e59-378657cb9d62,684419ba-8c4b-d31c-ac34-4bd732226129,6843befe-0f4c-4a7c-991a-3225a17946c5,660000.0,0.11,closed,2026-01-22T12:44:29Z,2026-01-22T07:01:44Z
