loan_id,borrower_account_id,loan_type_id,tenor,nominal_request,nominal_loan,grade,repayment_mode,movement_status_id,created_at,updated_at
aafa9f7c-59c7-2232-346c-ae7ba8fc5f45,ORPHAN-2ccee73f,LT03,1,1000000.0,0.0,A,lump_sum,3,2025-09-17T01:31:07Z,2025-09-20T22:11:38Z
d5e48c6d-4037-9900-abdd-49d757043544,3d97d879-ea39-b6b5-d5ca-314608b0dde5,LT03,1,1000000.0,750000.0,D,lump_sum,5,2026-04-01T09:23:54Z,2026-04-02T06:26:56Z
e803ea4e-5b07-9c58-3cdf-b5b18547117b,cace391c-dcfa-c73b-e331-9270b49920d3,LT01,3,10000000.0,0.0,D,lump_sum,3,2025-08-02T20:02:22Z,2025-08-05T11:04:25Z
3011a90a-915f-ef70-dcbc-5f79149c1073,4e209a84-8648-837e-303c-e87575d02716,LT03,1,2000000.0,0.0,B,lump_sum,3,2026-04-03T01:28:16Z,2026-04-05T20:53:28Z
b0bef0ac-16b0-d3be-fbb7-3e7d2a8ce074,c6d5a901-0319-0789-cf0a-3a09c96b1c91,LT02,3,25000000.0,25000000.0,B,installment,6,2025-10-16T23:17:43Z,2025-10-20T03:17:59Z
5231f562-cec5-3abe-7dda-2a153a42986f,49db77b0-261c-2270-55df-69ee2422e927,LT01,1,10000000.0,10000000.0,A,lump_sum,4,2025-12-29T12:44:07Z,2026-01-01T19:24:25Z
50040035-c319-92e2-9f69-71687aabdc19,0dc98d09-766d-566f-48ca-e413c1ea59d3,LT01,1,10000000.0,10000000.0,D,installment,6,2025-11-27T08:42:06Z,2025-11-30T10:06:58Z
210baac4-b43b-2b04-ca9c-0e433c46ecc4,253978b2-6ed2-6fca-d7be-86ef9cc24a68,LT02,12,5000000.0,5000000.0,A,installment,6,2025-01-09T04:37:00Z,2025-01-11T12:07:44Z
2bf9def4-af63-61f5-134e-5ca84514c618,4b30ad97-8ece-331b-e717-410a108ee8b8,LT01,6,1000000.0,1000000.0,B,lump_sum,6,2025-09-04T01:15:40Z,2025-09-07T18:18:38Z
d680d308-3ac4-2060-0665-f0e2a9d1f38e,431b8e48-96aa-0670-9840-7ec9a6cb72f7,LT03,1,2000000.0,1500000.0,E,lump_sum,6,2026-03-23T19:54:51Z,2026-03-28T22:21:46Z
57e380a9-8b3c-e16f-8e0c-e2d6d1be4257,a341033d-8d69-1b43-0a8d-c33b6f4829ee,LT03,1,500000.0,500000.0,B,lump_sum,6,2026-05-26T06:01:25Z,2026-05-31T07:01:58Z
9b4f9c40-08a7-e327-41be-fb196538fd22,0253e03d-3031-4cfd-a104-256335fe5280,LT03,1,1000000.0,1000000.0,B,lump_sum,6,2025-04-13T14:49:09Z,2025-04-15T13:32:26Z
4367cf7e-63aa-0221-4acc-0c982fee4ba9,3bb71768-62df-fe65-69da-b879f1e49872,LT03,1,1500000.0,0.0,A,lump_sum,3,2025-05-31T15:34:15Z,2025-06-01T07:43:42Z
7c109b23-f2b3-1a03-5b15-56122c6a9639,d49ff5b1-e55c-b5df-1c8f-a59d8bc7ec36,LT03,1,1500000.0,1500000.0,E,lump_sum,6,2025-10-31T05:11:35Z,2025-11-05T16:15:31Z
6b29c244-ca0a-6274-0528-84a01bb0898f,536142e9-c563-e1f2-d5f9-895a9c17452a,LT03,1,1500000.0,1350000.0,D,lump_sum,6,2026-04-18T06:33:40Z,2026-04-21T17:40:54Z
3bfd7694-ab52-0245-8424-16f6ae921c49,3001f53b-b058-3d1b-8e7d-f1989c5151fb,LT02,6,2000000.0,2000000.0,C,installment,6,2025-12-13T11:27:01Z,2025-12-20T07:03:39Z
25daaef3-5977-95b2-22e6-e8a7c216cae2,6280b689-1be9-0926-ef0d-74eee84ee189,LT01,1,2500000.0,0.0,D,installment,3,2025-02-23T04:18:59Z,2025-02-25T22:12:32Z
b88258db-748f-5717-1bf4-4097d43f4db8,34ef1ccd-d38b-838c-fd81-78a1cc4775c1,LT03,1,500000.0,500000.0,C,lump_sum,7,2025-03-14T18:27:34Z,2025-03-18T15:58:16Z
c1709684-6db3-a135-19ff-6f6fa9aa5706,7ead2504-4a7c-57be-c93f-d08026aa95f3,LT01,1,1000000.0,1000000.0,C,installment,6,2026-01-03T06:49:35Z,2026-01-09T10:23:42Z
d1a2fcb9-bbf8-c5b6-16e3-52e803b3d435,22c13d4b-cdea-8254-a296-15cee05b2a4d,LT03,1,2000000.0,2000000.0,E,lump_sum,6,2025-05-31T12:35:59Z,2025-06-08T13:10:05Z
5c8873ed-c7a8-f675-fb1c-7e8b3c27e3e4,3d97d879-ea39-b6b5-d5ca-314608b0dde5,LT01,3,5000000.0,3000000.0,B,installment,6,2025-11-24T10:54:30Z,2025-11-28T07:46:55Z
08f6807a-d0e7-e684-7bd2-59cd50f07913,18b3fa45-079c-629f-e16e-8570ce781119,LT03,1,1500000.0,1500000.0,C,lump_sum,6,2025-10-28T16:12:09Z,2025-11-01T14:28:55Z
f0d7609f-4242-b5ba-b57b-dea6e388eb44,0973367b-7d99-20a7-162b-25b604b51506,LT03,1,2000000.0,2000000.0,D,lump_sum,5,2025-07-14T23:35:13Z,2025-07-19T08:25:59Z
269cdf58-4713-d1b6-8ada-807a5c994fcb,20f5a352-de22-2f8c-3051-0b52a9dbe507,LT01,3,2500000.0,0.0,C,installment,3,2026-02-14T19:03:33Z,2026-02-15T11:04:15Z
b4ad98dc-858c-d9bb-51b2-1727079b2682,787699bb-e157-6d25-5534-08139dc48e37,LT01,6,2500000.0,2250000.0,C,installment,6,2025-09-28T11:45:25Z,2025-10-03T07:03:50Z
73b7ed13-4af6-5c49-b671-b5fe6c6b3dfd,55621e44-4ac3-8464-2338-faeeaf6945e7,LT03,1,500000.0,500000.0,D,lump_sum,6,2025-11-09T13:59:29Z,2025-11-16T08:55:25Z
4e427f24-bacd-16e5-6ecb-1de3c8b79bc5,a341033d-8d69-1b43-0a8d-c33b6f4829ee,LT03,1,2000000.0,2000000.0,E,lump_sum,6,2026-06-09T23:07:29Z,2026-06-16T03:17:31Z
109b0a5c-c60b-944f-a3b2-6475b6800caa,b5913249-9019-975d-789d-077ef46462e2,LT02,12,25000000.0,25000000.0,B,installment,5,2025-11-21T19:43:43Z,2025-11-27T07:38:27Z
3abc9b08-962d-aae5-17ee-c8638ffd6236,40775ca4-0a08-d217-2617-a0c24694e10d,LT02,3,25000000.0,25000000.0,A,installment,6,2025-06-11T21:18:57Z,2025-06-17T12:40:20Z
c29341f3-247a-2dce-8c93-fd9ba21774db,3d97d879-ea39-b6b5-d5ca-314608b0dde5,LT01,6,5000000.0,3000000.0,A,installment,6,2025-01-19T01:26:30Z,2025-01-26T17:11:03Z
7789bd94-3ee2-828a-7cf1-61e429e5465a,4b30ad97-8ece-331b-e717-410a108ee8b8,LT01,6,2500000.0,2500000.0,A,lump_sum,5,2026-07-04T18:55:35Z,2026-07-08T11:45:44Z
f89c78fa-0499-1bb9-5173-b9135ef7a654,12926e19-e815-f556-7e50-65d963d4722a,LT03,1,2000000.0,2000000.0,E,lump_sum,6,2025-03-30T18:36:39Z,2025-04-05T13:44:14Z
14b4da80-aa73-8201-11dd-0a6414fca161,71f63cb1-453d-e60d-a541-da6b1cbe4e4a,LT03,1,1500000.0,0.0,B,lump_sum,3,2026-01-20T18:36:58Z,2026-01-23T12:06:40Z
599107a2-7cdc-a105-ab09-250b7ed3c288,0253e03d-3031-4cfd-a104-256335fe5280,LT01,3,2500000.0,2500000.0,B,installment,5,2026-06-12T06:40:15Z,2026-06-13T16:36:18Z
85a8af80-392e-2451-0630-9bf08b79fb37,4f9a4df8-0cf0-cff9-0a53-36b6e0829c72,LT01,3,2500000.0,2500000.0,C,lump_sum,6,2025-07-21T09:31:31Z,2025-07-29T11:41:17Z
676450d8-a5a7-7522-d163-d516687b675c,c4e4e575-195e-a4d3-8922-4217be26e7c6,LT02,3,50000000.0,45000000.0,B,installment,6,2026-04-12T18:19:23Z,2026-04-13T06:40:32Z
9bbe71de-a9d4-789d-48e6-0c222556d96f,70dd0d3c-4f8b-8d2e-71c0-7c66d4dba25c,LT01,1,10000000.0,8000000.0,C,installment,6,2025-06-08T21:25:50Z,2025-06-15T19:31:50Z
fa0b9cd2-ae37-613e-911e-47cbbde15bcd,f850f83b-84d9-4a0b-ddc2-b251f76f0463,LT01,6,5000000.0,5000000.0,D,installment,6,2025-06-19T02:28:45Z,2025-06-24T21:13:32Z
cdc0d2a9-545d-1f0d-1b47-a0a8c407bed5,9da9adb8-1245-9949-a05f-2f46b9e2b02b,LT01,1,5000000.0,5000000.0,E,installment,6,2025-05-07T23:06:33Z,2025-05-09T14:30:57Z
3d7d6806-8d29-20f7-611f-46369245c5b2,5fec16b7-02d8-7790-32b2-f9a08eee79ba,LT01,6,10000000.0,8000000.0,B,installment,6,2025-09-24T15:40:24Z,2025-10-02T17:10:07Z
735e6c9d-447f-efdf-e79b-0fa98e9ce46b,b2c72070-cfe3-f640-fcb5-4a39098c0e27,LT03,1,1000000.0,1000000.0,D,lump_sum,6,2025-07-05T12:33:16Z,2025-07-12T11:09:50Z
da244340-701e-bfa6-ef26-ece4fd4ab5b4,94159201-c549-470b-6b09-35334667b90e,LT01,6,5000000.0,5000000.0,B,installment,7,2025-01-12T01:24:26Z,2025-01-17T02:37:44Z
c2681fbe-9b87-7484-997b-1a81d0a2a118,3b272cc1-45d2-b7e1-8f5e-52f61480f735,LT03,1,2000000.0,2000000.0,A,lump_sum,6,2025-06-07T09:44:10Z,2025-06-13T15:04:19Z
4796252d-b6dc-7586-b058-2398032f4537,ee281b23-090f-f4af-c14a-0ee7c08b66c4,LT03,1,1000000.0,1000000.0,E,lump_sum,7,2025-03-17T06:36:41Z,2025-03-25T07:37:34Z
5e8ba009-16d1-504f-542f-5899c0222092,0b375579-0f67-76e2-e56d-670c32b8b947,LT01,3,2500000.0,2250000.0,D,installment,7,2025-12-01T06:33:24Z,2025-12-06T14:30:42Z
37bc5508-45d6-a446-8246-0bd0d33f587a,98a53552-9cd0-376b-92f1-47f5a3ae7dbc,LT01,6,1000000.0,1000000.0,D,lump_sum,5,2026-07-30T12:19:12Z,2026-08-05T01:19:58Z
b1827135-fb9a-b2ce-878c-960f773c5c1a,5c0e4611-d0de-18aa-9e1c-d1409c23bf99,LT02,12,25000000.0,25000000.0,E,installment,5,2025-11-13T23:27:48Z,2025-11-16T21:24:04Z
9c0fd9a3-ed13-18e3-0e8d-279a6f3a9c23,9fdbc05b-f83d-d842-82b5-af2e761b2aa8,LT01,6,10000000.0,10000000.0,E,installment,6,2025-06-01T04:41:39Z,2025-06-07T14:44:45Z
e93aa3fa-f002-3f78-f36a-3b84f7952cb4,2cae1100-0c80-fd16-8579-9d61c4d87b1e,LT01,1,1000000.0,1000000.0,B,installment,7,2026-03-16T18:04:38Z,2026-03-19T18:21:23Z
21b6dec1-1af7-8e73-feec-ad83654c6f5c,440316b2-97ed-3fb5-d8c5-7b105f4c2a7a,LT03,1,1500000.0,1500000.0,E,lump_sum,6,2025-07-14T06:59:41Z,2025-07-20T20:13:30Z
4d50164c-b817-8448-aa78-ce49a1c5edf5,bd60e281-7638-a483-a038-189f89e59077,LT01,6,10000000.0,10000000.0,B,installment,6,2025-01-31T11:13:50Z,2025-02-07T19:25:46Z
de296a2d-c261-c0d2-0ef6-bb9c1df062d9,8a1b1284-4990-abc9-9a0e-51a14b55f159,LT03,1,2000000.0,2000000.0,C,lump_sum,5,2026-06-25T08:31:46Z,2026-06-29T07:28:39Z
e8a30098-eadb-ffbb-34d2-ca99bbeee2e9,69d1eade-07c1-9cef-9d41-2a4bbbb7d2a4,LT01,1,2500000.0,2500000.0,A,installment,6,2025-11-07T17:53:33Z,2025-11-08T15:41:55Z
27379b99-ba23-8b49-cb5c-e5649d8cac36,73502e89-3b04-6928-c23e-6a950c207aef,LT03,1,2000000.0,2000000.0,C,lump_sum,7,2025-05-27T21:44:55Z,2025-06-04T18:41:50Z
9b698bb7-3deb-50d4-2234-0a2fcef1f4c1,8d22930d-14ff-ad95-b269-f2812dffd68f,LT03,1,500000.0,300000.0,A,lump_sum,6,2026-05-06T17:42:34Z,2026-05-08T18:39:58Z
8f903514-ca78-b08b-b00d-f63d3c6764f8,92f713b0-1ab6-33ee-808f-ca94981cdb05,LT03,1,1000000.0,0.0,A,lump_sum,3,2025-10-19T12:41:25Z,2025-10-20T17:51:20Z
2144d05f-bcb0-8eb1-c047-32ef96195dd9,18b3fa45-079c-629f-e16e-8570ce781119,LT03,1,1500000.0,1500000.0,B,lump_sum,6,2025-07-24T23:31:28Z,2025-07-27T06:46:51Z
71301b97-e720-e7fb-20bb-e54a71b0cc4b,70dd0d3c-4f8b-8d2e-71c0-7c66d4dba25c,LT03,1,1000000.0,900000.0,A,lump_sum,6,2025-05-10T13:44:00Z,2025-05-16T22:15:20Z
a5478b2f-d638-14b7-4e6d-29ccb51c4535,edc97b5f-c7ec-8e28-c792-0e39e9179ed6,LT03,1,2000000.0,2000000.0,E,lump_sum,6,2025-06-10T18:40:49Z,2025-06-14T08:41:09Z
88e89387-f8fb-4454-2e56-78bc07e352e5,05d6657f-6b3d-342c-9f4b-a4a53ca8af12,LT01,3,10000000.0,10000000.0,B,lump_sum,8,2025-07-31T15:14:50Z,2025-08-03T07:34:51Z
ba9889c7-9107-6dc3-10e2-d6e223ccc912,ecd1f4a6-b95c-b882-e688-4d62e9d847e3,LT03,1,500000.0,500000.0,C,lump_sum,6,2026-04-20T23:57:20Z,2026-04-26T15:53:58Z
af81fe1f-3e31-9e24-2924-f1b0c01de077,f0b36c63-0d0f-124a-3fa1-be4f84ebaeb2,LT03,1,2000000.0,1000000.0,B,lump_sum,6,2025-09-19T00:48:06Z,2025-09-26T19:36:27Z
a0ee0c43-83d8-ebc9-e429-92e9eddd150e,0973367b-7d99-20a7-162b-25b604b51506,LT03,1,1000000.0,500000.0,B,lump_sum,6,2026-01-17T23:38:35Z,2026-01-20T06:39:51Z
d695a5b9-4c03-701b-9beb-eb8e1dd5d17d,8d22930d-14ff-ad95-b269-f2812dffd68f,LT03,1,2000000.0,1600000.0,D,lump_sum,6,2026-04-16T03:27:18Z,2026-04-17T06:51:40Z
1c1384b0-d376-793b-a4fd-340421ccca60,69158788-4376-44c0-90c9-28dca674741b,LT01,6,10000000.0,10000000.0,B,installment,5,2026-02-08T09:42:28Z,2026-02-13T01:35:17Z
88c57b83-e60a-77d9-50cb-6d2023264f33,251c943c-bb00-2e9a-e211-d9a3cf5181ab,LT02,12,50000000.0,50000000.0,D,lump_sum,5,2026-02-06T00:40:09Z,2026-02-10T06:44:56Z
adbe3388-18ca-14fe-228e-4c9b9dd554d6,ceeaad2a-ed1b-40d7-4511-7041bedb8893,LT01,3,5000000.0,4000000.0,C,installment,6,2025-06-09T07:20:21Z,2025-06-13T23:52:10Z
da32b160-3bf7-9a8c-e3a2-4af2cbf521bd,d6efe797-ffed-99e7-c270-c7ca421d9118,LT01,3,2500000.0,0.0,A,installment,3,2025-11-08T09:12:58Z,2025-11-11T04:18:19Z
2f7a28bd-e6e4-3f82-5bb2-268b66b81264,51a5eb46-97e4-ff37-94d1-ab6b0411d155,LT03,1,2000000.0,2000000.0,C,lump_sum,6,2025-04-18T06:45:53Z,2025-04-25T03:52:44Z
7eaa8c90-a393-2b5f-93d9-bc3d251981c5,3300725b-f0d8-4053-c930-ba68c8371c06,LT02,12,2000000.0,1500000.0,E,installment,6,2025-05-27T08:17:02Z,2025-05-29T05:24:35Z
4e4616cb-aaf1-b904-a0e2-5eb1cd8c5d2a,47a1b1a6-7841-a444-a452-bb4b55461ee5,LT03,1,2000000.0,2000000.0,D,lump_sum,6,2025-04-29T05:21:36Z,2025-05-02T12:31:17Z
1a6f0aaf-7f18-2af5-56aa-73385be26c23,9da9adb8-1245-9949-a05f-2f46b9e2b02b,LT01,3,2500000.0,2500000.0,D,installment,6,2026-03-13T06:18:54Z,2026-03-17T00:20:02Z
1d7e332d-d382-34b3-5948-062e93c0c59c,24132368-ba07-8e5b-b9d6-d1bfb67bce76,LT03,1,1500000.0,1500000.0,B,lump_sum,6,2026-06-01T15:41:06Z,2026-06-08T22:54:21Z
e35482b3-9b27-3a46-7478-103dec0d1801,0fcf497b-c276-4c6a-fc77-22712fcded3c,LT02,6,5000000.0,2500000.0,B,installment,6,2025-03-06T20:18:47Z,2025-03-12T08:15:46Z
d9295f23-ed1c-cd98-34c7-2cf663f0fe7d,8d22930d-14ff-ad95-b269-f2812dffd68f,LT03,1,500000.0,400000.0,D,lump_sum,6,2025-02-23T13:25:21Z,2025-02-27T12:15:25Z
f33a199d-7510-32ee-838b-f0668fd121c1,735c05fb-965e-7232-1dcb-c80ce7e7fdfc,LT03,1,1500000.0,1500000.0,A,lump_sum,5,2026-07-10T00:23:58Z,2026-07-16T10:09:24Z
be70ad09-8ac6-2488-3362-2e7cb386464e,2cae1100-0c80-fd16-8579-9d61c4d87b1e,LT01,6,5000000.0,5000000.0,D,installment,6,2025-06-28T11:02:20Z,2025-07-04T14:12:07Z
8b734975-4057-7a0b-8e13-d45408ee9668,b7ee9b23-74e2-d37b-9846-c330221e622f,LT03,1,1500000.0,1500000.0,A,lump_sum,6,2025-11-11T20:57:38Z,2025-11-15T17:16:24Z
80eec329-b25a-d889-daa5-27f22861d33e,b2c72070-cfe3-f640-fcb5-4a39098c0e27,LT02,3,10000000.0,5000000.0,A,installment,6,2026-02-23T16:12:19Z,2026-02-26T12:57:06Z
dc276867-c0fe-3811-385c-820908c225b9,df9f844b-e938-bead-0113-6b4de0918d29,LT03,1,2000000.0,2000000.0,B,lump_sum,6,2025-10-26T22:55:43Z,2025-11-03T11:17:55Z
9b1ef125-3ad1-2bf2-8259-def2b289ba34,71f63cb1-453d-e60d-a541-da6b1cbe4e4a,LT03,1,1500000.0,1500000.0,B,lump_sum,6,2026-01-11T12:51:30Z,2026-01-14T04:45:43Z
9b00e19d-dbcd-87c5-852a-4d905f96ca57,caf44175-0c75-23a8-b6c8-39d1695a1678,LT02,12,5000000.0,5000000.0,B,lump_sum,4,2025-11-29T14:22:37Z,2025-11-30T16:53:56Z
95cc6e91-e64a-eebf-1c1e-af82390448bd,8c2b344a-70e0-affc-b474-994dbd620952,LT01,1,1000000.0,1000000.0,D,installment,6,2025-03-28T20:02:12Z,2025-03-30T21:46:54Z
f06a6acf-8984-3c8b-7232-befaaaa1ed44,f850f83b-84d9-4a0b-ddc2-b251f76f0463,LT03,1,1500000.0,0.0,A,lump_sum,3,2026-06-09T14:19:26Z,2026-06-12T17:03:31Z
600743b5-3b55-5f4c-da90-3fdc5b7ed273,a632394a-ad9d-4392-61f1-f98aebd5366d,LT02,12,2000000.0,2000000.0,D,installment,6,2025-01-24T17:36:09Z,2025-01-26T04:30:29Z
2f70119c-c809-47ae-e3b4-39a44b6356d3,73e46a7f-fe78-ea20-e41b-66d413c6bbdc,LT03,1,1000000.0,1000000.0,B,lump_sum,5,2026-07-10T01:20:59Z,2026-07-13T20:24:17Z
f93063d2-66b7-b17b-e568-ed950cd85b72,40775ca4-0a08-d217-2617-a0c24694e10d,LT01,3,2500000.0,2500000.0,B,installment,6,2025-12-16T05:40:41Z,2025-12-20T00:40:20Z
2ea3a4a1-9da7-d0e5-15b1-62ebcc904c3c,f850f83b-84d9-4a0b-ddc2-b251f76f0463,LT03,1,500000.0,500000.0,C,lump_sum,5,2026-07-28T07:48:50Z,2026-08-02T12:05:02Z
ca02c40e-334d-10a2-eb29-f87ef845a979,0dc6856e-b7c8-21d3-d32d-6ea67980ebea,LT03,1,1000000.0,750000.0,B,lump_sum,6,2025-10-30T03:25:24Z,2025-11-03T10:27:20Z
d95ebdb5-4ffe-1fdd-3679-2c894309ff1f,fe5f32fa-3ce9-b893-3212-693ccfa13a9a,LT01,3,10000000.0,10000000.0,C,installment,5,2026-02-04T10:53:32Z,2026-02-10T20:15:33Z
25efc288-89e9-553e-66da-0317f731870b,3d67ff3a-3b07-ad70-11f8-a09cfa601dc6,LT01,6,5000000.0,5000000.0,C,lump_sum,6,2025-12-27T15:42:31Z,2025-12-29T21:58:56Z
1445dddf-214f-edd9-fbbc-56dc63824c60,7ead2504-4a7c-57be-c93f-d08026aa95f3,LT01,6,5000000.0,5000000.0,C,installment,6,2025-07-01T03:46:53Z,2025-07-05T04:28:05Z
f212d94e-f6c4-a731-b8ab-d6d3890e1acb,405783c5-cb27-c84f-5a04-ec24779d04a8,LT02,3,5000000.0,5000000.0,C,lump_sum,6,2025-06-02T19:36:54Z,2025-06-07T17:52:26Z
01518bd8-3d17-8f94-ef41-857bd1e04977,e859717e-f129-c34c-d275-5561d26b5ffd,LT01,1,10000000.0,10000000.0,D,installment,5,2026-06-10T08:14:19Z,2026-06-13T14:52:40Z
c74aac54-348c-7d66-e0e6-1c1d515f9de1,38e595e0-42d4-ed70-02d5-7aee94bf32fd,LT02,12,25000000.0,18750000.0,C,installment,5,2026-07-11T20:10:12Z,2026-07-13T20:51:06Z
891eb732-cff0-c407-3509-4b978e25f6ef,79576505-26eb-3efa-13b7-1f49bcbd9314,LT01,6,1000000.0,1000000.0,A,installment,5,2026-01-05T23:53:38Z,2026-01-12T03:41:57Z
4027b093-1c8f-1f41-13ee-826c406bbf2b,8539eac6-3c8b-d51e-95ff-d3f1a6b079d6,LT02,6,25000000.0,25000000.0,A,installment,5,2025-12-13T10:48:06Z,2025-12-20T02:27:09Z
fc80d49b-effd-6c64-9aab-eb9cd77b369f,55621e44-4ac3-8464-2338-faeeaf6945e7,LT02,12,25000000.0,12500000.0,B,installment,5,2026-01-03T07:24:05Z,2026-01-07T00:44:08Z
0f9971a6-5635-0644-4b03-cf60ffe5f239,0fcf497b-c276-4c6a-fc77-22712fcded3c,LT03,1,1500000.0,900000.0,A,lump_sum,6,2025-07-18T04:36:56Z,2025-07-19T09:57:00Z
acf676b2-3ea2-5642-90f3-7395a7371ea5,0fcf497b-c276-4c6a-fc77-22712fcded3c,LT02,3,5000000.0,0.0,B,installment,3,2026-07-16T22:43:11Z,2026-07-19T04:42:32Z
60306143-5dd8-463a-d3b4-977ad1f478c4,a341033d-8d69-1b43-0a8d-c33b6f4829ee,LT01,3,10000000.0,10000000.0,C,installment,6,2025-10-16T23:57:09Z,2025-10-21T21:45:56Z
a9bcb2ff-74ed-5122-f430-c2b1b7a24d19,3b272cc1-45d2-b7e1-8f5e-52f61480f735,LT02,12,2000000.0,1800000.0,A,lump_sum,6,2025-05-02T15:56:51Z,2025-05-05T16:55:58Z
ff7c3c9c-1a47-1a75-7a68-eba7a3914ab2,38e595e0-42d4-ed70-02d5-7aee94bf32fd,LT03,1,500000.0,500000.0,A,lump_sum,6,2025-08-17T19:39:24Z,2025-08-22T04:31:52Z
537c9145-c0b3-91bd-6622-5e8d3c0a42ef,431b8e48-96aa-0670-9840-7ec9a6cb72f7,LT01,3,10000000.0,10000000.0,B,installment,6,2025-12-17T02:26:45Z,2025-12-22T11:19:41Z
07f021b1-b583-8561-74c6-a2a5fdf0b40e,24132368-ba07-8e5b-b9d6-d1bfb67bce76,LT02,12,50000000.0,37500000.0,A,installment,5,2025-08-29T23:58:39Z,2025-09-04T02:15:08Z
46dffc77-6bf0-1ff3-b12b-c9273f1f8375,12926e19-e815-f556-7e50-65d963d4722a,LT03,1,1000000.0,500000.0,E,lump_sum,6,2025-05-29T06:44:44Z,2025-06-03T13:10:10Z
c56ea0b0-b6c9-89e9-1799-fdabc0b038f3,cace391c-dcfa-c73b-e331-9270b49920d3,LT01,3,2500000.0,2500000.0,B,installment,4,2025-10-17T17:32:32Z,2025-10-22T07:36:49Z
04ed7774-28ba-169e-3297-dee041d66eff,d616f354-ab38-3f5c-a4f8-6bd8c457e2c9,LT01,6,2500000.0,2000000.0,B,lump_sum,6,2025-10-03T08:55:40Z,2025-10-08T19:43:09Z
9911cf28-cea0-245e-10bb-54e4860389d4,3300725b-f0d8-4053-c930-ba68c8371c06,LT03,1,2000000.0,2000000.0,C,lump_sum,5,2025-06-09T07:47:19Z,2025-06-16T15:04:53Z
f9d0fe65-a48f-c5d4-86ab-109708848c0e,4e209a84-8648-837e-303c-e87575d02716,LT02,3,5000000.0,5000000.0,C,installment,6,2025-02-14T02:22:26Z,2025-02-19T22:18:50Z
8e21c85b-be3e-081b-9a18-833e7c49ecf3,c4e4e575-195e-a4d3-8922-4217be26e7c6,LT01,3,10000000.0,10000000.0,B,installment,5,2026-04-21T18:54:31Z,2026-04-24T14:57:37Z
b610cacf-c34c-6bd5-df7f-beb47d44fe8a,b7ee9b23-74e2-d37b-9846-c330221e622f,LT01,3,2500000.0,1500000.0,B,installment,6,2026-04-06T20:30:49Z,2026-04-08T19:41:37Z
fd933225-d3e2-0589-2171-6238a515768c,73502e89-3b04-6928-c23e-6a950c207aef,LT03,1,2000000.0,1600000.0,A,lump_sum,6,2025-12-13T04:50:01Z,2025-12-18T16:36:10Z
f1149ad7-ed27-862b-dffc-7bcc6b28ddca,3d97d879-ea39-b6b5-d5ca-314608b0dde5,LT03,1,1500000.0,1125000.0,B,lump_sum,7,2025-07-26T09:13:20Z,2025-07-29T04:43:33Z
e8d4c6cf-c846-e709-d6ed-d8355862162d,d616f354-ab38-3f5c-a4f8-6bd8c457e2c9,LT03,1,2000000.0,1200000.0,C,lump_sum,6,2025-09-13T10:30:31Z,2025-09-19T12:07:45Z
529bfc8d-bd28-72f6-1eb7-a2a4b5e2c961,20f5a352-de22-2f8c-3051-0b52a9dbe507,LT01,6,1000000.0,500000.0,C,lump_sum,5,2026-01-26T13:29:40Z,2026-02-01T06:55:14Z
f8ebf336-5888-4567-38be-b6b3e971d13d,d3b121f0-1746-edc7-78a1-a2bbf278b89d,LT03,1,1000000.0,1000000.0,A,lump_sum,6,2025-12-03T05:17:28Z,2025-12-09T21:26:28Z
2b4a1ea5-8772-2dc6-4fc2-e33219e12f86,440316b2-97ed-3fb5-d8c5-7b105f4c2a7a,LT03,1,2000000.0,2000000.0,B,lump_sum,6,2025-08-24T04:58:32Z,2025-08-28T20:18:56Z
46abff09-b66e-14aa-ec65-1d5bdb48f52e,22c13d4b-cdea-8254-a296-15cee05b2a4d,LT03,1,500000.0,500000.0,B,lump_sum,6,2025-03-21T04:44:05Z,2025-03-22T04:11:41Z
584abd55-e575-b5d6-a10f-ffe60a76e21b,8c2b344a-70e0-affc-b474-994dbd620952,LT03,1,500000.0,500000.0,D,lump_sum,6,2026-01-01T01:28:58Z,2026-01-02T12:46:36Z
281c1541-65c7-541b-2157-562e7ae28307,3d67ff3a-3b07-ad70-11f8-a09cfa601dc6,LT02,3,10000000.0,10000000.0,A,installment,7,2025-02-17T16:16:19Z,2025-02-20T20:10:40Z
af19bbbd-5326-8fc6-fc2c-63413fdf98be,2b564ed0-4604-c18a-c90d-06187513991b,LT03,1,1000000.0,1000000.0,B,lump_sum,6,2025-06-13T06:18:42Z,2025-06-18T20:03:28Z
5be3c7f1-b683-4d45-fc7a-135bddf23d30,03b188cb-0e2f-76cc-3e65-105125a81b18,LT01,6,5000000.0,5000000.0,B,installment,5,2025-11-11T03:05:46Z,2025-11-14T16:13:30Z
6de23a07-d6f2-19d3-d13a-d3736b0fc4e8,73e46a7f-fe78-ea20-e41b-66d413c6bbdc,LT01,3,2500000.0,1500000.0,B,installment,6,2025-04-06T02:17:02Z,2025-04-14T15:13:22Z
c2541af1-3fbe-80ff-884b-46fbe48359c5,e4954f3c-fa20-9f78-ee40-0f9b969a3034,LT01,6,5000000.0,5000000.0,A,lump_sum,5,2026-01-11T23:43:15Z,2026-01-19T06:27:16Z
fbf74d81-ab2d-fb69-278d-8300c9eccb8c,396d8df1-6ea3-05d9-3964-b226e445d185,LT03,1,500000.0,500000.0,C,lump_sum,6,2025-11-16T07:37:31Z,2025-11-19T09:37:29Z
d9a52f31-21fb-de4e-ae2a-7017c33dc887,a6ee2c95-1619-9352-1ad6-b01e46ecb490,LT01,1,1000000.0,1000000.0,A,installment,6,2026-05-05T16:51:59Z,2026-05-09T15:24:29Z
2a77b0e6-e63d-25bb-9d78-f379b4d62abd,5fec16b7-02d8-7790-32b2-f9a08eee79ba,LT03,1,1000000.0,1000000.0,E,lump_sum,6,2025-09-17T08:24:01Z,2025-09-21T00:06:05Z
f199bca1-d899-9948-b0e0-a13e3028cfb2,bd60e281-7638-a483-a038-189f89e59077,LT02,6,2000000.0,2000000.0,E,installment,5,2026-06-17T18:42:57Z,2026-06-21T17:17:12Z
b087bca0-a62e-dd24-f5be-eddc1a43723e,b7ee9b23-74e2-d37b-9846-c330221e622f,LT03,1,2000000.0,1000000.0,B,lump_sum,6,2025-06-27T20:59:04Z,2025-07-05T22:41:50Z
6277220e-ab2d-85db-3f92-aa523e48451e,eeaa3d41-677e-dd48-6721-7c7de401203a,LT03,1,1000000.0,1000000.0,D,lump_sum,5,2026-07-15T17:43:04Z,2026-07-22T20:04:38Z
c6650bff-36ed-32af-9980-4a809e4b955f,44d95abd-1311-49b2-2f01-5d847c61cf8b,LT02,3,25000000.0,20000000.0,C,lump_sum,6,2025-09-21T11:19:56Z,2025-09-24T23:39:20Z
e0b08a09-b078-e12a-9dba-f01104690d7a,b7aa817b-4562-a2c5-07c5-7fe30f1853e9,LT01,3,2500000.0,2500000.0,A,installment,6,2025-01-15T09:20:28Z,2025-01-21T22:20:53Z
50e3b32f-0427-0b5f-14dd-99c98121e3b8,8c2b344a-70e0-affc-b474-994dbd620952,LT01,6,5000000.0,3750000.0,B,installment,8,2026-05-03T14:59:49Z,2026-05-09T10:40:04Z
67786098-c2af-6e0b-b5f5-c5a31e355d62,b5913249-9019-975d-789d-077ef46462e2,LT01,3,1000000.0,900000.0,D,lump_sum,6,2025-08-29T18:44:56Z,2025-08-30T03:57:40Z
4b34af89-c4a3-1a56-4141-10fcf238c606,5c2e4d54-ddeb-d629-ab21-7179edf811dd,LT02,6,50000000.0,50000000.0,B,installment,6,2025-07-13T10:27:10Z,2025-07-14T16:07:01Z
0b1653af-8ea1-b03c-9bdf-a5d2b5eb875f,34ef1ccd-d38b-838c-fd81-78a1cc4775c1,LT03,1,1500000.0,1350000.0,D,lump_sum,6,2026-02-04T22:00:49Z,2026-02-13T18:21:39Z
e02f2589-097e-bfe2-7e55-a4f5cc0d3dfb,9da9adb8-1245-9949-a05f-2f46b9e2b02b,LT02,3,25000000.0,25000000.0,B,installment,6,2025-01-28T16:10:18Z,2025-02-01T11:43:07Z
b9fbe814-a996-877f-e9ff-30e3262b1220,3d97d879-ea39-b6b5-d5ca-314608b0dde5,LT01,6,5000000.0,5000000.0,B,installment,6,2025-09-01T21:04:56Z,2025-09-05T05:21:08Z
9a0b175f-a7d8-951b-ad3b-4b7fb108cc6a,d49ff5b1-e55c-b5df-1c8f-a59d8bc7ec36,LT01,3,5000000.0,5000000.0,D,installment,6,2025-06-10T08:15:15Z,2025-06-14T03:16:04Z
9defb589-565a-90d6-0f15-492300c9d799,5c2e4d54-ddeb-d629-ab21-7179edf811dd,LT02,6,10000000.0,8000000.0,D,installment,7,2025-01-24T11:09:06Z,2025-01-28T06:59:22Z
839b3710-b73c-f827-c08c-ae71dea950a8,f0b36c63-0d0f-124a-3fa1-be4f84ebaeb2,LT03,1,1500000.0,1500000.0,B,lump_sum,7,2026-03-10T22:06:47Z,2026-03-13T06:01:47Z
15ca2e58-7ed1-8890-5bcf-4ed0bd23a6d0,396d8df1-6ea3-05d9-3964-b226e445d185,LT02,12,25000000.0,25000000.0,C,lump_sum,5,2026-03-22T07:33:37Z,2026-03-27T11:54:31Z
4247bc0c-2eeb-693b-01a8-92f1234766c4,20f5a352-de22-2f8c-3051-0b52a9dbe507,LT03,1,2000000.0,0.0,D,lump_sum,3,2025-05-10T05:25:29Z,2025-05-11T04:13:00Z
64cc27dd-3062-aa8d-52be-bb73ac871493,1d9fcc07-1334-b351-adb2-88a488c9d63e,LT01,3,5000000.0,4000000.0,C,lump_sum,5,2026-07-31T15:37:00Z,2026-08-06T04:47:25Z
6bd447d4-5366-5159-df78-4d46b8abd7eb,3a75d36b-1539-aa8b-5a81-914191e03b7a,LT03,1,1000000.0,0.0,A,lump_sum,3,2026-01-06T12:04:37Z,2026-01-09T10:38:04Z
20fd30b3-5bd4-3495-b2fa-7c5670f5d912,62190b56-fca4-bed7-afb7-e2ddb93c2a11,LT02,12,50000000.0,40000000.0,B,lump_sum,5,2025-07-12T02:56:08Z,2025-07-18T02:32:06Z
69ad557b-b208-631b-8775-2e5c4322ab0d,aa491bcf-31f9-3e32-fc53-c77c9e66b2ab,LT03,1,1000000.0,750000.0,A,lump_sum,5,2025-12-04T09:54:33Z,2025-12-07T05:33:37Z
aa62105c-b25b-b824-8f73-2e835e662964,fe5f32fa-3ce9-b893-3212-693ccfa13a9a,LT01,1,1000000.0,1000000.0,E,installment,5,2026-07-20T03:31:43Z,2026-07-24T20:34:44Z
d40bbfa0-5f90-44bd-35eb-f15a69b2dac0,7ead2504-4a7c-57be-c93f-d08026aa95f3,LT01,6,1000000.0,900000.0,A,installment,5,2026-05-17T16:48:29Z,2026-05-19T21:06:19Z
af740f99-4f1b-aa04-731e-d3bd61854119,9de3a777-b549-b0f8-2d92-5cc4d2660314,LT01,3,10000000.0,10000000.0,D,installment,6,2026-03-06T10:28:57Z,2026-03-09T11:52:41Z
120c3980-761f-3107-d254-a2503174e3ac,94159201-c549-470b-6b09-35334667b90e,LT01,1,2500000.0,2000000.0,B,installment,6,2025-08-31T23:58:05Z,2025-09-04T17:04:22Z
c7cc6794-85aa-7f63-19aa-8a5667086221,b7ee9b23-74e2-d37b-9846-c330221e622f,LT01,1,2500000.0,1250000.0,C,lump_sum,6,2025-03-27T20:59:55Z,2025-03-31T10:14:52Z
94e36914-3f19-2786-682c-abce3cf4b5dc,d6efe797-ffed-99e7-c270-c7ca421d9118,LT03,1,500000.0,500000.0,C,lump_sum,6,2025-12-05T05:38:22Z,2025-12-11T04:03:50Z
d571ce33-2d3a-9cc8-f424-750d06edd51b,d616f354-ab38-3f5c-a4f8-6bd8c457e2c9,LT01,1,5000000.0,5000000.0,E,installment,7,2025-08-09T07:35:11Z,2025-08-12T02:07:49Z
5a9f1804-f0e0-571b-b67d-579b9ba70198,c7ea559f-3e47-235f-30e1-113a025c98e7,LT02,6,2000000.0,1500000.0,C,lump_sum,5,2025-12-28T12:02:00Z,2026-01-01T20:53:09Z
8d60f5e6-537e-0e10-1c7b-14d6bce232c6,df9f844b-e938-bead-0113-6b4de0918d29,LT01,6,5000000.0,5000000.0,C,installment,6,2025-07-14T09:55:32Z,2025-07-19T09:38:15Z
01e1c2a9-d308-9152-d7f2-b041d2a8b3f8,9a0952fd-de57-6505-ce91-9771da00b936,LT01,6,5000000.0,5000000.0,B,installment,4,2025-12-29T09:49:17Z,2025-12-31T22:58:56Z
d7912396-30ed-8fa0-5c84-08eabc951dcf,17babd11-299c-7c4e-0663-a10e309659f2,LT03,1,1000000.0,500000.0,A,lump_sum,6,2025-08-11T19:55:50Z,2025-08-13T12:45:30Z
b83e6241-2645-b07e-a589-6a4697d1285c,bb5c83dd-ffd9-9676-e695-e2d38756025e,LT03,1,2000000.0,2000000.0,E,lump_sum,6,2025-04-24T19:49:44Z,2025-04-29T20:51:06Z
81fd973a-ecaf-1e9c-ba4a-6904c4ec4baf,440316b2-97ed-3fb5-d8c5-7b105f4c2a7a,LT01,1,1000000.0,1000000.0,A,installment,6,2025-06-17T07:00:12Z,2025-06-21T13:05:48Z
73e7c066-6fbc-b0e6-59ef-9dcb9fa369dd,deb37b8e-af7d-c3d9-99f0-1a789be1b8bd,LT01,3,1000000.0,1000000.0,D,installment,5,2026-04-27T08:18:51Z,2026-05-02T17:23:24Z
3f298f91-1664-ac49-5059-b66f15199fa4,a341033d-8d69-1b43-0a8d-c33b6f4829ee,LT02,12,50000000.0,30000000.0,D,lump_sum,5,2026-02-25T18:28:19Z,2026-03-01T23:16:59Z
7ff467ea-61d5-f3fb-cca3-d9a26e351297,4db8209d-39f9-a6b7-8070-1eb6e87407f9,LT03,1,500000.0,500000.0,B,lump_sum,6,2025-01-18T07:21:22Z,2025-01-21T01:18:04Z
ff7d6af0-6cdf-56b9-84c5-edc57f3822aa,2ff5ad69-1473-8dc2-0f8c-4445a3914cd9,LT03,1,1500000.0,1500000.0,B,lump_sum,5,2026-07-10T11:19:26Z,2026-07-11T01:18:27Z
ee6f6fb1-06cc-4e20-cdbe-f577376fb871,f850f83b-84d9-4a0b-ddc2-b251f76f0463,LT03,1,2000000.0,2000000.0,A,lump_sum,6,2025-03-18T10:42:33Z,2025-03-22T06:20:18Z
ad0e690c-4cd1-42af-2e49-e5fa2f7d255b,50a2bc24-0214-22c5-243b-2c83063ec415,LT02,3,25000000.0,25000000.0,B,installment,5,2026-07-12T00:20:22Z,2026-07-15T14:09:03Z
0af16c01-d16d-6624-8e25-c66d01c766e2,1db9f08b-8a9b-1b7a-abf9-4a0b2b8c7ebb,LT02,6,25000000.0,25000000.0,C,installment,5,2026-05-07T12:10:57Z,2026-05-14T19:49:58Z
e16f873e-9d1a-4d66-bc0f-02b4b26ebec6,b2c72070-cfe3-f640-fcb5-4a39098c0e27,LT02,3,50000000.0,50000000.0,C,installment,5,2026-03-16T08:45:05Z,2026-03-22T21:11:08Z
1a32f9ec-90ad-0b9f-25ab-15ff2e94d9ff,251c943c-bb00-2e9a-e211-d9a3cf5181ab,LT02,6,50000000.0,37500000.0,B,installment,6,2025-09-27T08:49:17Z,2025-10-02T19:40:49Z
1631fe3b-19b9-d643-5441-29e076b5c223,36907bc9-6a25-5486-6c37-feac21ba4a76,LT03,1,1000000.0,500000.0,B,lump_sum,5,2026-03-05T02:55:17Z,2026-03-11T14:51:08Z
df1ab5c4-e510-8858-a9f4-f8eee5cba3d6,790037e0-c8eb-6d80-e8ad-ee63fa1c99d8,LT03,1,500000.0,500000.0,D,lump_sum,6,2025-03-02T20:38:16Z,2025-03-05T01:02:57Z
39932035-b6f0-cebb-e3c2-f941f785fa4a,70dd0d3c-4f8b-8d2e-71c0-7c66d4dba25c,LT03,1,1500000.0,1125000.0,D,lump_sum,6,2026-03-07T16:57:26Z,2026-03-11T00:17:51Z
b2671073-1d15-684b-f04b-a9acb176026b,396d8df1-6ea3-05d9-3964-b226e445d185,LT02,12,50000000.0,50000000.0,B,installment,6,2025-05-08T21:12:15Z,2025-05-10T02:24:19Z
d6265839-1ee1-4cfe-0994-44606ed0489c,0973367b-7d99-20a7-162b-25b604b51506,LT01,6,10000000.0,5000000.0,C,installment,5,2026-04-16T19:18:06Z,2026-04-19T05:46:03Z
6369210e-71aa-78a3-e92e-56e266146ce3,396d8df1-6ea3-05d9-3964-b226e445d185,LT01,3,10000000.0,10000000.0,A,installment,6,2025-03-29T20:06:37Z,2025-04-02T12:14:17Z
6c52822b-6e07-cd2b-938c-ff72e514dd60,92f713b0-1ab6-33ee-808f-ca94981cdb05,LT03,1,1500000.0,1500000.0,C,lump_sum,5,2026-06-06T11:24:44Z,2026-06-11T21:13:03Z
1a9bdba0-ffe1-4332-a355-6507622297f6,253978b2-6ed2-6fca-d7be-86ef9cc24a68,LT03,1,500000.0,250000.0,C,lump_sum,6,2025-11-30T12:11:25Z,2025-12-01T08:01:12Z
e9813c5f-88dd-f469-71f1-a2f236db46f9,d616f354-ab38-3f5c-a4f8-6bd8c457e2c9,LT01,6,10000000.0,10000000.0,A,lump_sum,5,2026-07-21T21:06:25Z,2026-07-25T16:18:34Z
515d1786-b816-9654-428c-76ff3e53da88,e0c30f88-2048-8ef6-9de7-a8de925432f0,LT03,1,2000000.0,2000000.0,D,lump_sum,6,2025-07-25T05:30:23Z,2025-07-31T03:29:58Z
ce25ec41-8261-e63e-b35b-ff5322502223,e0c30f88-2048-8ef6-9de7-a8de925432f0,LT01,6,2500000.0,2500000.0,B,installment,6,2025-03-06T23:28:14Z,2025-03-11T21:02:54Z
bd9a677f-7d5a-189f-83fb-60097197baf2,d3b121f0-1746-edc7-78a1-a2bbf278b89d,LT01,3,1000000.0,1000000.0,B,installment,6,2026-02-16T03:16:58Z,2026-02-24T09:45:44Z
5795f4cc-a98d-a42f-e19e-bbfa2381d776,12926e19-e815-f556-7e50-65d963d4722a,LT01,6,10000000.0,5000000.0,B,installment,5,2026-03-17T23:40:13Z,2026-03-22T03:59:34Z
ad755c73-6d06-139c-526c-0206330caeb6,0fcf497b-c276-4c6a-fc77-22712fcded3c,LT02,6,50000000.0,50000000.0,B,lump_sum,6,2025-09-04T13:45:46Z,2025-09-09T18:19:17Z
2bb9f1ee-7b3d-a428-73d2-eaf642b6016c,49db77b0-261c-2270-55df-69ee2422e927,LT02,12,25000000.0,25000000.0,D,installment,5,2025-02-28T13:02:43Z,2025-03-07T17:09:46Z
70944982-b479-2c47-fb5f-b74823761d96,3300725b-f0d8-4053-c930-ba68c8371c06,LT03,1,1500000.0,750000.0,D,lump_sum,6,2025-07-19T01:37:28Z,2025-07-25T00:41:51Z
f4190fba-884a-0a90-430f-1805aaba7b9e,873a3c66-39f9-9096-4eca-6993e4c7ad76,LT01,1,5000000.0,0.0,B,installment,3,2025-02-22T01:44:05Z,2025-02-23T15:33:17Z
2010194f-6681-7fee-6dc5-cb3c482a8584,0253e03d-3031-4cfd-a104-256335fe5280,LT02,3,5000000.0,2500000.0,C,installment,6,2026-01-18T19:25:04Z,2026-01-22T03:19:12Z
53bc771c-5c61-4397-387a-fa87dc8f07f5,3300725b-f0d8-4053-c930-ba68c8371c06,LT01,6,5000000.0,3000000.0,B,installment,5,2026-07-07T21:21:42Z,2026-07-13T03:48:25Z
2a8dbf33-d153-bd07-c2d4-c37ef67effd9,03b188cb-0e2f-76cc-3e65-105125a81b18,LT03,1,1500000.0,750000.0,A,lump_sum,6,2025-10-16T20:22:10Z,2025-10-21T08:37:12Z
c114b8a3-8af8-7744-652a-de8ccfac1d66,fe5f32fa-3ce9-b893-3212-693ccfa13a9a,LT02,3,50000000.0,50000000.0,C,installment,6,2025-01-17T14:06:45Z,2025-01-25T00:55:40Z
10205318-f11e-232c-14a8-721832816c55,d49ff5b1-e55c-b5df-1c8f-a59d8bc7ec36,LT02,12,50000000.0,50000000.0,B,installment,5,2025-10-27T19:41:34Z,2025-11-02T05:02:04Z
8726f20a-9bc6-b456-f05b-7a7c9c256ec2,bb5c83dd-ffd9-9676-e695-e2d38756025e,LT01,3,2500000.0,2500000.0,D,installment,5,2026-03-20T15:07:55Z,2026-03-26T14:30:15Z
d782e35e-e8f8-7012-987a-6200725c7d73,3300725b-f0d8-4053-c930-ba68c8371c06,LT02,3,25000000.0,25000000.0,B,installment,6,2025-07-13T03:33:56Z,2025-07-21T19:06:32Z
0d6af446-e15c-7c1b-38bf-92397aa60f30,b7ee9b23-74e2-d37b-9846-c330221e622f,LT01,1,5000000.0,5000000.0,C,installment,5,2025-12-10T23:35:15Z,2025-12-17T08:23:06Z
04c94284-b256-3733-11c9-54b56ee25eca,4db8209d-39f9-a6b7-8070-1eb6e87407f9,LT01,1,2500000.0,2500000.0,E,installment,6,2026-03-28T02:09:08Z,2026-04-02T13:31:04Z
9913f633-10f5-3534-78e8-7019d3e6947d,e4954f3c-fa20-9f78-ee40-0f9b969a3034,LT01,1,1000000.0,900000.0,C,installment,6,2025-09-15T16:33:54Z,2025-09-20T23:17:10Z
4831fc45-0506-802c-2fcf-9f1a85705ec0,cddbdf66-23ec-881c-312e-0ca2481033e2,LT02,3,50000000.0,50000000.0,A,lump_sum,6,2025-07-28T19:37:52Z,2025-08-03T01:30:05Z
d8fa49b9-947d-64eb-bbe4-a5be171e1ff8,f0b36c63-0d0f-124a-3fa1-be4f84ebaeb2,LT01,1,1000000.0,0.0,E,installment,3,2025-02-08T12:42:01Z,2025-02-09T08:15:42Z
2ccbc56d-6937-e097-37aa-94daa13ca63e,d77a0517-119b-a95f-e67d-d618733c030c,LT01,3,5000000.0,3750000.0,C,installment,6,2026-01-14T21:21:13Z,2026-01-19T08:28:36Z
f31db34d-de37-0667-3ff5-632ca2565f24,6c798656-d455-db73-f9b0-d009e29e3a6d,LT03,1,1000000.0,500000.0,C,lump_sum,8,2026-07-21T09:00:05Z,2026-07-28T09:56:49Z
3777348d-2cd8-4b28-9471-34d560847dfa,10d5a32a-60d0-58e3-16ac-6a045506281d,LT01,1,1000000.0,1000000.0,B,lump_sum,5,2026-02-28T19:44:57Z,2026-03-03T11:08:57Z
e2e596e1-d343-137a-7909-f60d5091f248,8a1b1284-4990-abc9-9a0e-51a14b55f159,LT02,12,25000000.0,25000000.0,B,lump_sum,5,2025-09-22T02:19:21Z,2025-09-28T20:36:22Z
f20ab944-3bc9-3dd8-3927-7c3ce2645cfc,5c0e4611-d0de-18aa-9e1c-d1409c23bf99,LT01,1,10000000.0,10000000.0,B,lump_sum,6,2026-06-04T17:22:54Z,2026-06-06T08:28:06Z
5a145472-ba26-6383-510a-7470a1d38000,05d6657f-6b3d-342c-9f4b-a4a53ca8af12,LT03,1,500000.0,375000.0,E,lump_sum,7,2025-02-16T22:37:12Z,2025-02-18T01:41:58Z
97fa13f2-3e5f-3d3a-93e6-7289fbc8cde9,873a3c66-39f9-9096-4eca-6993e4c7ad76,LT03,1,500000.0,500000.0,D,lump_sum,6,2026-01-30T16:56:09Z,2026-02-03T07:00:11Z
ed5271f2-68a2-e324-6be6-07d802f858ae,24132368-ba07-8e5b-b9d6-d1bfb67bce76,LT01,3,10000000.0,10000000.0,B,installment,6,2025-12-13T01:55:19Z,2025-12-18T09:34:07Z
2580db51-074d-8b16-0d07-976b3bb016f5,3d67ff3a-3b07-ad70-11f8-a09cfa601dc6,LT01,3,10000000.0,10000000.0,E,installment,5,2026-01-13T08:56:35Z,2026-01-19T09:23:57Z
7a9d5646-6cc0-7f06-5672-60255a8ece33,70dd0d3c-4f8b-8d2e-71c0-7c66d4dba25c,LT02,6,2000000.0,1500000.0,A,installment,5,2026-06-25T11:19:45Z,2026-07-01T11:16:37Z
bd6e0c36-5431-d1d9-4c9f-26d0ce9f869a,6280b689-1be9-0926-ef0d-74eee84ee189,LT01,1,5000000.0,5000000.0,E,installment,6,2025-09-12T06:04:09Z,2025-09-21T16:36:33Z
80edd51a-495c-6554-4c3c-9e6d864aefb2,b2c72070-cfe3-f640-fcb5-4a39098c0e27,LT02,6,10000000.0,0.0,B,installment,3,2025-02-06T07:10:52Z,2025-02-07T01:46:43Z
d88cf545-d25c-0462-eba3-dc4dff241720,cace391c-dcfa-c73b-e331-9270b49920d3,LT01,1,1000000.0,1000000.0,B,installment,7,2025-05-24T17:57:19Z,2025-05-31T20:29:42Z
6e09b5be-5e0c-5768-9b13-480475a8db5b,bd60e281-7638-a483-a038-189f89e59077,LT03,1,500000.0,500000.0,D,lump_sum,6,2025-03-22T20:49:06Z,2025-03-24T19:44:45Z
5b56f362-51f0-d213-7326-7ce70367d8f1,73e46a7f-fe78-ea20-e41b-66d413c6bbdc,LT03,1,1000000.0,1000000.0,B,lump_sum,6,2026-02-20T17:20:42Z,2026-02-26T16:24:44Z
d2fdd67b-7474-9456-4f4b-7eb48fbcb9f4,12926e19-e815-f556-7e50-65d963d4722a,LT03,1,1000000.0,1000000.0,E,lump_sum,6,2025-05-25T18:21:13Z,2025-05-31T17:22:19Z
a1e319e9-50a1-9c55-f6a6-74ae49533624,f850f83b-84d9-4a0b-ddc2-b251f76f0463,LT03,1,1000000.0,1000000.0,C,lump_sum,6,2025-12-15T03:50:45Z,2025-12-18T13:24:00Z
8874ec74-3b5a-bb6e-caac-474a6bd11ec3,84035c53-1e48-0957-524d-b451052a7b60,LT03,1,1500000.0,1125000.0,C,lump_sum,6,2026-05-16T01:06:29Z,2026-05-22T22:33:27Z
0f0793de-53f0-34e0-af38-1bc60a797c15,a632394a-ad9d-4392-61f1-f98aebd5366d,LT03,1,2000000.0,2000000.0,B,lump_sum,8,2026-05-27T07:44:19Z,2026-06-01T15:30:04Z
2fa9013f-9528-b24f-49cb-d87a346d833e,d77a0517-119b-a95f-e67d-d618733c030c,LT01,6,1000000.0,1000000.0,A,installment,6,2025-03-23T23:24:03Z,2025-03-29T01:09:07Z
a0d40730-f0a3-9f73-9672-6f389630afad,5fec16b7-02d8-7790-32b2-f9a08eee79ba,LT02,3,25000000.0,25000000.0,C,installment,6,2025-08-14T19:56:33Z,2025-08-20T08:56:11Z
6368e97f-931b-79b8-284a-273f05cf23d0,36907bc9-6a25-5486-6c37-feac21ba4a76,LT02,6,10000000.0,7500000.0,C,installment,7,2025-04-25T19:27:03Z,2025-04-27T02:42:34Z
2cc29eeb-71c5-e25c-1c2c-394f251c69fc,a6ee2c95-1619-9352-1ad6-b01e46ecb490,LT02,12,2000000.0,1200000.0,A,installment,6,2025-02-06T02:55:13Z,2025-02-10T11:28:44Z
d45cef8f-3b77-476a-7806-dffc3a44b8f4,ba166c5c-caa5-2d42-ef20-0cfcd93d5237,LT02,6,10000000.0,10000000.0,D,lump_sum,5,2026-03-31T09:35:05Z,2026-04-07T21:17:59Z
5ea52768-b26d-8e2c-3de7-ae02c0e540eb,10d5a32a-60d0-58e3-16ac-6a045506281d,LT03,1,1500000.0,0.0,B,lump_sum,3,2026-07-07T04:08:54Z,2026-07-09T19:57:32Z
d9dede5d-d565-b8de-f46e-afadbdf948d9,f76dbf37-6e94-5c8f-f63d-8bd82e92bd2b,LT03,1,1000000.0,1000000.0,C,lump_sum,6,2025-04-27T17:13:49Z,2025-05-04T03:39:28Z
f4656d36-4acb-ff8c-85d9-4bb70e72db28,73502e89-3b04-6928-c23e-6a950c207aef,LT03,1,500000.0,375000.0,E,lump_sum,8,2025-01-19T16:16:53Z,2025-01-21T15:30:18Z
ba86db27-d6fa-688f-bf1b-35cd220fcce0,c6d5a901-0319-0789-cf0a-3a09c96b1c91,LT03,1,2000000.0,1500000.0,D,lump_sum,5,2025-07-25T13:15:48Z,2025-07-31T07:51:57Z
557ee8b6-2a6d-97ce-a78f-c71a7a645552,b17b0446-75a5-3c78-5fd2-65464ae0ba0e,LT01,1,10000000.0,7500000.0,B,installment,5,2026-06-17T08:23:39Z,2026-06-23T03:32:12Z
25fe56e2-6f3c-9da3-1d1b-89fb655522c0,b5913249-9019-975d-789d-077ef46462e2,LT02,6,2000000.0,2000000.0,A,installment,6,2025-03-17T08:10:14Z,2025-03-23T01:42:24Z
39a82876-06a5-39a6-9d1f-fb79ab4acef3,a4da9309-26f9-e0ad-3c98-53c09d86624a,LT02,6,25000000.0,25000000.0,A,installment,4,2026-06-01T17:01:37Z,2026-06-03T05:31:33Z
9d77190c-06dd-920c-7693-33c6035f3064,1313f0f2-8d32-9b52-3616-8b5f9cd73f68,LT01,1,5000000.0,3750000.0,A,installment,6,2025-09-05T12:57:53Z,2025-09-11T13:15:57Z
e47f98d2-e499-51d8-a6a7-47c28fb457a3,c391d739-3a3e-ecf4-2a80-7b75deb92a3d,LT03,1,500000.0,375000.0,B,lump_sum,6,2025-05-14T20:54:36Z,2025-05-21T00:59:28Z
bad22cde-03ac-ef29-ae73-abe148a0249b,cddbdf66-23ec-881c-312e-0ca2481033e2,LT03,1,1000000.0,1000000.0,A,lump_sum,6,2025-12-28T13:21:17Z,2026-01-01T06:08:30Z
b3661c7b-844b-9fdd-1137-2d83449f89ef,b2c72070-cfe3-f640-fcb5-4a39098c0e27,LT03,1,1500000.0,0.0,C,lump_sum,3,2025-01-09T13:52:34Z,2025-01-12T03:14:02Z
8d4ba57c-9a0a-15e1-5d68-d5521a7e663a,71f63cb1-453d-e60d-a541-da6b1cbe4e4a,LT02,12,10000000.0,10000000.0,C,lump_sum,5,2025-10-14T18:26:20Z,2025-10-16T07:45:16Z
e129dc1c-adcd-64bc-4238-8cd53811a6e5,3b8edaa7-2823-ea74-cd30-398bc4c96cb1,LT03,1,500000.0,0.0,C,lump_sum,3,2025-01-06T10:06:20Z,2025-01-08T20:49:16Z
0a2c7a7d-3af2-5da6-8b5b-0eeacb41ddd8,ba166c5c-caa5-2d42-ef20-0cfcd93d5237,LT01,3,2500000.0,2500000.0,A,lump_sum,5,2026-07-17T00:46:31Z,2026-07-20T22:55:54Z
a3e16596-b937-e57c-da9c-34081c0ad7a9,55621e44-4ac3-8464-2338-faeeaf6945e7,LT03,1,1500000.0,1200000.0,E,lump_sum,6,2025-08-19T08:37:19Z,2025-08-23T17:23:00Z
5308a99a-6d1a-5bfa-d39d-4de30aaabfc1,69158788-4376-44c0-90c9-28dca674741b,LT01,3,2500000.0,2500000.0,B,installment,5,2026-02-07T12:29:32Z,2026-02-11T21:32:01Z
f59a05e0-1fc7-f0b3-9ee2-158e72547304,873a3c66-39f9-9096-4eca-6993e4c7ad76,LT03,1,2000000.0,1000000.0,B,lump_sum,4,2025-11-20T10:20:21Z,2025-11-22T10:04:46Z
69032a0d-937f-5611-1c36-86c41acd8922,40775ca4-0a08-d217-2617-a0c24694e10d,LT01,6,1000000.0,1000000.0,C,lump_sum,5,2026-03-01T07:31:09Z,2026-03-04T02:06:27Z
ffdaf578-cf11-395d-92c3-bd35158ae1b0,d6efe797-ffed-99e7-c270-c7ca421d9118,LT01,6,1000000.0,1000000.0,B,installment,5,2026-03-23T22:11:37Z,2026-03-30T19:26:50Z
1142aaa2-ebcf-3d42-72c3-3b9ae67f8c16,24132368-ba07-8e5b-b9d6-d1bfb67bce76,LT02,3,5000000.0,5000000.0,A,installment,6,2026-02-27T22:51:05Z,2026-03-01T18:56:07Z
ac3c6a0b-5372-1196-3c53-4a41b26d1fc4,1db9f08b-8a9b-1b7a-abf9-4a0b2b8c7ebb,LT03,1,1000000.0,1000000.0,B,lump_sum,5,2026-02-12T16:17:47Z,2026-02-15T05:52:16Z
622d31ba-8849-b956-efff-5eb5c7065d0c,6280b689-1be9-0926-ef0d-74eee84ee189,LT03,1,1500000.0,1500000.0,B,lump_sum,6,2025-09-25T10:34:50Z,2025-09-29T12:50:50Z
c712c48c-8935-bcac-4211-097b38b42fc5,d6efe797-ffed-99e7-c270-c7ca421d9118,LT02,12,10000000.0,6000000.0,A,lump_sum,5,2026-02-21T15:03:37Z,2026-02-25T01:27:16Z
8031ef4e-cf61-f9c1-6cbb-8321e2b7bda3,9de3a777-b549-b0f8-2d92-5cc4d2660314,LT01,6,5000000.0,5000000.0,E,installment,5,2026-03-30T06:52:46Z,2026-04-06T00:55:31Z
71fffbd9-892a-beeb-becd-7921e61238a0,f850f83b-84d9-4a0b-ddc2-b251f76f0463,LT02,3,2000000.0,2000000.0,B,installment,6,2025-06-16T21:11:07Z,2025-06-21T21:29:22Z
a4fcbc5e-c52b-2f35-ccfa-d258932df215,84035c53-1e48-0957-524d-b451052a7b60,LT02,6,5000000.0,5000000.0,B,installment,5,2026-07-07T21:02:13Z,2026-07-10T14:56:42Z
937da97f-3bfb-73e3-affa-e7cfeb6876f1,f2db32a0-0bb6-6a5c-9802-62bf101aab6e,LT02,3,2000000.0,2000000.0,C,installment,6,2025-05-16T20:16:23Z,2025-05-21T15:57:02Z
9af6856e-1ad9-bf5c-5948-1e6cba28e56f,f0b36c63-0d0f-124a-3fa1-be4f84ebaeb2,LT02,12,5000000.0,5000000.0,B,installment,5,2026-04-08T22:36:02Z,2026-04-10T00:08:17Z
0ff3f12a-3c40-cd4e-adc8-6e13b98b7937,03b188cb-0e2f-76cc-3e65-105125a81b18,LT03,1,500000.0,500000.0,A,lump_sum,6,2026-04-24T18:00:48Z,2026-05-01T08:41:26Z
f06f61e2-9b44-196e-0a69-9f12f323db8c,fe5f32fa-3ce9-b893-3212-693ccfa13a9a,LT03,1,1000000.0,500000.0,C,lump_sum,5,2026-04-15T18:34:01Z,2026-04-18T14:40:48Z
6762b5e0-2b1e-9544-0ce8-34f683cf63c2,19dda65c-5bef-0b2a-8fdc-70f9b563eecc,LT01,1,1000000.0,900000.0,A,installment,6,2026-01-27T23:38:24Z,2026-01-27T19:54:35Z
ae222bfe-cce3-0bb9-4ea9-d3f7be74a4c8,aa491bcf-31f9-3e32-fc53-c77c9e66b2ab,LT03,1,1000000.0,1000000.0,E,lump_sum,6,2025-06-15T15:01:20Z,2025-06-19T05:04:01Z
3755c862-6fb0-cce8-fa6f-ef4ce50bfa78,05d6657f-6b3d-342c-9f4b-a4a53ca8af12,LT03,1,1000000.0,1000000.0,C,lump_sum,6,2026-04-22T05:43:26Z,2026-04-25T13:32:34Z
fdf7997a-fb7f-701d-6df6-bf855cd1bcb4,11ee75e5-ee67-d958-1e84-0070ac1f0acd,LT01,3,2500000.0,2500000.0,C,installment,4,2025-09-21T06:30:02Z,2025-09-24T17:01:32Z
de430733-cb22-872c-1256-7842523ff5dd,1313f0f2-8d32-9b52-3616-8b5f9cd73f68,LT01,6,5000000.0,5000000.0,B,installment,5,2026-06-24T17:15:46Z,2026-06-28T10:48:15Z
db16f1e4-8755-3e01-6233-4a8b3f90b5b6,0b375579-0f67-76e2-e56d-670c32b8b947,LT03,1,1000000.0,1000000.0,A,lump_sum,6,2025-06-17T01:37:29Z,2025-06-26T12:05:42Z
36600c5b-638d-4a69-3d91-eb3940dffe4f,8c2b344a-70e0-affc-b474-994dbd620952,LT03,1,500000.0,500000.0,A,lump_sum,8,2026-06-13T01:26:23Z,2026-06-16T15:04:35Z
2ceeaec8-c123-53ae-bf0c-eb784bc89605,98a53552-9cd0-376b-92f1-47f5a3ae7dbc,LT03,1,2000000.0,2000000.0,A,lump_sum,6,2025-11-26T04:12:23Z,2025-11-27T01:55:26Z
89055d64-3545-02cb-a115-3f91ec672880,405783c5-cb27-c84f-5a04-ec24779d04a8,LT02,3,2000000.0,2000000.0,A,installment,7,2025-06-20T00:35:39Z,2025-06-25T09:41:38Z
edd88024-58c3-fddf-59c5-28706a863c1b,1aead7b7-bd8c-0b42-7cc8-4a74571b7db8,LT03,1,1000000.0,1000000.0,A,lump_sum,6,2025-01-04T14:47:23Z,2025-01-07T21:09:37Z
ca01e7d1-a4d9-8dd5-e711-26aeb668f6b8,d6efe797-ffed-99e7-c270-c7ca421d9118,LT02,12,50000000.0,50000000.0,C,lump_sum,5,2026-06-21T02:39:50Z,2026-06-27T03:12:02Z
845f6c6e-a1cd-02ea-6cdf-cfe1b6a73eeb,735c05fb-965e-7232-1dcb-c80ce7e7fdfc,LT02,3,10000000.0,0.0,B,installment,3,2025-10-16T22:20:17Z,2025-10-19T04:11:22Z
93708e24-96fe-444d-c75f-95521c42dd49,1aead7b7-bd8c-0b42-7cc8-4a74571b7db8,LT03,1,2000000.0,2000000.0,A,lump_sum,6,2025-05-22T18:23:17Z,2025-05-24T20:51:25Z
671e332e-893c-a7e0-b869-c90cccbee503,500aae7c-5ae9-4427-43b7-2e8da834ac48,LT03,1,500000.0,450000.0,A,lump_sum,6,2025-08-06T10:52:02Z,2025-08-10T21:50:46Z
9e2bd964-db44-f88b-ccb6-1a1b64452c13,9de3a777-b549-b0f8-2d92-5cc4d2660314,LT03,1,1500000.0,1500000.0,B,lump_sum,5,2026-03-03T08:08:58Z,2026-03-09T07:59:06Z
acbce845-800a-2cd1-2ae9-d7f4773f663f,c391d739-3a3e-ecf4-2a80-7b75deb92a3d,LT03,1,1500000.0,900000.0,A,lump_sum,8,2025-10-02T23:15:08Z,2025-10-07T23:47:20Z
cc206997-2256-9a84-bb49-331c5fa7ef49,787699bb-e157-6d25-5534-08139dc48e37,LT03,1,1000000.0,1000000.0,C,lump_sum,6,2025-09-26T23:53:47Z,2025-10-01T16:29:29Z
6d134069-205c-eb23-c530-0e3d51746203,edc97b5f-c7ec-8e28-c792-0e39e9179ed6,LT03,1,1000000.0,1000000.0,C,lump_sum,6,2025-02-05T17:48:35Z,2025-02-07T12:41:13Z
61ba6cd5-15b5-c636-48b8-1f2642091194,258df6d0-c4e9-3633-1d88-1810c15dfbed,LT03,1,2000000.0,1800000.0,D,lump_sum,6,2025-10-25T15:05:35Z,2025-10-31T09:11:17Z
babb605e-58b3-64aa-45f4-cd38f6ee0b40,b17b0446-75a5-3c78-5fd2-65464ae0ba0e,LT03,1,500000.0,400000.0,A,lump_sum,4,2026-03-01T07:44:12Z,2026-03-01T19:39:08Z
3d466657-b22c-00ab-4fcf-53c5d45c6706,98a53552-9cd0-376b-92f1-47f5a3ae7dbc,LT03,1,1000000.0,1000000.0,A,lump_sum,6,2026-06-14T13:45:06Z,2026-06-20T06:35:08Z
ede01e29-f67f-ae51-9ce1-a213bf4ace4c,b17b0446-75a5-3c78-5fd2-65464ae0ba0e,LT02,12,25000000.0,25000000.0,C,lump_sum,6,2025-07-03T05:23:51Z,2025-07-09T10:13:58Z
3d2814ef-4fa9-e165-a447-0325202a293b,f76dbf37-6e94-5c8f-f63d-8bd82e92bd2b,LT02,3,50000000.0,25000000.0,B,installment,7,2025-11-02T21:19:31Z,2025-11-08T06:11:50Z
ae39e2a6-7822-5d8c-612e-fdec3b0c18aa,7ead2504-4a7c-57be-c93f-d08026aa95f3,LT02,12,10000000.0,8000000.0,C,installment,5,2025-11-18T00:31:28Z,2025-11-24T01:14:13Z
af74184c-c3ee-e06a-058e-5735ac16fca1,b7ee9b23-74e2-d37b-9846-c330221e622f,LT01,6,10000000.0,6000000.0,B,installment,6,2025-03-14T04:24:46Z,2025-03-21T20:22:56Z
8225d52e-f7b6-2365-ec0e-b9953c9b9db0,4f9a4df8-0cf0-cff9-0a53-36b6e0829c72,LT03,1,1500000.0,1500000.0,B,lump_sum,5,2025-03-11T15:27:15Z,2025-03-13T13:41:26Z
4057c5f9-ab5b-3c9f-6d09-879b419c6043,6c798656-d455-db73-f9b0-d009e29e3a6d,LT03,1,1000000.0,1000000.0,C,lump_sum,6,2026-03-29T16:04:37Z,2026-03-29T17:57:17Z
89074d59-7d64-2428-8088-5cdc0a0fa241,49db77b0-261c-2270-55df-69ee2422e927,LT02,3,10000000.0,10000000.0,D,installment,4,2025-07-01T20:24:32Z,2025-07-03T16:27:07Z
0430a7c6-2b9c-1f09-e5b5-323d9ba8aad2,73502e89-3b04-6928-c23e-6a950c207aef,LT03,1,1000000.0,600000.0,D,lump_sum,7,2025-06-07T20:32:50Z,2025-06-14T23:55:20Z
53517e3e-b5a2-2aa1-323b-22b833baced1,8539eac6-3c8b-d51e-95ff-d3f1a6b079d6,LT01,3,10000000.0,8000000.0,B,installment,6,2025-11-14T06:23:52Z,2025-11-17T12:58:38Z
0ee5fa8e-69cd-c2a5-7e37-f879d41b5eb4,f0b36c63-0d0f-124a-3fa1-be4f84ebaeb2,LT03,1,1500000.0,1500000.0,B,lump_sum,6,2026-01-29T18:10:16Z,2026-02-04T01:54:45Z
525a1ce6-62db-181f-c27c-da97f46ad925,3d67ff3a-3b07-ad70-11f8-a09cfa601dc6,LT03,1,2000000.0,2000000.0,A,lump_sum,6,2025-09-12T19:56:57Z,2025-09-19T05:02:15Z
447fcdb3-62b7-1845-5683-93e3c86e447d,ebd1a90b-128d-d1fc-26a6-cacd5a23f58a,LT03,1,1500000.0,1350000.0,B,lump_sum,5,2026-05-10T11:13:59Z,2026-05-13T10:14:41Z
5cdfc415-08db-1a74-a54a-2c08442fc540,0dc98d09-766d-566f-48ca-e413c1ea59d3,LT02,12,2000000.0,2000000.0,C,installment,6,2025-03-02T23:27:20Z,2025-03-04T13:07:29Z
23f241f2-900c-ca30-cbe2-00b46dfa4be2,0253e03d-3031-4cfd-a104-256335fe5280,LT03,1,2000000.0,0.0,E,lump_sum,3,2025-03-17T02:14:33Z,2025-03-18T21:15:47Z
2da7a143-7ebd-3f19-e2f4-05b7150e8cc0,79576505-26eb-3efa-13b7-1f49bcbd9314,LT02,12,25000000.0,20000000.0,D,lump_sum,6,2025-04-16T21:11:13Z,2025-04-19T21:38:41Z
5c9b3254-ed6f-e12e-9b43-05ca7333e5b1,caf44175-0c75-23a8-b6c8-39d1695a1678,LT01,3,5000000.0,0.0,B,lump_sum,3,2025-04-24T05:45:03Z,2025-04-25T14:30:20Z
724840aa-b9e9-15c7-36f9-f4c19aa6f28b,9fdbc05b-f83d-d842-82b5-af2e761b2aa8,LT03,1,1500000.0,750000.0,C,lump_sum,6,2026-03-31T12:14:51Z,2026-04-03T15:13:18Z
48f2d940-d5e9-400e-6007-b755d1b44ba2,5c0e4611-d0de-18aa-9e1c-d1409c23bf99,LT02,12,50000000.0,50000000.0,E,lump_sum,5,2025-05-14T00:18:01Z,2025-05-19T14:11:05Z
89e9cc6c-aa3c-48af-fb33-02ed60ecda95,5fec16b7-02d8-7790-32b2-f9a08eee79ba,LT02,6,25000000.0,25000000.0,A,installment,5,2026-05-16T13:58:54Z,2026-05-17T11:29:47Z
24f30a87-d0d3-6943-8efa-d613111c26d3,edc97b5f-c7ec-8e28-c792-0e39e9179ed6,LT03,1,1000000.0,1000000.0,C,lump_sum,6,2026-05-05T07:38:42Z,2026-05-10T16:20:47Z
2081a974-2283-dc7a-dca5-99db4d06900c,c046228e-09d2-7f0d-9556-c532ab761b0f,LT02,6,25000000.0,25000000.0,C,installment,8,2025-03-21T14:57:01Z,2025-03-26T06:14:33Z
76dcadb2-ec14-e0c2-5ad3-7fa4029b680d,ecd1f4a6-b95c-b882-e688-4d62e9d847e3,LT03,1,500000.0,500000.0,B,lump_sum,6,2025-09-11T16:50:33Z,2025-09-15T05:32:37Z
744b6ede-b538-2451-0664-aa1201269d7b,0fcf497b-c276-4c6a-fc77-22712fcded3c,LT03,1,1000000.0,1000000.0,C,lump_sum,6,2025-11-08T08:00:13Z,2025-11-17T10:18:37Z
72b0b877-ae4b-b39f-9226-f5039ee362b1,5c0e4611-d0de-18aa-9e1c-d1409c23bf99,LT03,1,2000000.0,2000000.0,B,lump_sum,6,2025-07-19T19:45:08Z,2025-07-25T20:03:29Z
7f607194-9725-b519-7e59-85baee664b37,18b3fa45-079c-629f-e16e-8570ce781119,LT01,1,10000000.0,10000000.0,B,installment,6,2026-01-10T15:58:38Z,2026-01-18T05:55:01Z
c498e426-1601-f7a4-d732-1baa725a8a60,253978b2-6ed2-6fca-d7be-86ef9cc24a68,LT01,1,1000000.0,1000000.0,D,installment,7,2025-12-20T00:49:48Z,2025-12-21T19:29:20Z
