id,loan_id,transfer_id,paid_at,amount,payment_channel
8547117b-16cd-f950-0965-95b3ea3c6bbc,a6a2a83b-aaf0-b843-0dc7-1d19e0c4ca5c,TRX-F7C48AA8,2025-06-28T05:10:49Z,975000.0,bank_transfer
357655bf-c6c4-5530-bb4d-ea7c99c614c0,a6a2a83b-aaf0-b843-0dc7-1d19e0c4ca5c,TRX-2F6B76D7,2025-08-02T01:46:28Z,975000.0,agent
609adcf3-42d8-ed2f-2109-c76fdcb2b810,a6a2a83b-aaf0-b843-0dc7-1d19e0c4ca5c,TRX-5AB9F248,2025-08-28T11:04:25Z,390000.0,bank_transfer
64d4af8b-34c0-0883-d5ac-df52252107b0,a6a2a83b-aaf0-b843-0dc7-1d19e0c4ca5c,TRX-CF7A978F,2025-09-02T14:00:46Z,585000.0,bank_transfer
f7aa3e1b-e683-6604-ee3c-4e7db6178180,a6a2a83b-aaf0-b843-0dc7-1d19e0c4ca5c,TRX-931AADCB,2025-09-28T18:52:53Z,975000.0,virtual_account
fbb73e7d-2a8c-e074-70ec-c785d547fdec,a6a2a83b-aaf0-b843-0dc7-1d19e0c4ca5c,TRX-5C8D1717,2025-10-28T13:58:11Z,975000.0,virtual_account
2a251dad-ec6f-4ddc-4803-4134c1115a96,a6a2a83b-aaf0-b843-0dc7-1d19e0c4ca5c,TRX-5AE41A99,2025-11-28T17:51:12Z,975000.0,agent
d4661758-fc4f-9868-187b-406e1f814509,a6a2a83b-aaf0-b843-0dc7-1d19e0c4ca5c,TRX-42541BC6,2025-12-28T11:55:10Z,975000.0,virtual_account
180d39aa-9244-82ea-cea7-89af80ddc30f,a6a2a83b-aaf0-b843-0dc7-1d19e0c4ca5c,TRX-4BB4F9AB,2026-02-04T00:21:36Z,975000.0,agent
55505a01-5354-d5b7-3631-6c5dbb6c53d8,a6a2a83b-aaf0-b843-0dc7-1d19e0c4ca5c,TRX-BA2695F8,2026-03-07T08:43:06Z,390000.0,bank_transfer
364c60d9-7da9-cfe6-7709-7c482154b0f6,a6a2a83b-aaf0-b843-0dc7-1d19e0c4ca5c,TRX-DC02B74B,2026-03-09T11:42:50Z,585000.0,bank_transfer
6dc631fd-4704-d2c8-c845-e6736e12275c,a6a2a83b-aaf0-b843-0dc7-1d19e0c4ca5c,TRX-2FB24C0A,2026-03-28T06:12:18Z,975000.0,bank_transfer
8d930f0d-4c05-f73c-1b1a-2269efe66eb6,a6a2a83b-aaf0-b843-0dc7-1d19e0c4ca5c,TRX-1781DAF7,2026-04-28T03:24:53Z,975000.0,bank_transfer
8c122e71-b1e3-db12-c8df-e811728910f9,a6a2a83b-aaf0-b843-0dc7-1d19e0c4ca5c,TRX-CC5FB059,2026-05-28T21:06:19Z,975000.0,virtual_account
616c801c-335b-f13d-615b-823a82f9a683,538f78c3-842e-89e1-c2c4-8d61f7c337ce,TRX-8F58DBBC,2026-01-12T19:54:38Z,1035000.0,virtual_account
dae0a9eb-2322-ff18-a1cb-a373bf9de71c,d9be6684-2d0f-19eb-4b6d-010b18af3ff7,TRX-D78A750E,2026-03-04T22:09:59Z,512500.0,bank_transfer
c50153eb-90f9-33b9-3058-73d7938001b8,752989e3-06d3-1031-13f0-9aa881f76d7f,TRX-F8D3DC91,2025-07-13T02:47:53Z,115000.0,virtual_account
2d015a5a-b0e3-749e-4f06-3b44da08020e,752989e3-06d3-1031-13f0-9aa881f76d7f,TRX-26D2672F,2025-08-13T13:46:35Z,115000.0,bank_transfer
0a948ee4-04e0-d3bc-4da8-b95240615603,752989e3-06d3-1031-13f0-9aa881f76d7f,TRX-A5F5C84F,2025-09-13T17:46:12Z,115000.0,agent
d39fce8e-3de5-79d8-cd69-dfc223fbd920,752989e3-06d3-1031-13f0-9aa881f76d7f,TRX-ADEC9463,2025-11-13T05:13:14Z,115000.0,bank_transfer
83ae5dc8-7268-8b50-aa3e-047b4de3c450,752989e3-06d3-1031-13f0-9aa881f76d7f,TRX-B12908EF,2025-11-13T15:00:30Z,115000.0,bank_transfer
6b5b5e9e-9a0d-8bfa-5559-b5f0fd640409,752989e3-06d3-1031-13f0-9aa881f76d7f,TRX-C3DF4F84,2025-12-13T15:15:31Z,115000.0,bank_transfer
9467b265-6b34-0b27-f7b8-4fb76e0c2863,a642312e-fb3e-6afc-0a56-a3098e6de950,TRX-6DFE1BDE,2025-11-20T22:32:18Z,766666.67,agent
3b0e978f-00db-6f8d-b24b-39dcde1a3f80,a642312e-fb3e-6afc-0a56-a3098e6de950,TRX-065955F2,2025-12-13T10:10:45Z,766666.67,virtual_account
d3291204-c8fa-20de-5df3-d16fb97200aa,a642312e-fb3e-6afc-0a56-a3098e6de950,TRX-03EB1C61,2026-01-13T08:00:08Z,766666.67,agent
abc3e9ec-bf7e-2263-2bf9-def4af6361f5,a642312e-fb3e-6afc-0a56-a3098e6de950,TRX-32F2C9C4,2026-02-13T19:56:38Z,766666.67,virtual_account
87cb9339-2fc0-e7f7-e6c9-60cc3d9aae9d,a642312e-fb3e-6afc-0a56-a3098e6de950,TRX-3145A57E,2026-03-13T13:47:11Z,766666.67,agent
f3e648d5-efd8-46f9-691f-9497d37ea490,a642312e-fb3e-6afc-0a56-a3098e6de950,TRX-8F6C398F,2026-04-13T18:01:18Z,766666.65,bank_transfer
4d165bb0-109f-34ce-f143-2987c022beb9,ad6112f2-c057-3b39-4131-ce1cd2c560e4,TRX-A0C7C123,2026-06-23T06:20:33Z,363333.33,bank_transfer
66f154c4-0558-cc03-342b-f731e71b7e9c,ad6112f2-c057-3b39-4131-ce1cd2c560e4,TRX-D338530C,2026-08-06T09:08:14Z,109000.0,bank_transfer
7fcf9d9b-7c50-712a-8ddd-61e8885df745,53678be0-2a49-b959-cd78-42b39cffa3f4,TRX-3C6FAB72,2026-04-08T11:07:01Z,1030000.0,bank_transfer
50cc8205-8e36-cad5-3b9b-1c69f0b4a34a,6649f33d-a840-ffe4-f1a4-a7b318c568c8,TRX-E3C14A92,2025-07-25T07:13:16Z,920833.33,bank_transfer
a1856e9a-c603-9dd7-80dd-4a691b546d0b,6649f33d-a840-ffe4-f1a4-a7b318c568c8,TRX-00694AF0,2025-08-25T09:49:19Z,920833.33,bank_transfer
5cc44390-7f85-8989-18ab-177acf2eb271,6649f33d-a840-ffe4-f1a4-a7b318c568c8,TRX-280EA03C,2025-09-25T10:35:13Z,920833.34,agent
d804ed1c-af67-b89d-1e0c-8549f9d86218,76412469-5e2f-3eac-c660-7a01782b3f48,TRX-42241A67,2026-03-07T04:04:59Z,380625.0,virtual_account
66c81ca1-6820-658c-d275-e46405d359a8,a7599586-9102-a95b-5886-5b7f9001f4bc,TRX-8019146E,2026-03-05T03:47:56Z,206666.67,virtual_account
e08d34bb-ea8a-b5ac-8f8f-d88ed798338a,a7599586-9102-a95b-5886-5b7f9001f4bc,TRX-CCCD2F5F,2026-04-05T20:51:58Z,206666.67,bank_transfer
f9565aba-396c-ce87-dee5-ab7c03c1129f,a7599586-9102-a95b-5886-5b7f9001f4bc,TRX-0E0CEA1E,2026-05-05T00:01:01Z,206666.67,bank_transfer
b8857049-b06f-2d08-1184-aad48e171541,a7599586-9102-a95b-5886-5b7f9001f4bc,TRX-A93FA755,2026-06-04T13:37:08Z,206666.67,bank_transfer
62950223-283d-d89e-377d-4ccbfc15e03b,a7599586-9102-a95b-5886-5b7f9001f4bc,TRX-188130F4,2026-07-05T11:52:46Z,206666.67,virtual_account
526fb58c-a1cc-e396-8c0d-ff0b48d5b0d0,a7599586-9102-a95b-5886-5b7f9001f4bc,TRX-DC48990A,2026-08-03T00:04:07Z,206666.67,bank_transfer
f381c087-80fb-d952-41ce-034d7abacaa5,69722982-2d58-d92b-a669-c0df0de26a2b,TRX-D3C96912,2025-12-14T04:31:01Z,2040000.0,bank_transfer
c4b4be13-969e-3177-5ff4-a6b1fd6b3653,70a205cb-8491-1829-e777-8bb81df59929,TRX-30EE4091,2026-02-01T12:48:08Z,3483333.33,bank_transfer
5bd6432e-dfe2-3437-2341-c656dc66737d,70a205cb-8491-1829-e777-8bb81df59929,TRX-02BEC872,2026-03-01T08:28:19Z,3483333.33,virtual_account
26488b45-9d1d-f901-c661-2662a32ffdb4,70a205cb-8491-1829-e777-8bb81df59929,TRX-F496EC45,2026-04-01T09:37:56Z,3483333.34,bank_transfer
93d4dffb-2854-b007-5490-7075adf46f6b,481f62df-27f5-1bff-d04f-bdbffb2e4d32,TRX-7B07E962,2026-07-02T01:40:20Z,9208333.33,virtual_account
28d0314f-2543-d5bf-d220-0e483cb1a9a6,481f62df-27f5-1bff-d04f-bdbffb2e4d32,TRX-91F39044,2026-08-04T00:06:17Z,9208333.33,bank_transfer
83332649-f73a-9300-f820-d1dc3b7b173a,641ac3b1-25bd-e37d-2415-0dac9bb160eb,TRX-A2ACE499,2025-06-01T09:27:40Z,408000.0,bank_transfer
c1698196-0cf1-a243-30bc-2e8bb7168cfd,641ac3b1-25bd-e37d-2415-0dac9bb160eb,TRX-435E1461,2025-06-10T07:31:14Z,612000.0,virtual_account
d6fd38ec-6a77-9572-c405-a4a519681dcf,4474cd8c-ed53-8ff4-8ecc-87d071145d85,TRX-4F5D3CE5,2026-06-01T20:32:35Z,615000.0,virtual_account
344d05af-3406-c91b-dbd1-2da57b5464e4,4474cd8c-ed53-8ff4-8ecc-87d071145d85,TRX-A8F4CED6,2026-06-05T13:14:50Z,922500.0,bank_transfer
f80d6c7c-f360-74e3-e005-6f5378a9d084,fa3693bd-4de4-ba71-81df-9a01133837d6,TRX-0F18F6A8,2026-02-03T23:07:03Z,6210000.0,bank_transfer
128f220c-5b40-94d7-8582-fef40e7acc39,f9f19228-8761-7535-035c-225452b67d01,TRX-858CD9BB,2026-08-14T22:22:06Z,479166.67,bank_transfer
f2bb2860-3dac-00ff-c73a-c80788440933,bc49ae79-81fc-4a7f-30db-a7ea5a16bcc6,TRX-DE5974E8,2026-07-11T07:39:46Z,1537500.0,bank_transfer
9fa45491-45ee-c92a-99c0-606938c151bf,44e9de81-fd4f-b29b-d525-ecbe2490be31,TRX-B1578309,2025-05-01T03:51:15Z,206000.0,virtual_account
f69c9a2c-33cc-aa8f-e201-26a005430a1e,44e9de81-fd4f-b29b-d525-ecbe2490be31,TRX-2F7CFB31,2025-05-04T19:45:08Z,309000.0,virtual_account
3ef4d7df-d927-9edb-ae87-711fa12957af,5b0d3af0-9cd4-0dff-f501-cb35f7fb2bf6,TRX-26D42B91,2026-06-22T16:07:23Z,10250000.0,bank_transfer
50a76f89-0f33-d3c8-6e7c-aa818a9825a8,f4c5c2d4-f836-315a-299c-4d5efea4284c,TRX-4C82CA1D,2025-05-29T21:42:35Z,1178666.67,agent
ca23d217-d28a-14c2-a16a-cc32e0a5c807,f4c5c2d4-f836-315a-299c-4d5efea4284c,TRX-807A9650,2025-06-04T21:49:47Z,1768000.0,agent
7303127e-2429-7088-0e0c-196f6045108f,f4c5c2d4-f836-315a-299c-4d5efea4284c,TRX-6F2CC58E,2025-06-29T23:08:11Z,2946666.67,bank_transfer
4eb60038-9746-b64e-24ad-91b612450309,f4c5c2d4-f836-315a-299c-4d5efea4284c,TRX-AB9C99F7,2025-08-17T16:41:23Z,2946666.66,virtual_account
c96d8e9d-31a5-a7c3-bdba-ba4f6fb2b5b3,f2378f67-e149-6332-342e-c03242ae54b0,TRX-F80097BC,2025-04-11T10:52:53Z,3583333.33,bank_transfer
b15755a8-85b2-62c8-f796-b3fe618bc7b9,f2378f67-e149-6332-342e-c03242ae54b0,TRX-D5CD4651,2025-05-11T09:37:50Z,3583333.33,virtual_account
3f162cd2-e78c-8944-ec1b-3877d49da5f2,f2378f67-e149-6332-342e-c03242ae54b0,TRX-29991224,2025-06-11T16:48:07Z,3583333.34,bank_transfer
db893073-8d79-3161-dcfb-18ef94c9bb0a,2c8b0b13-9a6e-8ee9-ad00-43c32d817ff7,TRX-B2BEFB90,2025-10-16T06:55:26Z,386250.0,bank_transfer
941aaa48-5fa4-ec4c-454a-5c2d865d062e,29a27873-f97b-5854-a8b0-960eb6c91cbf,TRX-C1F3719F,2026-07-16T22:22:23Z,1522500.0,bank_transfer
84076092-930c-050d-3c85-69c95fc81a0d,e2625a60-5a45-02af-c878-d537f89c78fa,TRX-A7431FE0,2026-01-18T19:06:07Z,18166666.67,bank_transfer
cf37281c-33d9-570b-f21e-551714b4da80,e2625a60-5a45-02af-c878-d537f89c78fa,TRX-5093B32D,2026-03-14T04:30:24Z,5450000.0,bank_transfer
8b854ccd-01fa-4888-2339-ea511db6f2ef,3261fa32-efde-6781-8155-1ab5beeaac71,TRX-378C5DE5,2026-07-01T07:45:04Z,1015000.0,agent
4d8af53b-9304-de12-d1ab-245c84e72b30,abb0ba86-5f35-f9bc-f51f-583e95b91496,TRX-69B67ECF,2025-02-06T18:38:07Z,1916666.67,bank_transfer
fc516301-f380-26c8-01b6-f5c0e2d2102c,abb0ba86-5f35-f9bc-f51f-583e95b91496,TRX-E5C02140,2025-03-01T05:00:40Z,766666.67,bank_transfer
c0f02639-a918-e9bd-c8c0-47c2bdb22700,abb0ba86-5f35-f9bc-f51f-583e95b91496,TRX-11A02775,2025-03-09T09:13:41Z,1150000.0,bank_transfer
8cecce3c-9b87-ed2e-bf0e-26da1c7c9918,abb0ba86-5f35-f9bc-f51f-583e95b91496,TRX-16EE740A,2025-04-01T08:54:20Z,1916666.67,bank_transfer
6d279a2a-9825-dc44-7f26-9862676450d8,abb0ba86-5f35-f9bc-f51f-583e95b91496,TRX-4D78EF4E,2025-05-07T19:17:39Z,1916666.67,agent
6bb8db51-6347-7655-2dcb-cacb11d18375,abb0ba86-5f35-f9bc-f51f-583e95b91496,TRX-A438EA9F,2025-06-01T14:44:04Z,1916666.67,agent
a0c3dd46-0c0c-d93b-0261-225510d4a951,abb0ba86-5f35-f9bc-f51f-583e95b91496,TRX-B118F58A,2025-07-01T06:33:22Z,766666.66,bank_transfer
c9e7aa73-8402-ffd8-4fd5-b9857d72e92d,abb0ba86-5f35-f9bc-f51f-583e95b91496,TRX-97DE8D6D,2025-07-07T02:26:45Z,1149999.99,agent
a7a196ff-40dd-8b06-a862-0dc791bd3f60,6b29aae6-f3ef-c1b9-27ad-bf5082638c52,TRX-BB3A29ED,2025-10-25T04:30:57Z,716666.67,virtual_account
94d79ea8-bc47-4069-1d7a-6c0729d4fd8c,6b29aae6-f3ef-c1b9-27ad-bf5082638c52,TRX-79ED5A7B,2025-10-27T14:44:49Z,1075000.0,virtual_account
0854dda6-5285-3b56-a884-e3a8c5b27026,6b29aae6-f3ef-c1b9-27ad-bf5082638c52,TRX-AC682444,2025-11-25T02:06:33Z,1791666.67,bank_transfer
d3169e47-e653-642b-5184-bfe177ba65f1,6b29aae6-f3ef-c1b9-27ad-bf5082638c52,TRX-FC0F9CB5,2026-01-02T11:52:39Z,1791666.66,bank_transfer
e74dc2a8-fed3-61af-7977-ff4474e7fb2c,dad0e762-9340-3070-4e28-a168f9955f43,TRX-A75015CC,2025-12-05T10:38:16Z,870833.33,bank_transfer
d13fac70-218e-5378-49da-c5aa4052abff,dad0e762-9340-3070-4e28-a168f9955f43,TRX-2E5084C1,2026-01-05T05:24:23Z,870833.33,agent
fe2a6c8c-1d42-e148-3a01-42d326b25531,dad0e762-9340-3070-4e28-a168f9955f43,TRX-0EC09636,2026-02-09T05:35:55Z,870833.34,virtual_account
72d215bf-1015-1429-0473-877bd5a8f217,d7fa445e-6114-326f-4166-7a050bf04445,TRX-C99E774A,2025-10-27T16:47:43Z,1741666.67,bank_transfer
9f674446-3f0c-003c-f369-fcbab4cf276c,d7fa445e-6114-326f-4166-7a050bf04445,TRX-FE71D876,2025-11-27T11:39:22Z,1741666.67,bank_transfer
b10c5789-8162-e2ff-78de-a9713fb7e577,d7fa445e-6114-326f-4166-7a050bf04445,TRX-1F7DC457,2025-12-27T15:21:51Z,1741666.66,virtual_account
07ed6780-1d65-c202-31e6-5c3fa78a72db,61299132-04d5-3e10-0415-a108e9d77502,TRX-F43CF062,2026-03-12T10:13:43Z,696666.67,virtual_account
08a22e43-5e68-28b8-35d3-9039bf909b57,61299132-04d5-3e10-0415-a108e9d77502,TRX-8AEDE25D,2026-05-12T04:36:32Z,696666.67,virtual_account
ae09c845-7db8-6c22-e92c-8980ea8b1088,61299132-04d5-3e10-0415-a108e9d77502,TRX-C84C6F4D,2026-04-30T12:39:23Z,696666.66,agent
1ccb81a4-3ead-0672-5eca-d135db917913,4e08b287-d10a-3542-72ef-81c040a69e93,TRX-447205F4,2026-07-29T05:06:30Z,456750.0,bank_transfer
36f48ce8-d0ae-ae81-de89-24ac492e6058,e61c2705-1fc0-ad32-e3aa-d68d4c74feae,TRX-E02CD64F,2026-08-03T21:43:51Z,418000.0,bank_transfer
4a476c7d-7ec5-e68b-f575-a4e68aa1f1d6,a1f94818-4b89-6725-b4fa-f4d0a60c1aec,TRX-503ED878,2025-03-09T17:52:35Z,9333333.33,virtual_account
c62f9233-57f2-5f84-61e0-68713b009a94,a1f94818-4b89-6725-b4fa-f4d0a60c1aec,TRX-6D44AD77,2025-04-09T01:17:45Z,9333333.33,bank_transfer
3c13e175-932f-5bca-0df0-e4fb67f1af05,a1f94818-4b89-6725-b4fa-f4d0a60c1aec,TRX-C073BB47,2025-05-09T21:49:28Z,9333333.33,virtual_account
1450fee1-da29-f3b2-ae8b-d5cca235d5cf,a1f94818-4b89-6725-b4fa-f4d0a60c1aec,TRX-B80D0625,2025-06-09T23:59:26Z,9333333.33,bank_transfer
026a9096-1a07-bbb4-1179-1e107aa23841,a1f94818-4b89-6725-b4fa-f4d0a60c1aec,TRX-D1DB49CE,2025-07-09T23:18:38Z,9333333.33,virtual_account
65b9d788-de83-f6f4-4a1e-0195b85b8d84,a1f94818-4b89-6725-b4fa-f4d0a60c1aec,TRX-75C78439,2025-08-09T23:26:58Z,9333333.35,agent
e4b3b00c-6a8b-e6a2-8e29-cb798ac77caf,bb45dac0-7863-c703-b7c8-f9b2054e1ff1,TRX-8E911F87,2026-07-25T04:05:59Z,4133333.33,virtual_account
d439a8ee-6f23-5a2a-de09-e47e3f17fd44,90356ce0-349d-9b3b-2161-7140341d2e2f,TRX-53957F62,2025-07-15T19:18:04Z,983333.33,bank_transfer
2a042528-dee8-fe17-5f40-a46369cb97d3,90356ce0-349d-9b3b-2161-7140341d2e2f,TRX-E670F4AD,2025-08-15T15:19:33Z,983333.33,agent
988008e1-af9d-2be3-7af1-3ae42b732a0d,90356ce0-349d-9b3b-2161-7140341d2e2f,TRX-D420A797,2025-09-15T06:12:12Z,983333.33,bank_transfer
dbbc18a0-93bf-727f-7f59-2848d0958113,90356ce0-349d-9b3b-2161-7140341d2e2f,TRX-307ABFBE,2025-10-15T16:24:29Z,983333.33,bank_transfer
8981110e-faa2-8e80-6024-0daf020e78ed,90356ce0-349d-9b3b-2161-7140341d2e2f,TRX-EC05618B,2025-11-15T18:30:49Z,983333.33,virtual_account
68c4ef0f-1e47-bfb5-a99f-c77d61cce93a,90356ce0-349d-9b3b-2161-7140341d2e2f,TRX-18C59627,2025-12-15T10:46:30Z,983333.33,bank_transfer
886f7bbd-914d-f212-9699-bb02662980f0,90356ce0-349d-9b3b-2161-7140341d2e2f,TRX-A23EB6CA,2026-01-15T04:55:53Z,393333.33,bank_transfer
1db72110-1cc7-a3e1-45b4-b2a32e4e1290,90356ce0-349d-9b3b-2161-7140341d2e2f,TRX-99423127,2026-01-19T12:40:14Z,590000.0,bank_transfer
146d3589-bd9b-246f-20d9-2282cee1693f,90356ce0-349d-9b3b-2161-7140341d2e2f,TRX-D2CC4475,2026-02-15T13:00:04Z,983333.33,virtual_account
765c951b-160e-f52b-5b5b-ae753beb770c,90356ce0-349d-9b3b-2161-7140341d2e2f,TRX-ABB444E6,2026-03-15T21:57:48Z,983333.33,bank_transfer
01ab560e-dbb8-f4b2-47f5-0cd88a640f54,90356ce0-349d-9b3b-2161-7140341d2e2f,TRX-66EC3A49,2026-04-15T05:58:37Z,393333.33,virtual_account
d3d73789-5c31-8d07-e036-8cd5f7a24200,90356ce0-349d-9b3b-2161-7140341d2e2f,TRX-37BC5508,2026-04-21T08:10:45Z,590000.0,virtual_account
10720d6e-2721-b6b3-8f87-fda72f539588,90356ce0-349d-9b3b-2161-7140341d2e2f,TRX-7E9F1314,2026-05-15T03:21:36Z,393333.33,bank_transfer
b0517352-b616-25ef-5cef-e90ed742d081,90356ce0-349d-9b3b-2161-7140341d2e2f,TRX-9243668C,2026-05-20T20:27:16Z,590000.0,bank_transfer
97ff4298-2b72-9660-1ffd-83fcc6874dc4,90356ce0-349d-9b3b-2161-7140341d2e2f,TRX-D5AE4223,2026-06-24T12:19:12Z,983333.37,agent
44850310-82e5-cd8c-485d-0e1a5c17f41b,162bf3f0-ea2c-76b2-f8d1-faa34e8b2077,TRX-51FCD524,2025-08-20T13:41:15Z,1816666.67,bank_transfer
840bf4d7-b0ad-4444-5012-f6b4874294dd,162bf3f0-ea2c-76b2-f8d1-faa34e8b2077,TRX-7795CBCE,2025-09-20T02:12:51Z,1816666.67,virtual_account
3e764275-0d71-3608-e28f-436d1d647030,162bf3f0-ea2c-76b2-f8d1-faa34e8b2077,TRX-FF197168,2025-10-20T16:17:22Z,1816666.67,bank_transfer
06af375c-d9ff-9e79-b6ce-064d1c231dc0,162bf3f0-ea2c-76b2-f8d1-faa34e8b2077,TRX-87E107D7,2025-11-20T17:08:57Z,1816666.67,agent
ec8ae9d4-ecd5-c0ff-b4b0-7cc2a6efe9c4,162bf3f0-ea2c-76b2-f8d1-faa34e8b2077,TRX-303A4210,2025-12-20T03:16:37Z,1816666.67,agent
bae5b17d-66c0-4f77-b413-839c7737d2c2,162bf3f0-ea2c-76b2-f8d1-faa34e8b2077,TRX-E0B8C0F0,2026-01-20T09:23:22Z,1816666.65,virtual_account
22c40054-4370-6b05-ea7f-ed2551bfb42c,f46ceaeb-f75d-cb79-5309-7d11bb4d4aee,TRX-8FEFF16E,2025-06-02T06:27:30Z,2060000.0,bank_transfer
f61a2034-d664-32b6-a024-4ecac18687f1,5deb83e8-2445-fa83-f5fc-f4ba6aab3d5b,TRX-3FFEF4F1,2025-02-27T00:01:25Z,2040000.0,virtual_account
43fbbb7e-b325-fb52-d5fa-90c021b6dec1,15c044a0-40f0-7735-a340-5971873428ce,TRX-E8CB37FE,2026-07-11T10:20:27Z,4791666.67,bank_transfer
abfbab36-a9b5-e4a3-d58b-854cfc67043f,15c044a0-40f0-7735-a340-5971873428ce,TRX-D231BAE4,2026-08-10T23:23:25Z,4791666.67,agent
dc3c816f-3ab6-9779-3cba-07ebad87ee66,5060f84e-c868-3f6e-268f-c4bcd5d2c982,TRX-D9BFCAA2,2025-07-16T15:52:05Z,3833333.33,bank_transfer
e08a2383-5615-bffa-9564-56e71281ea58,5060f84e-c868-3f6e-268f-c4bcd5d2c982,TRX-CFEED687,2025-07-20T10:10:34Z,5750000.0,agent
14e63199-ea01-7f2f-11a4-2694edeaee4b,5060f84e-c868-3f6e-268f-c4bcd5d2c982,TRX-D9EAAAAB,2025-08-03T08:51:09Z,3833333.33,virtual_account
da0f5a3f-53d0-9593-440a-659d478182ce,5060f84e-c868-3f6e-268f-c4bcd5d2c982,TRX-DD8B7594,2025-08-08T08:37:06Z,5750000.0,agent
55cccfd6-6b4f-1426-10e6-66faae00b183,5060f84e-c868-3f6e-268f-c4bcd5d2c982,TRX-8F833497,2025-09-03T13:38:40Z,9583333.33,agent
40906eb8-af0f-f0d3-3f28-811874ea71ff,5060f84e-c868-3f6e-268f-c4bcd5d2c982,TRX-53FE82D9,2025-10-03T19:56:46Z,9583333.33,bank_transfer
e302315e-54cc-5326-a03b-f6f962fbab25,5060f84e-c868-3f6e-268f-c4bcd5d2c982,TRX-7B0B6593,2025-11-03T06:51:59Z,3833333.33,virtual_account
fa2a10fd-89fe-10c7-c045-0234c4938a60,5060f84e-c868-3f6e-268f-c4bcd5d2c982,TRX-D6359672,2025-11-05T13:11:33Z,5750000.0,bank_transfer
a0175403-90aa-ec57-3f5a-cd48617a0dfe,5060f84e-c868-3f6e-268f-c4bcd5d2c982,TRX-986D0492,2025-12-03T21:11:05Z,9583333.35,bank_transfer
d7c73c95-8990-bcf7-09c1-760533457e4a,6cd5290f-1f58-02b4-1972-faf48ad9ebd6,TRX-DCA7B90E,2026-07-30T01:27:07Z,3583333.33,virtual_account
c4567ffd-aef5-30b5-9f58-ab72e2cdf346,486e1e8e-1aa9-63e1-43bb-b504dc2db63d,TRX-3A665A5B,2025-07-11T07:00:25Z,1020000.0,bank_transfer
60e298b3-ad49-4515-4d87-dfa99d3b6e3c,e2449b7b-2950-3ac0-0088-2458c68d8261,TRX-181EC454,2026-07-16T13:51:04Z,2550000.0,virtual_account
15d151b9-7abe-718c-c0d4-b95dcae370b1,5a7262d1-ec6e-e290-0ff2-2faa91d43b5c,TRX-471315B2,2025-05-16T12:04:51Z,541666.67,virtual_account
60b07718-7d8d-0dd1-a23f-9628db679f42,5a7262d1-ec6e-e290-0ff2-2faa91d43b5c,TRX-51B5C0B4,2025-06-14T01:31:29Z,541666.67,virtual_account
d7459cdd-b18a-cd4e-d2ed-e9e653f2a524,5a7262d1-ec6e-e290-0ff2-2faa91d43b5c,TRX-A1724332,2025-07-14T20:41:20Z,541666.67,bank_transfer
9d3566eb-fecf-75be-3a3e-d742af3bbec0,5a7262d1-ec6e-e290-0ff2-2faa91d43b5c,TRX-886F568F,2025-08-14T07:10:17Z,541666.67,agent
ee4f002c-b791-0167-5372-0b8041409ed2,5a7262d1-ec6e-e290-0ff2-2faa91d43b5c,TRX-6E47FD9A,2025-09-19T19:37:51Z,216666.67,agent
ef278e82-915b-e175-539e-a495fbec78f1,5a7262d1-ec6e-e290-0ff2-2faa91d43b5c,TRX-7D304DBA,2025-09-27T08:56:45Z,325000.0,bank_transfer
d56ef33c-d5de-529c-0b06-79aef3dd4936,5a7262d1-ec6e-e290-0ff2-2faa91d43b5c,TRX-78B8170A,2025-10-23T06:17:36Z,541666.67,agent
4052ae34-eeab-342d-e621-f22a229b8f26,5a7262d1-ec6e-e290-0ff2-2faa91d43b5c,TRX-F43F0F67,2025-11-14T14:11:14Z,541666.67,bank_transfer
2fd28d60-f0a5-300e-b172-bbbf6deecc36,5a7262d1-ec6e-e290-0ff2-2faa91d43b5c,TRX-89823B33,2025-12-17T05:02:28Z,541666.67,bank_transfer
859c1509-f471-7f2b-e00a-e5d333feb4c7,5a7262d1-ec6e-e290-0ff2-2faa91d43b5c,TRX-54A2BE6C,2026-01-14T14:31:27Z,541666.67,bank_transfer
d0dea9c0-3cef-9038-e677-a97680c1ba6c,5a7262d1-ec6e-e290-0ff2-2faa91d43b5c,TRX-E6BBE98B,2026-02-14T02:38:34Z,541666.67,bank_transfer
3ce17d78-3b44-7c88-b306-b846217be1e1,5a7262d1-ec6e-e290-0ff2-2faa91d43b5c,TRX-11300E5B,2026-03-14T11:34:05Z,216666.67,bank_transfer
0d678006-67ae-cc0a-08c8-1e8ac51dcffe,5a7262d1-ec6e-e290-0ff2-2faa91d43b5c,TRX-6B7F0A35,2026-03-19T22:00:44Z,325000.0,bank_transfer
919c1123-4731-6304-0e0c-9a55ece429cd,5a7262d1-ec6e-e290-0ff2-2faa91d43b5c,TRX-76F5CAF9,2026-04-14T18:16:22Z,541666.63,bank_transfer
39c905bc-1778-61cc-28ab-01be3d1d3fc7,bdd3948c-d801-8ce1-0ab0-1e92116497b0,TRX-430473F3,2025-02-17T20:09:34Z,186666.67,bank_transfer
5986e46f-fd11-4e49-618c-5795ba8ebd40,bdd3948c-d801-8ce1-0ab0-1e92116497b0,TRX-84C6AE60,2025-03-11T16:27:10Z,186666.67,bank_transfer
4fdcc482-23b2-78c9-648f-68d4178ca5bb,bdd3948c-d801-8ce1-0ab0-1e92116497b0,TRX-97C29A14,2025-04-11T08:07:22Z,74666.67,virtual_account
fbb10a01-abd9-0623-3003-37c45b3c378a,bdd3948c-d801-8ce1-0ab0-1e92116497b0,TRX-EE6BEE7E,2025-04-16T08:23:44Z,112000.0,virtual_account
1c99f670-67ac-7672-66bf-3799176f6f29,bdd3948c-d801-8ce1-0ab0-1e92116497b0,TRX-27EF6D78,2025-05-11T11:46:39Z,74666.67,bank_transfer
ad7ee33c-d934-a457-07c9-3404bbff4a9f,bdd3948c-d801-8ce1-0ab0-1e92116497b0,TRX-13FC30EB,2025-05-19T15:05:03Z,112000.0,agent
13b2f0eb-6667-0014-6057-c250ef8da25e,bdd3948c-d801-8ce1-0ab0-1e92116497b0,TRX-F6A70205,2025-06-12T09:31:43Z,74666.67,agent
dc048f24-39fb-368d-fefa-b988676c4a5b,bdd3948c-d801-8ce1-0ab0-1e92116497b0,TRX-D9740FE8,2025-06-18T19:44:04Z,112000.0,bank_transfer
6dd59b93-d569-e688-e73c-281fccae0e28,bdd3948c-d801-8ce1-0ab0-1e92116497b0,TRX-30AE726E,2025-07-12T22:22:44Z,186666.65,bank_transfer
e9ef748f-d50f-2031-7b97-1eded5e80f71,b8b0a3e4-47ed-1aee-9768-b739aed818f3,TRX-896CADC5,2026-06-21T00:25:55Z,5100000.0,bank_transfer
4ae013a0-507a-8d52-d978-512e4be86efe,d0f02c89-0b73-3f6f-0b79-dc86313db0fa,TRX-7E9E3293,2026-07-10T03:25:09Z,2550000.0,bank_transfer
cfb65ca2-64da-8385-aa0f-d25d71427226,d0f02c89-0b73-3f6f-0b79-dc86313db0fa,TRX-F841B978,2026-08-11T01:57:41Z,2550000.0,agent
8f43a81a-3874-aba3-a007-6a6b0ff6e85d,62450032-97e3-1ac4-0e2b-3d88a7a4b803,TRX-CC247352,2025-12-25T14:06:34Z,203000.0,bank_transfer
90f49629-93cc-ac8a-0d3e-edbd54568948,62450032-97e3-1ac4-0e2b-3d88a7a4b803,TRX-61583251,2025-12-28T02:32:33Z,304500.0,bank_transfer
adccdf38-47a1-feb9-dce5-0b262a8e4356,1cf23806-b808-4218-78f4-e3a00ced88b4,TRX-FCA6778C,2025-03-16T17:57:34Z,2016666.67,agent
bf83b91d-8392-05f5-3313-55d927d87076,1cf23806-b808-4218-78f4-e3a00ced88b4,TRX-F45B62D2,2025-04-16T02:43:41Z,2016666.67,bank_transfer
8f7cc435-3f12-5274-4f6b-c71792b07739,1cf23806-b808-4218-78f4-e3a00ced88b4,TRX-F2C9CCC2,2025-05-16T08:10:14Z,806666.67,virtual_account
d1b0596b-7cdf-6386-713e-d00b2a74bcfa,1cf23806-b808-4218-78f4-e3a00ced88b4,TRX-90C6FDFE,2025-05-18T05:08:51Z,1210000.0,agent
afe1298f-99a8-80aa-280a-6904cd09b213,1cf23806-b808-4218-78f4-e3a00ced88b4,TRX-BADD2140,2025-06-16T03:42:24Z,2016666.67,bank_transfer
d9e81ef5-393f-f28f-d695-a5b94c03701b,1cf23806-b808-4218-78f4-e3a00ced88b4,TRX-6E7A16A2,2025-07-16T15:38:59Z,806666.67,bank_transfer
14d4426a-d997-fe57-2dc5-23ea87eb2c92,1cf23806-b808-4218-78f4-e3a00ced88b4,TRX-61522A47,2025-07-24T04:04:07Z,1210000.0,bank_transfer
5b1714b0-35e4-f2b7-1159-6c9dcb95fa78,1cf23806-b808-4218-78f4-e3a00ced88b4,TRX-C9CB6F77,2025-08-16T15:09:32Z,2016666.65,bank_transfer
cc0b622a-ebd6-2e9f-dff8-42deb4a8ee94,d012fe0e-f0af-2133-07aa-62bc8dca667f,TRX-56538B99,2025-10-11T20:05:11Z,1015000.0,bank_transfer
889cc8f2-b8c9-5ddf-3bd5-aa41cc293ae3,6c78e09f-e94e-1d81-19c5-29f131b442d0,TRX-D7DD71A5,2026-01-20T10:39:08Z,1545000.0,bank_transfer
22385b47-0ee7-61cc-1c14-0090263ffe4d,d75541ab-e65c-552d-2c53-bf184ba34e68,TRX-8D1D888E,2026-02-02T22:43:10Z,3483333.33,bank_transfer
b07bbddc-2c2a-7a8f-67a8-41f4af65cfa0,d75541ab-e65c-552d-2c53-bf184ba34e68,TRX-3A82315D,2026-03-02T09:12:58Z,3483333.33,agent
f06e0fac-1e80-461c-b396-ffe2f12030ba,d75541ab-e65c-552d-2c53-bf184ba34e68,TRX-84049C2C,2026-04-02T19:29:29Z,3483333.34,agent
f7ed4b39-c0dd-4cc1-1b09-7c74caf250bc,02b59198-e702-51ad-9c2a-ee287e79fd54,TRX-4F68E863,2025-09-16T11:39:04Z,10300000.0,virtual_account
47c56517-ebbc-d3cb-654e-450823877d8b,570dffb4-1af1-4376-a125-6926f0d945cb,TRX-08632227,2025-02-14T19:14:44Z,1224000.0,virtual_account
e3648371-6d0f-ce1f-928a-50ed498d5851,71013eda-63cf-06a9-b13c-58779dfa3736,TRX-856CFC36,2026-06-15T04:26:06Z,1741666.67,agent
c2eb413e-9123-77b5-655b-cc31d8f7d68f,71013eda-63cf-06a9-b13c-58779dfa3736,TRX-D1DE0E81,2026-07-17T08:42:49Z,1741666.67,agent
1ee6ace9-affe-4ada-605d-69ee042391fe,71013eda-63cf-06a9-b13c-58779dfa3736,TRX-DE2EE8E3,2026-08-17T01:44:59Z,1741666.66,bank_transfer
db07fa9a-5119-0a8d-45ad-2e52be358bef,ea7c76d7-46d9-5ff4-2777-ef090b11556e,TRX-F9784ADE,2025-06-02T08:56:59Z,512500.0,bank_transfer
9f8edfec-91e1-bf16-594f-d2aad24ea974,7d914310-e6d1-772b-d614-cd24792e73ac,TRX-9E392269,2026-06-28T13:44:24Z,8062500.0,bank_transfer
50f0c625-3544-628c-794e-16e5d8779da0,7d914310-e6d1-772b-d614-cd24792e73ac,TRX-AAC5B393,2026-07-28T21:25:47Z,8062500.0,virtual_account
85210c69-ee5e-73ea-31d6-5b822657d69c,e01b9438-b090-84ca-46e3-c4d61e6a6f29,TRX-B23775B0,2025-09-04T21:24:37Z,922500.0,bank_transfer
36ce2ff6-c13a-7cdf-e588-419ba8e488e5,1c14d590-587a-91e3-3122-fc8fc66fc215,TRX-7C8896B6,2026-03-24T08:21:45Z,983333.33,bank_transfer
d78a77bf-fc9f-605f-4cd9-b747643ac98c,1c14d590-587a-91e3-3122-fc8fc66fc215,TRX-B8D5ED84,2026-04-23T15:09:58Z,983333.33,agent
975f2808-015f-edb1-c552-2e1dc41cba13,1c14d590-587a-91e3-3122-fc8fc66fc215,TRX-6F1777D1,2026-05-24T01:09:36Z,983333.33,virtual_account
119b007d-06e0-1522-d0b0-75f77fdc2d7a,1c14d590-587a-91e3-3122-fc8fc66fc215,TRX-9FB7A7B9,2026-06-23T14:24:17Z,983333.33,agent
61f22a3e-be91-7b80-ed9a-9d7ea27096bb,1c14d590-587a-91e3-3122-fc8fc66fc215,TRX-3DFBF5E7,2026-07-23T05:28:18Z,983333.33,bank_transfer
0c22afe0-0ec9-42ea-cde6-c57c60e44ff1,8ad2caa2-c13a-f897-79e9-140bf7b024cc,TRX-B386464E,2026-07-09T06:34:47Z,512500.0,virtual_account
bb506067-7ede-4aaf-c7b8-c0079c374c48,57ebbeb9-97ad-6fe4-36e4-7cb24fc009fc,TRX-501437D3,2026-02-16T01:02:19Z,304500.0,bank_transfer
9779c852-7451-af1b-83ef-a7113b2e3594,c0e16ef7-30b3-aa82-433d-97842249e37e,TRX-3942B344,2025-10-02T02:17:25Z,5600000.0,virtual_account
dc691731-c8f9-43ae-8a4d-804473a81049,b87fef91-565b-8459-55c4-715fe9b0ace8,TRX-88B41E5E,2025-02-14T12:10:56Z,895833.33,agent
3332166a-80a5-695e-e186-14b483f4bd51,b87fef91-565b-8459-55c4-715fe9b0ace8,TRX-19674462,2025-03-13T03:46:22Z,895833.33,bank_transfer
09fc4c68-2080-82cf-87ac-912a5e219256,b87fef91-565b-8459-55c4-715fe9b0ace8,TRX-74E48452,2025-04-19T00:35:44Z,895833.34,virtual_account
c07dcb79-1211-f691-55c3-a028945ad58c,c2d8dd0c-ad76-9118-f4c0-b1e95e7f5d81,TRX-BDCC153A,2025-10-03T03:52:18Z,1537500.0,agent
6f4e6f06-7cc8-b523-b468-551168ef191a,10cab1bd-b909-195b-3608-963cbabfd4f2,TRX-292FB762,2025-08-25T12:44:15Z,2180000.0,bank_transfer
88d14909-177d-e439-c4da-89cee29707b7,af83f6d7-8350-a838-6aa4-f8b1ff39ff3e,TRX-15166BFB,2025-08-18T04:19:09Z,1640000.0,bank_transfer
d64c0c1e-3735-2bd8-2c8b-663ad6ba9463,8fc0c744-497d-1862-c5f2-b6248f024324,TRX-E2BD866F,2026-03-04T16:14:38Z,530000.0,agent
5f587be3-9b79-aadb-8642-e74965f36595,8fc0c744-497d-1862-c5f2-b6248f024324,TRX-D64B7DB6,2026-05-09T00:16:51Z,530000.0,virtual_account
60716aef-726d-75bc-2f5f-b4e11f039a7c,8fc0c744-497d-1862-c5f2-b6248f024324,TRX-B2CD84C2,2026-05-04T18:04:47Z,530000.0,bank_transfer
8ee323f3-f0a3-c88b-8092-8e33c858b879,f5f725ac-7e0b-b353-bc6d-b7d99842df1a,TRX-A992E850,2026-06-23T12:34:46Z,2583333.33,virtual_account
8799ccc2-fb06-2543-8034-6a18187f7ac0,f5f725ac-7e0b-b353-bc6d-b7d99842df1a,TRX-A2AA32DD,2026-07-23T09:52:30Z,2583333.33,bank_transfer
23a3c16a-113e-54c5-c281-4b71a452f5b4,0d4e8582-f2db-f0af-11ad-e63ba73f3896,TRX-316A352E,2026-04-01T22:28:08Z,10083333.33,bank_transfer
eb8fc13b-d75e-8dd3-1744-0bacfe184149,0d4e8582-f2db-f0af-11ad-e63ba73f3896,TRX-EB2B8F73,2026-04-25T02:46:32Z,10083333.33,bank_transfer
f5c7b59d-e6ef-22aa-1fc2-279abed85922,0d4e8582-f2db-f0af-11ad-e63ba73f3896,TRX-B6A10490,2026-05-31T04:43:26Z,10083333.33,bank_transfer
3a147b15-d83d-73b0-7c31-3312bd45ba0e,0d4e8582-f2db-f0af-11ad-e63ba73f3896,TRX-845C940F,2026-06-26T06:19:55Z,10083333.33,agent
37237923-9347-cb59-da70-01ceca935543,0d4e8582-f2db-f0af-11ad-e63ba73f3896,TRX-0AF99833,2026-08-03T10:10:37Z,3025000.0,virtual_account
3f92604d-3d9f-eeb1-27fb-c771e3a89f7a,ba68b77e-c875-f221-70d8-38363000e0cd,TRX-103A3F91,2025-11-28T01:20:59Z,612000.0,virtual_account
e045c7a9-bda2-057e-1565-815eb07ce81b,d4bb03b4-0e1a-1511-5f52-6c5747175280,TRX-5C15E30B,2026-05-23T18:22:52Z,2958333.33,virtual_account
b6967d9a-4db4-17e9-49fc-d41271597d6e,d4bb03b4-0e1a-1511-5f52-6c5747175280,TRX-662A99F3,2026-06-19T05:12:36Z,2958333.33,bank_transfer
68a8130b-2a57-e58a-9209-cbe6377b443f,d4bb03b4-0e1a-1511-5f52-6c5747175280,TRX-A5DAA458,2026-08-05T00:40:20Z,887500.0,bank_transfer
6db42f13-ae42-9280-24b4-710c5ad962bd,6faff161-5a6f-a17a-a85c-0f794d5aa71f,TRX-B98B63CC,2025-10-03T13:18:00Z,548100.0,agent
3baca586-ea17-0059-2d62-66cdbad5abd1,6faff161-5a6f-a17a-a85c-0f794d5aa71f,TRX-02858211,2025-10-08T20:42:02Z,822150.0,bank_transfer
a3cc52b5-d9f7-07c6-036c-cdc317168813,b8f694c4-f22d-ba65-43fb-cb5683c575c6,TRX-ECBA01B9,2026-06-30T14:30:01Z,2030000.0,virtual_account
0b57e1d9-547b-68d5-c87e-56389ca39c19,5002ac32-6592-920e-2970-03960ec891a7,TRX-9CCA9A5E,2025-10-19T12:40:26Z,2040000.0,bank_transfer
c42b74e2-f2e6-3aa5-41bb-1a2436900c68,865d7f80-111b-9f29-44bf-6d472b1bd599,TRX-66DA0317,2026-08-02T17:09:34Z,313500.0,bank_transfer
1362ec9f-6943-12b5-539b-3549f1093be2,44053142-b6f3-f13d-e113-b381bec4ce78,TRX-166A57B3,2026-08-01T07:14:35Z,883333.33,virtual_account
b5a00422-a5a5-4fb2-6ced-ba53388b5b04,43a4c294-b2d7-d53e-0286-6942a488c8a7,TRX-5AA003B1,2025-10-16T10:48:48Z,13437500.0,bank_transfer
b9f42c44-a10d-e450-e8c7-92c09f71d570,43a4c294-b2d7-d53e-0286-6942a488c8a7,TRX-59A22647,2025-11-19T06:42:06Z,13437500.0,bank_transfer
bac3658d-82e6-398c-6ccb-1e5da6decdc3,43a4c294-b2d7-d53e-0286-6942a488c8a7,TRX-0F8282C3,2025-12-16T15:08:45Z,13437500.0,virtual_account
d2b95b9f-8caf-c013-373e-c10caaf618fd,08a9eded-f40a-b8f3-a778-0599831d3967,TRX-98C20DA1,2025-02-28T05:31:35Z,2040000.0,bank_transfer
a9fe97a5-5070-efa9-f355-a445d0452acb,903196f9-d162-dfda-5f69-45aa4a44b135,TRX-8B005533,2025-09-06T08:47:51Z,883333.33,virtual_account
b0d62de2-03a8-0dc8-ebf9-6a6fff7b1663,903196f9-d162-dfda-5f69-45aa4a44b135,TRX-341FEB94,2025-10-06T16:55:25Z,883333.33,agent
39b41006-2abc-73f6-1dcd-60b178d7c030,903196f9-d162-dfda-5f69-45aa4a44b135,TRX-BF4DB20C,2025-11-06T12:22:22Z,883333.34,agent
50a8b2ea-5c4b-f206-c58e-32acf9b657e3,f03c8517-8cdb-86c9-c64a-ce2f82b64f18,TRX-6D22686A,2025-08-06T16:58:37Z,152250.0,bank_transfer
e80c0c97-c22f-a2a0-1016-41a31b929fbf,0a1fcdfe-44ef-63f6-1788-743f50f315b1,TRX-494E7F62,2025-07-13T03:17:38Z,5900000.0,bank_transfer
bc6e2f9e-3f62-da4d-c02c-d3f2bd4a422c,d77b369f-1d49-eb0d-f465-4da3e64b938d,TRX-E6FF9799,2026-02-11T04:59:48Z,1291666.67,bank_transfer
fdb7f983-554a-efb0-3bb6-a6107a35dd3b,d77b369f-1d49-eb0d-f465-4da3e64b938d,TRX-ADF7979E,2026-03-10T00:09:53Z,1291666.67,agent
a85ec2fb-a5de-6dc6-aafe-385f8539c755,d77b369f-1d49-eb0d-f465-4da3e64b938d,TRX-EC363194,2026-04-10T10:08:40Z,1291666.67,bank_transfer
fb355638-ddc1-ccb0-b22b-213859eebb82,d77b369f-1d49-eb0d-f465-4da3e64b938d,TRX-F8A39456,2026-05-11T14:05:00Z,1291666.67,bank_transfer
bca106f9-35c7-b320-9f7c-fbb56a4171bc,d77b369f-1d49-eb0d-f465-4da3e64b938d,TRX-5A11B308,2026-06-09T00:58:36Z,1291666.67,bank_transfer
3ec8712e-22d1-4b64-7f8b-f753b5ea75f7,d77b369f-1d49-eb0d-f465-4da3e64b938d,TRX-6251595C,2026-07-10T21:12:05Z,1291666.67,virtual_account
cec40753-6ffa-7b37-d472-40e5942bba64,d77b369f-1d49-eb0d-f465-4da3e64b938d,TRX-89D6FF04,2026-08-09T07:29:42Z,1291666.67,virtual_account
28ad6f5c-164e-21b0-e3c0-a0123237d4bc,e3a971f4-c193-e7e5-2b5e-5e1f10b5d5a7,TRX-E3B380C1,2025-09-06T04:26:40Z,1866666.67,virtual_account
23fcfc03-1d27-febe-08bd-331e76a4ebe0,e3a971f4-c193-e7e5-2b5e-5e1f10b5d5a7,TRX-48182B6A,2025-10-06T00:40:32Z,1866666.67,bank_transfer
b69d5ae6-6506-d90b-4157-143e5f47cf47,e3a971f4-c193-e7e5-2b5e-5e1f10b5d5a7,TRX-166F30D6,2025-11-06T08:47:11Z,1866666.67,bank_transfer
ac374cb4-6be2-2076-e14a-ef9f52a6ea58,e3a971f4-c193-e7e5-2b5e-5e1f10b5d5a7,TRX-6C70CB3A,2025-12-14T06:03:42Z,1866666.67,agent
4124a759-5995-8bcf-4208-fd2d2e0a4091,e3a971f4-c193-e7e5-2b5e-5e1f10b5d5a7,TRX-B45D49BC,2026-01-06T11:43:06Z,1866666.67,virtual_account
bae85600-eb33-87d1-24a1-04ca6f6248b1,e3a971f4-c193-e7e5-2b5e-5e1f10b5d5a7,TRX-C3C460DD,2026-02-06T21:01:24Z,1866666.65,virtual_account
19539f5c-f55d-a283-4d5b-cc03e3df1f1b,be42816d-83d4-0209-a95a-020407426f61,TRX-881F1D36,2026-07-02T23:57:09Z,212000.0,agent
3e557109-129b-9d49-7c2d-ae0ae2e5ab5c,be42816d-83d4-0209-a95a-020407426f61,TRX-13634919,2026-07-31T10:27:18Z,212000.0,agent
0eddf088-0c3e-d201-4986-07ad90b08606,30cfa2ea-978e-04d8-aa34-977ea9bcb2ff,TRX-393428B2,2025-06-10T01:10:51Z,1370250.0,virtual_account
8ffc1fbd-2470-0f8f-76ee-f05b7551e106,26db1e17-88d8-fc16-70dd-6573eaed8447,TRX-62980CDF,2025-06-08T19:39:37Z,1916666.67,virtual_account
1410b6dd-62db-319b-0fe0-fd95b6244d62,26db1e17-88d8-fc16-70dd-6573eaed8447,TRX-471D3084,2025-06-29T12:23:14Z,1916666.67,bank_transfer
0da3fc4e-3db1-07a3-5cdf-047ede18cd40,26db1e17-88d8-fc16-70dd-6573eaed8447,TRX-19255AC8,2025-07-22T02:43:43Z,1916666.67,bank_transfer
c9fc7587-6732-ff74-7c05-25ddab6af85f,26db1e17-88d8-fc16-70dd-6573eaed8447,TRX-E1F60B6B,2025-08-22T08:19:23Z,1916666.67,agent
2a268d93-f371-0ce1-2ce4-ede72d79429d,26db1e17-88d8-fc16-70dd-6573eaed8447,TRX-3F817CB2,2025-09-22T02:47:42Z,766666.67,agent
d916ad83-9124-2b87-14d8-842d49305e6d,26db1e17-88d8-fc16-70dd-6573eaed8447,TRX-1EEA0EDB,2025-09-27T20:21:04Z,1150000.0,agent
99f400a7-2a1d-76ca-3b88-578612eb5199,26db1e17-88d8-fc16-70dd-6573eaed8447,TRX-D1662792,2025-11-27T09:30:50Z,1916666.65,agent
218482c3-896a-5512-9464-2f701bf2e82c,04c7349e-09d1-3ab4-8169-2fee3b8364aa,TRX-90A8DCFC,2026-06-03T04:21:29Z,1030000.0,agent
da52569f-56e3-1889-e1eb-b935712c13d4,fd4b2128-41e3-ce19-bb8a-b54b904612ae,TRX-4BCE3246,2025-09-04T19:15:37Z,922500.0,bank_transfer
7875e179-0d03-fbce-8d9a-c53fdbf1b41c,d173e7fb-7cd9-8c9c-7499-0d3d6b9e1ffb,TRX-A3D1F7C1,2025-10-20T08:50:01Z,5666666.67,bank_transfer
b604bc4f-8c01-fd1f-49dd-2735bb0e4cb1,d173e7fb-7cd9-8c9c-7499-0d3d6b9e1ffb,TRX-2EAA3DB0,2025-11-19T15:41:26Z,5666666.67,agent
d8fad0a7-f2e8-804e-91be-f8d03244b46e,d173e7fb-7cd9-8c9c-7499-0d3d6b9e1ffb,TRX-974CA026,2025-12-19T10:38:26Z,5666666.67,bank_transfer
ec8ba079-c8e5-b72f-427f-01c980f7f71d,d173e7fb-7cd9-8c9c-7499-0d3d6b9e1ffb,TRX-E74EFEE6,2026-01-20T21:59:28Z,5666666.67,bank_transfer
f0ee190c-4c06-4da3-07c1-621c84f1e76d,d173e7fb-7cd9-8c9c-7499-0d3d6b9e1ffb,TRX-33E01072,2026-02-20T09:48:41Z,5666666.67,virtual_account
c6787f10-bb12-ad05-effb-2f98123d03ea,d173e7fb-7cd9-8c9c-7499-0d3d6b9e1ffb,TRX-0B78E1EB,2026-03-20T11:23:49Z,5666666.67,bank_transfer
35a4f2b1-5967-93b8-896b-9fb153a08920,d173e7fb-7cd9-8c9c-7499-0d3d6b9e1ffb,TRX-24BF53E7,2026-04-19T22:25:39Z,5666666.67,virtual_account
4b10047d-ba95-e5fc-2b59-31ee34a627f5,d173e7fb-7cd9-8c9c-7499-0d3d6b9e1ffb,TRX-7A00FF10,2026-05-19T21:39:45Z,5666666.67,virtual_account
5b113678-a8eb-953f-53a7-8cd7febedbff,d173e7fb-7cd9-8c9c-7499-0d3d6b9e1ffb,TRX-926F3892,2026-06-20T19:24:49Z,5666666.67,bank_transfer
acaa8dcc-b6aa-3159-1d4e-57ef98729a53,d173e7fb-7cd9-8c9c-7499-0d3d6b9e1ffb,TRX-10E59F83,2026-07-18T20:03:18Z,5666666.67,bank_transfer
0730ad51-b336-92d4-25eb-55679b5d1905,d173e7fb-7cd9-8c9c-7499-0d3d6b9e1ffb,TRX-B5050B21,2026-08-20T16:16:21Z,5666666.67,bank_transfer
95fe302d-d8b3-227b-eaaf-5dc39c560b00,c1f0c10e-4c54-cd7d-370a-745e2dc18311,TRX-276E357F,2026-02-04T08:38:43Z,218000.0,bank_transfer
1b9ef6dd-c993-e01b-28fa-9c5991b4e415,c1f0c10e-4c54-cd7d-370a-745e2dc18311,TRX-A47DEAE1,2026-02-11T01:21:42Z,327000.0,bank_transfer
a0515bb8-aa45-fa7f-7e94-280c5cf87b1f,c1f0c10e-4c54-cd7d-370a-745e2dc18311,TRX-88BC6E2F,2026-03-04T18:41:25Z,545000.0,virtual_account
bb34b9d0-04c0-aad1-7189-9cdc0d0af828,c1f0c10e-4c54-cd7d-370a-745e2dc18311,TRX-B22DE29B,2026-04-04T12:31:51Z,545000.0,virtual_account
919da215-833c-195d-78ac-6a6a53cfd003,c1f0c10e-4c54-cd7d-370a-745e2dc18311,TRX-C08CABE0,2026-05-31T23:05:00Z,545000.0,bank_transfer
891c0f31-6b54-5a9f-92e0-822553a821d4,c1f0c10e-4c54-cd7d-370a-745e2dc18311,TRX-C54EC02A,2026-06-04T06:32:12Z,545000.0,bank_transfer
9911cf28-cea0-245e-10bb-54e4860389d4,c1f0c10e-4c54-cd7d-370a-745e2dc18311,TRX-A143D72C,2026-07-04T09:39:51Z,545000.0,bank_transfer
6dc38a50-3c02-e9b6-0750-1c7f64549caa,ce454698-834b-24c2-f0ac-095ebfaea1e5,TRX-8B73000D,2026-03-15T17:25:51Z,8708333.33,bank_transfer
3eed7054-7ffe-008c-8e21-c85bbe3e081b,ce454698-834b-24c2-f0ac-095ebfaea1e5,TRX-081E2682,2026-04-22T15:23:34Z,8708333.33,bank_transfer
6dc9c358-0ae8-7823-0880-6c1ab09dc885,ce454698-834b-24c2-f0ac-095ebfaea1e5,TRX-D8C4AE9A,2026-05-15T09:12:40Z,8708333.34,virtual_account
0b681770-832d-1159-1422-bd34e110033f,bd8bba11-8972-d6f0-8bb9-ced67975ae07,TRX-7356F1AF,2025-12-20T02:15:58Z,1150000.0,virtual_account
bbe8cb84-76cf-120a-8379-81a2b344ba4e,bd8bba11-8972-d6f0-8bb9-ced67975ae07,TRX-3B719BF5,2026-01-09T10:22:04Z,1150000.0,bank_transfer
19e68ae8-319a-dde2-d584-c37c347e2193,bd8bba11-8972-d6f0-8bb9-ced67975ae07,TRX-5870334B,2026-02-20T07:10:11Z,1150000.0,virtual_account
5f3b345d-411c-ac94-bdfa-af82715a1a88,bd8bba11-8972-d6f0-8bb9-ced67975ae07,TRX-35724A64,2026-03-19T19:21:33Z,1150000.0,bank_transfer
a83977f8-dcb4-ff84-914c-8167b9ce805c,bd8bba11-8972-d6f0-8bb9-ced67975ae07,TRX-C123DE6B,2026-04-10T02:39:36Z,1150000.0,agent
7656e75c-6f16-0167-cdcc-0a78f87a0823,0da5c624-d810-0af4-5384-5d031e797c50,TRX-3A8EBFC1,2025-09-07T06:57:46Z,412000.0,bank_transfer
61670f07-978e-8141-63d9-a9b50623b977,fbc59b11-5cad-eeee-7599-e60b727809f9,TRX-3FEF148E,2025-08-26T23:18:06Z,1025000.0,bank_transfer
6f94b9e0-a35b-8be1-bd2b-d25b6c3276a1,402cd89d-5eb9-5d3e-33c0-b1236c51a9ea,TRX-C0902352,2026-04-05T05:49:00Z,612000.0,bank_transfer
d7d98d34-2467-80d1-8c4a-1feea7dec48c,96861379-fb38-3429-759a-04016c52b757,TRX-A534BE67,2025-12-23T01:00:17Z,1530000.0,agent
4464490e-4fdf-16f4-de92-cebdb7c280fe,bddaeaab-e65c-daf6-3b7f-0156d72523eb,TRX-58BD38DC,2025-07-10T21:16:34Z,4541666.67,bank_transfer
bf3f53b1-d5e4-08e8-030f-9a431600694b,bddaeaab-e65c-daf6-3b7f-0156d72523eb,TRX-C2D3A666,2025-08-12T04:25:09Z,4541666.67,virtual_account
caef9656-63a9-a33f-5d64-0c6a6c326534,bddaeaab-e65c-daf6-3b7f-0156d72523eb,TRX-5A0DAB45,2025-09-06T09:44:31Z,4541666.67,bank_transfer
c6865b58-73a3-09fb-c9d0-ea644e0e0dcb,bddaeaab-e65c-daf6-3b7f-0156d72523eb,TRX-E9F6056E,2025-10-09T15:22:57Z,4541666.67,virtual_account
adae6374-7a19-b403-cfc0-731ac8ea6908,bddaeaab-e65c-daf6-3b7f-0156d72523eb,TRX-9963D745,2025-11-09T13:43:25Z,4541666.67,bank_transfer
cc66de93-3fb6-f95c-8d2a-88f6100c04f0,6ff56816-fe29-52d9-7a57-76f58a2b7317,TRX-29F0C09C,2025-09-12T06:02:55Z,862500.0,virtual_account
c159126a-05de-a3ea-2b30-d531061f95ab,6ff56816-fe29-52d9-7a57-76f58a2b7317,TRX-1087AB2D,2025-11-02T20:36:58Z,862500.0,bank_transfer
ae06e4fd-8317-9b20-e6ca-52a4892d6dd0,6ff56816-fe29-52d9-7a57-76f58a2b7317,TRX-7A4CA6BF,2025-11-12T10:30:16Z,862500.0,virtual_account
84751c76-51f2-256e-c994-d4dffdb4660d,6ff56816-fe29-52d9-7a57-76f58a2b7317,TRX-359A89B5,2025-12-12T07:15:50Z,862500.0,agent
99b1f912-29ac-60d7-9f32-bb33c764a7ef,6ff56816-fe29-52d9-7a57-76f58a2b7317,TRX-DE0E1A23,2026-01-12T19:42:23Z,862500.0,virtual_account
f30eaddf-87d9-f82d-7ecc-3f1861487d79,6ff56816-fe29-52d9-7a57-76f58a2b7317,TRX-E1EAA62B,2026-02-12T07:47:24Z,862500.0,bank_transfer
8913ba46-6eb4-59af-bfda-311291e0bef8,7ec78260-9aee-22c3-4e2f-6ba6b3fb3ad8,TRX-E08F76B7,2025-07-03T21:30:44Z,10150000.0,virtual_account
181b72d3-4b23-b6b7-0d47-0958b1d626ee,56bc3018-5424-cd60-601f-60b109d5d67a,TRX-7A77BDEC,2026-03-27T02:43:15Z,186666.67,virtual_account
414c2750-5c96-6ec2-add0-e87a8e93a8b3,56bc3018-5424-cd60-601f-60b109d5d67a,TRX-1778FF99,2026-04-12T01:33:22Z,186666.67,bank_transfer
02a0657b-4b48-f032-7fc3-473af220c4c9,56bc3018-5424-cd60-601f-60b109d5d67a,TRX-E51C1EB8,2026-05-10T04:42:31Z,186666.67,agent
52fe97d6-0108-c54d-4f04-33208e460b04,56bc3018-5424-cd60-601f-60b109d5d67a,TRX-26E67FDE,2026-06-12T09:09:49Z,186666.67,bank_transfer
ed89fff2-609e-c762-466e-4a9edfaf45b3,fdc7bdb5-e2af-1aa2-34e7-e578510529f2,TRX-442F6380,2026-06-07T12:26:15Z,4791666.67,bank_transfer
13643885-c417-11ce-856e-3f622304ee19,fdc7bdb5-e2af-1aa2-34e7-e578510529f2,TRX-CA9769F6,2026-07-06T06:59:18Z,4791666.67,virtual_account
2590f71b-2114-a3d7-6fa7-d34ef094305f,fdc7bdb5-e2af-1aa2-34e7-e578510529f2,TRX-D5459C5B,2026-08-05T17:05:20Z,4791666.67,agent
b2368d32-f302-167c-2230-c9c9ee3182b2,cfdb42eb-d971-f720-d822-7089e49108b7,TRX-CEE68AF5,2025-08-17T03:50:51Z,2950000.0,virtual_account
f54b5754-6f0f-6ec7-1863-11c0a2068489,a7cbf873-3949-5237-cfbd-b661a3668e30,TRX-8DDCFE37,2025-08-30T02:53:45Z,920833.33,bank_transfer
a2f76139-344a-fbfc-6111-804f7125df9f,a7cbf873-3949-5237-cfbd-b661a3668e30,TRX-CE278631,2025-09-30T05:15:48Z,920833.33,agent
e4f3c0c6-e358-8350-4d63-ba63e690e48f,a7cbf873-3949-5237-cfbd-b661a3668e30,TRX-B5577C98,2025-10-30T07:53:16Z,920833.34,virtual_account
dc02c53f-e740-6ddd-b0c3-1b1456582ad1,76ee1029-b30c-3924-b84d-7de182d3e311,TRX-1E923C2F,2025-10-12T19:23:03Z,1567500.0,bank_transfer
de22bdbe-1591-d0dc-97d1-f5a1c3f5758f,76ee1029-b30c-3924-b84d-7de182d3e311,TRX-8CD91FDE,2025-10-04T00:55:09Z,1567500.0,virtual_account
5062292b-9150-18f7-cd83-9ee962e47962,76ee1029-b30c-3924-b84d-7de182d3e311,TRX-76912185,2025-11-23T21:07:27Z,1567500.0,virtual_account
0c910b3e-4be2-17c9-5e32-d823561c03f4,7adebd3f-6f38-6588-7506-7d3983748a99,TRX-0D1DA4BF,2026-06-02T12:12:34Z,862500.0,bank_transfer
b6c2fc1c-3c79-3ba9-f459-0f0efb4ef940,9d4af862-71ba-9a2b-625d-06575076837f,TRX-BD1F7FAC,2026-03-10T13:09:27Z,2708333.33,bank_transfer
8db9fce6-b02e-77f0-d94e-51eafcb27600,9d4af862-71ba-9a2b-625d-06575076837f,TRX-49037540,2026-04-19T22:53:18Z,2708333.33,bank_transfer
42318962-4689-3fe9-1592-0699a25c0103,9d4af862-71ba-9a2b-625d-06575076837f,TRX-30251B9D,2026-05-16T04:48:19Z,2708333.33,bank_transfer
b4ac3f49-12e4-1cce-ec2a-4798e87fe3ce,9d4af862-71ba-9a2b-625d-06575076837f,TRX-33130FD9,2026-06-12T11:59:49Z,2708333.33,agent
44fba245-7534-1041-9d7f-278398bae371,c6cbb996-f09f-0c2e-cc6f-916fc8c8866a,TRX-D3B50553,2026-03-27T01:56:03Z,895833.33,bank_transfer
1aa89120-ffc7-f8ac-00c7-5a8178feb2a3,c6cbb996-f09f-0c2e-cc6f-916fc8c8866a,TRX-4A6AC12C,2026-04-27T14:57:23Z,895833.33,bank_transfer
27de8ddd-7a17-f82b-2a06-4d01d37686eb,c6cbb996-f09f-0c2e-cc6f-916fc8c8866a,TRX-A800B5CF,2026-05-27T18:20:51Z,895833.34,bank_transfer
6da560ea-97e3-4dab-8c0e-32a8554c749a,4d10e2f3-3321-bbc7-51f2-04eb11d1df9e,TRX-95AB0042,2025-05-26T22:56:07Z,2725000.0,agent
df900118-1f28-00e2-7a75-4ef03d3d3a24,7537c0d1-18ba-3c49-bc2e-97a3e5fd15c2,TRX-3DF19CE3,2026-05-28T11:19:11Z,1377000.0,bank_transfer
8556d7aa-97de-4b39-51d4-494875b5507b,29a36e2a-6ffc-23cc-52c8-b35b9420ac52,TRX-10BFA958,2026-05-15T08:30:34Z,5450000.0,bank_transfer
49eb1e39-1d0f-becf-497b-9333d4b021bc,5c861f02-40d5-8a2e-ba6f-5c910b16e78c,TRX-E755D425,2025-12-30T13:26:43Z,726666.67,bank_transfer
1a636856-bcda-bae7-935a-eea0319db3da,5c861f02-40d5-8a2e-ba6f-5c910b16e78c,TRX-4E74B456,2026-01-30T18:46:36Z,290666.67,bank_transfer
76be2286-1d39-b9a8-4ecf-bdcdcf90f882,5c861f02-40d5-8a2e-ba6f-5c910b16e78c,TRX-6B413F6C,2026-02-07T08:07:08Z,436000.0,bank_transfer
14ac4bf2-7ff1-95d1-d26e-491d5a6c6ca3,5c861f02-40d5-8a2e-ba6f-5c910b16e78c,TRX-74C8D0C5,2026-02-28T19:29:59Z,726666.66,bank_transfer
ae18d150-5ce1-008b-4ac9-abff2921c7a4,a5205476-aee7-7ebb-86d9-c1d657ac6409,TRX-3369733E,2025-03-12T10:01:58Z,383333.33,bank_transfer
61d3a274-6b8e-dc78-8dd4-9f6724faf7bf,a5205476-aee7-7ebb-86d9-c1d657ac6409,TRX-0E2F6875,2025-04-14T10:07:35Z,153333.33,bank_transfer
b2f8e508-5c9a-5535-2887-022635ecbbc2,a5205476-aee7-7ebb-86d9-c1d657ac6409,TRX-C19F1B45,2025-04-23T14:44:29Z,230000.0,bank_transfer
05c8bce5-1a67-7684-cbe5-45f8d363b262,a5205476-aee7-7ebb-86d9-c1d657ac6409,TRX-93F5F454,2025-05-12T12:07:58Z,383333.33,agent
8cd5cdcc-9055-e30d-3c15-49f0c3df5b49,a5205476-aee7-7ebb-86d9-c1d657ac6409,TRX-0C702549,2025-06-12T00:33:39Z,383333.33,virtual_account
e0aa49eb-e622-f07d-c594-4e94764e42a2,a5205476-aee7-7ebb-86d9-c1d657ac6409,TRX-11B257E0,2025-07-12T02:59:27Z,153333.33,virtual_account
26aeb29f-1c4d-d3ba-e167-c97f15307ffd,a5205476-aee7-7ebb-86d9-c1d657ac6409,TRX-A1E95772,2025-07-15T13:33:22Z,230000.0,bank_transfer
fad129fe-b136-ce95-4362-72b4ca649dd2,a5205476-aee7-7ebb-86d9-c1d657ac6409,TRX-034CC146,2025-08-16T17:25:51Z,383333.35,bank_transfer
a8cebb40-d8cd-1cbf-1607-97d6d7aa743b,ee7c2d49-44d4-ce32-8d9c-23122d038b70,TRX-14162F5C,2025-10-10T19:55:26Z,479166.67,bank_transfer
0f06349a-e60d-94b3-c25b-e30c8aa39b0f,ee7c2d49-44d4-ce32-8d9c-23122d038b70,TRX-E982698E,2025-12-18T09:22:57Z,479166.67,agent
db71ba6e-4f8d-e90f-4f3d-2058a3fe0c57,ee7c2d49-44d4-ce32-8d9c-23122d038b70,TRX-5B0076FE,2025-12-10T05:13:22Z,479166.67,bank_transfer
1411e9a7-a3c9-52ef-c228-bf00ab9356ee,ee7c2d49-44d4-ce32-8d9c-23122d038b70,TRX-1B132324,2026-01-10T00:47:14Z,479166.67,agent
9f448e85-240a-1392-9505-91af39e30bb3,ee7c2d49-44d4-ce32-8d9c-23122d038b70,TRX-CC4AE5D5,2026-02-10T16:23:44Z,479166.67,bank_transfer
acd2bf3a-629c-f5e6-f13c-1f8e1dbe7156,ee7c2d49-44d4-ce32-8d9c-23122d038b70,TRX-02728A20,2026-03-16T20:30:00Z,479166.65,bank_transfer
a8e801b9-7922-744d-ea20-191892202531,69f7305d-dc27-ed59-8e53-01a89d1b00bc,TRX-21713374,2025-11-01T01:58:47Z,5175000.0,bank_transfer
deff14b4-0be0-21ca-31d3-3d50ba9c6180,0f18fd2d-07ae-c9cf-d267-b37d778e9094,TRX-5D04B19A,2025-10-20T04:06:13Z,716666.67,agent
0e2cf938-e8bf-7cfb-a021-c27bea61a723,0f18fd2d-07ae-c9cf-d267-b37d778e9094,TRX-AFD18B63,2025-11-20T09:02:19Z,716666.67,bank_transfer
cf9f8860-c0cf-ff98-c08e-625c7cea6d71,0f18fd2d-07ae-c9cf-d267-b37d778e9094,TRX-C701B00D,2025-12-20T18:57:44Z,716666.66,bank_transfer
2ac1c97a-d573-556f-756c-11ff839b3710,a61f4911-2037-ddb6-c9c9-aa14fcaddd95,TRX-64B1045D,2026-08-13T19:22:49Z,1015000.0,bank_transfer
0161785b-b719-0053-981d-a24811a9c5d2,2321f889-aae0-59fc-e83f-e309f7164106,TRX-A051BFC4,2026-02-16T13:16:17Z,776250.0,bank_transfer
fb8c7985-f2d4-6bff-ab1f-b2b7872b6c11,4392e06b-fb69-5664-9178-f552956333bb,TRX-F5CF903A,2025-04-15T11:04:34Z,1015000.0,bank_transfer
b0c1d375-c8ff-68c8-9879-1561e7a3ea46,64bc636d-3629-3341-8cf0-97861789f4a4,TRX-DC17128A,2026-06-08T23:55:20Z,373333.33,bank_transfer
2ed2e480-9bfb-10ae-1cca-e871eea0718d,64bc636d-3629-3341-8cf0-97861789f4a4,TRX-B542348F,2026-07-09T12:54:43Z,373333.33,agent
8668b321-a74e-fb30-0909-588a0f107564,64bc636d-3629-3341-8cf0-97861789f4a4,TRX-488E427C,2026-08-08T22:26:16Z,373333.33,agent
c429da12-6f21-9b9e-0afe-aa82429727c3,8a7ee81c-7c5b-02a4-a1c9-cb1a281bc900,TRX-BDD1347A,2025-02-24T10:19:33Z,517500.0,bank_transfer
0a52d982-849c-c7f5-ac4c-b3c665dfc433,39976ff3-7070-6914-58d7-58a66d292a04,TRX-950B3C3A,2025-08-12T18:07:04Z,1537500.0,bank_transfer
a42df83e-a588-3c58-5984-0ad9b7c678bf,35935a72-1f21-4e52-586f-38e647b9ef7d,TRX-60F251D7,2026-04-05T14:38:54Z,512500.0,virtual_account
0c7cd31a-224a-2aa6-ed56-bab7d49ab608,67d5c895-b276-b6ca-4c74-b566b5c70ec4,TRX-DC9C635F,2025-11-17T02:19:50Z,510000.0,virtual_account
112a90c8-2bc9-b29d-812e-8aefb0546f6b,720f8eb2-fc43-f1bc-7e03-5f4c8fc069f8,TRX-6E901057,2025-08-03T18:51:28Z,2030000.0,virtual_account
c5577f76-cbb6-d3bd-8a93-9398fd8c645b,2a3f70ab-0660-ba40-8c42-0859db594869,TRX-A3D4FB77,2026-04-10T04:54:24Z,510000.0,bank_transfer
25fdd8ee-777c-8275-8af0-da5138b8e700,5a56714f-3795-0305-f50a-364d35da0a75,TRX-09138CD2,2026-06-04T13:58:27Z,8833333.33,bank_transfer
e1ba44f0-5ea7-8086-0637-16c666415bf2,5a56714f-3795-0305-f50a-364d35da0a75,TRX-45DE2298,2026-07-06T04:28:30Z,8833333.33,virtual_account
e6877ce1-7a71-faee-54e4-b7fadbac6ac2,5a56714f-3795-0305-f50a-364d35da0a75,TRX-686B8A2E,2026-08-05T06:29:02Z,8833333.34,bank_transfer
a8a7120a-c434-8467-f3cb-95bd5328c831,5cea9433-1623-21d9-8cd4-3c66c5c3fc44,TRX-C02741FE,2025-08-01T09:57:42Z,1741666.67,bank_transfer
2d8cb940-3d17-a0e9-dd9e-98bc13b6f0ae,5cea9433-1623-21d9-8cd4-3c66c5c3fc44,TRX-0EACE8AE,2025-09-01T00:13:35Z,1741666.67,bank_transfer
cc5217fb-0751-a787-105b-69881578f08d,5cea9433-1623-21d9-8cd4-3c66c5c3fc44,TRX-6E5F93DE,2025-10-01T16:55:40Z,1741666.66,agent
9674bfca-2ae3-13f4-b113-5ca657260345,606f40db-ef77-abb1-acb7-ca1adc52efd7,TRX-ADF455B9,2025-09-01T18:41:09Z,920833.33,virtual_account
e01ad7e7-d5e5-bf85-2649-60f01c7f5b9c,606f40db-ef77-abb1-acb7-ca1adc52efd7,TRX-E36F214F,2025-10-09T09:07:07Z,920833.33,virtual_account
347cc306-3f1a-72a4-6843-703f4abee388,606f40db-ef77-abb1-acb7-ca1adc52efd7,TRX-8342F4F9,2025-11-01T06:00:07Z,920833.34,virtual_account
15681790-6b21-4bdd-3151-67a30236656d,4a3775ca-ed06-0ee3-1d70-1be2b11b9a5b,TRX-5834BEB5,2025-06-25T11:06:45Z,2906666.67,bank_transfer
250728ba-f25d-cbb7-f5f6-4edadb8710dd,4a3775ca-ed06-0ee3-1d70-1be2b11b9a5b,TRX-37E8A7B0,2025-07-25T19:17:42Z,2906666.67,bank_transfer
8a82bc80-62fa-1010-9489-5d2e4901b79e,4a3775ca-ed06-0ee3-1d70-1be2b11b9a5b,TRX-F7ECE082,2025-08-25T13:53:21Z,2906666.66,bank_transfer
ae9edbe9-d887-e782-d788-407d076771cd,749c52c1-ed77-a4ad-8aef-99c245d73a6d,TRX-17E74687,2025-02-10T04:08:00Z,1530000.0,bank_transfer
5059b66f-1519-9fa4-f483-3e9c0a705cd4,df82fc5a-5cb2-8d60-f22b-71e394793849,TRX-71F20A0E,2025-05-08T00:57:40Z,7650000.0,agent
d0a11a6d-dc6e-ce16-f19c-e941684085dd,b58b5c79-696f-5c48-d38f-4eeb88d0acae,TRX-BC263CB7,2026-01-17T13:02:08Z,10083333.33,bank_transfer
1ad9bd26-b309-71cf-770a-9709751e0f6d,b58b5c79-696f-5c48-d38f-4eeb88d0acae,TRX-DF1A0A95,2026-01-26T04:17:12Z,10083333.33,agent
4b539e67-0e7d-5bc2-5b88-267f546525a7,b58b5c79-696f-5c48-d38f-4eeb88d0acae,TRX-06CBF005,2026-02-26T17:43:30Z,10083333.33,bank_transfer
f83f50db-a08e-dedb-5769-ba6807042c38,b58b5c79-696f-5c48-d38f-4eeb88d0acae,TRX-B9D01A2D,2026-03-26T19:01:40Z,10083333.33,bank_transfer
ab632a56-b89d-f69d-1ddc-0a70b559627c,b58b5c79-696f-5c48-d38f-4eeb88d0acae,TRX-C7F44559,2026-04-26T09:46:59Z,10083333.33,virtual_account
e22a22ab-cb76-7b35-6089-cbcf616e251a,b58b5c79-696f-5c48-d38f-4eeb88d0acae,TRX-FBCE15AD,2026-05-26T03:27:10Z,10083333.35,bank_transfer
1bdd9635-9bb3-a576-531d-d7d6a232d82f,b04f86a6-014a-0486-509e-9bf043df96c9,TRX-764F3901,2026-06-16T23:36:48Z,1552500.0,agent
45fd1776-3c11-6fad-31d9-ee71b5f980c5,b04f86a6-014a-0486-509e-9bf043df96c9,TRX-247E9769,2026-06-21T03:11:32Z,2328750.0,agent
b607bca0-f9cc-3001-19dc-74a8de9eb782,99c354e0-ca73-ab5d-1a92-1f25410ccc59,TRX-4CF3C8DA,2026-06-27T18:17:49Z,1791666.67,bank_transfer
b7d5494f-2191-ce20-da9e-32968ab8a6f3,99c354e0-ca73-ab5d-1a92-1f25410ccc59,TRX-0246A755,2026-07-25T11:20:51Z,1791666.67,bank_transfer
c47c8a0f-c3b1-6ad0-651c-6b96bde8aa62,2db95374-d8c7-389e-60c4-692f16ce5315,TRX-B37426B5,2025-07-25T01:26:22Z,2060000.0,bank_transfer
032da60b-b890-6b8e-bf8e-6221706a2696,6da8a790-5ae4-ec20-5fc1-3d68c369b750,TRX-14D8E39D,2025-11-14T21:11:08Z,8833333.33,bank_transfer
b4780aa9-a62b-6258-b261-f8c8c2c04b79,6da8a790-5ae4-ec20-5fc1-3d68c369b750,TRX-CD195408,2025-12-04T22:51:12Z,8833333.33,virtual_account
d12171af-61f6-2d32-4151-4d4fa7a31871,6da8a790-5ae4-ec20-5fc1-3d68c369b750,TRX-0117F322,2026-01-04T21:17:15Z,8833333.34,virtual_account
66246201-fd54-d4bc-a2e6-c004f9f73fb9,ae6d1002-9935-8c0b-9dba-63156e7bc03f,TRX-C50A2EE1,2026-06-01T16:28:29Z,5166666.67,agent
bd1d315d-2582-f117-c5cb-0776e3e9f04d,ae6d1002-9935-8c0b-9dba-63156e7bc03f,TRX-26E034B6,2026-07-20T17:05:13Z,5166666.67,virtual_account
dc852edc-1251-7dec-27e9-3d0ef0fbb104,b5b4e667-2340-11f0-de2a-813ccdda6d4e,TRX-23A381FD,2025-05-27T17:14:46Z,2550000.0,bank_transfer
838b70b8-0168-addb-01cf-47eb9a262e17,5badb3ca-d21f-8755-5f7d-feee4626fa30,TRX-592C3918,2026-01-17T09:16:24Z,1025000.0,bank_transfer
75248cbc-437d-5739-ef6a-b1296415dfe2,4d450081-aab7-f302-1a8b-d47d1f383317,TRX-7505E8FB,2026-02-21T22:27:57Z,913500.0,agent
6f9625db-be50-1bf7-1de4-90a4cdb8eba5,9d644d78-61f5-f48b-78f0-dbaa5d07b239,TRX-26E54A81,2025-06-13T14:05:56Z,918000.0,bank_transfer
0fc4c46a-f363-1da9-7d95-3a150829fd07,f5693d09-e544-2f98-f19e-7aed9a24bfc3,TRX-527DB513,2026-05-26T03:09:57Z,1741666.67,bank_transfer
0780d769-89a9-5649-8854-ea4e88ab0a89,f5693d09-e544-2f98-f19e-7aed9a24bfc3,TRX-9A7DA5AB,2026-06-27T16:21:36Z,1741666.67,bank_transfer
75027f0a-bf9e-2bb2-5389-22794a7f7d18,f5693d09-e544-2f98-f19e-7aed9a24bfc3,TRX-6ED0489C,2026-07-28T01:07:53Z,1741666.66,agent
96e6d8f3-af5b-fbc9-4b3e-07b5069961df,68338da0-b859-57c4-c12c-f174272b74c5,TRX-7306AF6A,2026-02-14T19:13:15Z,25875000.0,agent
4c1ff438-75d0-5575-a88f-7282aaeff79b,d6355f97-2697-58de-2c57-9e60a5be6216,TRX-D20351F0,2025-08-18T17:03:16Z,2070000.0,agent
b799ecfc-d528-322f-e730-4c8eae48bbe4,9bda9335-2a41-966e-20ca-c0a9b2449caa,TRX-959D0F6C,2025-08-15T17:15:51Z,10250000.0,virtual_account
e427a02f-1b13-eb3f-0b5c-4a48ba57c7e8,ca538e6c-14c1-94c7-3bde-39d46a8d08eb,TRX-DE87DEF7,2025-05-12T11:13:28Z,1866666.67,virtual_account
98384451-3321-81f3-0974-12e0713d168d,ca538e6c-14c1-94c7-3bde-39d46a8d08eb,TRX-EF0D45DE,2025-06-12T11:19:13Z,1866666.67,bank_transfer
1fe4d39e-4ad9-20e4-7a2b-6d52b0a886b6,ca538e6c-14c1-94c7-3bde-39d46a8d08eb,TRX-35BF86C4,2025-07-12T05:16:35Z,1866666.67,virtual_account
ff96b8e7-eb23-6220-6c48-e6f3ab01e3f0,ca538e6c-14c1-94c7-3bde-39d46a8d08eb,TRX-2326814E,2025-08-12T10:33:04Z,1866666.67,bank_transfer
c168e7cd-223f-8014-27f9-c0fe5589fca6,ca538e6c-14c1-94c7-3bde-39d46a8d08eb,TRX-C77865FF,2025-09-12T09:09:12Z,1866666.67,virtual_account
a308b323-1cc5-6ea8-4707-fbf5c7a69541,ca538e6c-14c1-94c7-3bde-39d46a8d08eb,TRX-D4D16022,2025-10-12T03:26:49Z,1866666.65,virtual_account
dabd0761-e40b-1ef8-608d-f6d35435d20b,4d2dfe2c-4ed3-a33f-03fd-aa60a98669dd,TRX-B5400826,2025-12-22T19:27:46Z,1033333.33,bank_transfer
9e927aae-59dc-9ca8-ed36-d786b52de4b8,4d2dfe2c-4ed3-a33f-03fd-aa60a98669dd,TRX-50B1687C,2026-01-23T17:48:20Z,1033333.33,bank_transfer
1a1b1b3c-4c31-6f01-0fa4-a90c82b668fb,4d2dfe2c-4ed3-a33f-03fd-aa60a98669dd,TRX-CCFCB9C5,2026-02-23T23:15:05Z,1033333.33,virtual_account
2b5ccfcb-f835-ed0e-d2ba-6f8bc770af40,4d2dfe2c-4ed3-a33f-03fd-aa60a98669dd,TRX-D7273E5E,2026-03-24T15:47:28Z,1033333.33,bank_transfer
a38c9dbe-05dc-8cdc-89f2-8f85dbac5a77,4d2dfe2c-4ed3-a33f-03fd-aa60a98669dd,TRX-F03BA19F,2026-04-24T09:11:48Z,1033333.33,bank_transfer
9b6615fd-3377-6a61-86fc-7a7eb60eac0d,4d2dfe2c-4ed3-a33f-03fd-aa60a98669dd,TRX-D3C59E75,2026-05-22T12:44:41Z,1033333.33,bank_transfer
3309e71d-83fc-37ba-2144-17099bf4c6f4,4d2dfe2c-4ed3-a33f-03fd-aa60a98669dd,TRX-841EB055,2026-06-22T20:27:20Z,1033333.33,virtual_account
ca1cc3bc-a828-b652-4f17-9b0709bf8578,4d2dfe2c-4ed3-a33f-03fd-aa60a98669dd,TRX-BA417855,2026-07-23T18:47:29Z,1033333.33,agent
642adefd-48e2-78fc-9ebd-3e9566c9b641,d10cffbb-efa3-b08d-463f-7089780626bb,TRX-6C6591BD,2026-06-30T21:40:02Z,1030000.0,bank_transfer
2e4c03b2-7b09-a3e9-8ef9-236d8d7a9b49,c366d0a1-fd46-7161-1a66-6bfbe4fb669e,TRX-3EB8D576,2025-09-04T03:28:13Z,1537500.0,agent
bf617436-d3fd-3e4b-9bd2-2af20cce397d,55c1ee73-3ea0-626d-d5c2-1a24c075834f,TRX-DE8CC424,2025-04-25T05:29:29Z,1147500.0,bank_transfer
4be56fc2-ea00-a6dc-89bb-10b859cbd353,2e0ba5d4-5987-e082-af14-700bfac4b336,TRX-281E3E13,2025-04-20T19:06:02Z,373333.33,bank_transfer
c2267b01-cdfd-ae46-15d9-f5f4aa617d7e,2e0ba5d4-5987-e082-af14-700bfac4b336,TRX-EEE3DE7B,2025-04-24T12:49:15Z,560000.0,agent
a4856990-0ba1-e448-b897-5b3b26837eab,2e0ba5d4-5987-e082-af14-700bfac4b336,TRX-2DA3D3F7,2025-05-19T06:13:27Z,933333.33,bank_transfer
b1829515-4be6-5158-3cbf-69960a2d78a2,2e0ba5d4-5987-e082-af14-700bfac4b336,TRX-5AC77FDA,2025-06-19T12:41:36Z,933333.33,virtual_account
c93c7f68-4ab9-fead-99a5-67237f8954ae,2e0ba5d4-5987-e082-af14-700bfac4b336,TRX-EBDD974D,2025-07-19T20:29:45Z,373333.33,bank_transfer
9150489c-04ec-c5d6-70b1-74edb892ff5c,2e0ba5d4-5987-e082-af14-700bfac4b336,TRX-3E0CC9C6,2025-07-21T21:56:04Z,560000.0,bank_transfer
a72f9a33-6e6e-0939-346e-e42e480df88a,2e0ba5d4-5987-e082-af14-700bfac4b336,TRX-F98A7EEE,2025-08-19T12:22:54Z,933333.33,agent
f521429d-815c-6a6a-29f7-31e307377958,2e0ba5d4-5987-e082-af14-700bfac4b336,TRX-3E6B7A98,2025-09-19T13:12:07Z,933333.35,bank_transfer
9112c00d-201b-e247-3f24-298454f6b47c,82942011-0835-8d54-d40e-f8e0af3b29af,TRX-B6D1A97D,2025-02-05T07:49:52Z,5150000.0,bank_transfer
41c7013b-9295-feeb-4d24-489d14623429,44e1514c-eadf-0ce8-fdca-781157a2bdc8,TRX-BD3375CC,2025-08-08T15:59:01Z,4666666.67,bank_transfer
36a17b56-330a-593e-83f9-8a14e79486ff,44e1514c-eadf-0ce8-fdca-781157a2bdc8,TRX-DF60F6A2,2025-08-10T10:49:22Z,4666666.67,bank_transfer
5b62eb48-e957-7262-8405-4d431233a0f5,44e1514c-eadf-0ce8-fdca-781157a2bdc8,TRX-A6CB8D3F,2025-09-07T22:32:02Z,4666666.67,bank_transfer
c41caa4d-1aa4-d81f-89ee-3ef0ec91e669,44e1514c-eadf-0ce8-fdca-781157a2bdc8,TRX-430F1805,2025-10-07T17:34:02Z,4666666.67,virtual_account
a3349cc2-1086-c7f1-0d1a-095cac93db90,44e1514c-eadf-0ce8-fdca-781157a2bdc8,TRX-845FF6B8,2025-11-07T12:04:50Z,1866666.67,bank_transfer
0628c102-f88f-e18d-58d0-7050f78f122f,44e1514c-eadf-0ce8-fdca-781157a2bdc8,TRX-BD876CB9,2025-11-11T01:44:05Z,2800000.0,agent
197506d3-90d6-6814-6cbd-5674313387da,44e1514c-eadf-0ce8-fdca-781157a2bdc8,TRX-8B118EDF,2025-12-07T16:59:44Z,4666666.65,bank_transfer
40da5778-639c-ee40-57e4-5f387cec52bd,8895f7bc-e303-ecc0-d291-8820458d7c5f,TRX-9EDE0B38,2026-04-07T18:43:42Z,1015000.0,virtual_account
c2b4d67f-fe4f-118c-c0e9-eb624fdcfe5b,ac5ae60b-8cd3-e1d8-a0b9-191d38dd8792,TRX-CEE5B885,2026-05-02T05:45:11Z,206666.67,virtual_account
501b336e-3ce3-5620-77d3-d2db8b7eadf9,ac5ae60b-8cd3-e1d8-a0b9-191d38dd8792,TRX-3283731D,2026-06-03T18:51:25Z,206666.67,virtual_account
077a1681-0822-254b-768c-e17c665bc7e0,ac5ae60b-8cd3-e1d8-a0b9-191d38dd8792,TRX-938FD0D9,2026-07-02T18:00:32Z,206666.67,bank_transfer
daa85c64-646b-d548-fc19-495f6827d9e5,ac5ae60b-8cd3-e1d8-a0b9-191d38dd8792,TRX-192765DC,2026-08-02T15:59:16Z,206666.67,virtual_account
63d9f909-d821-c26b-ad22-f9a10a0d28e1,7e13a0f7-a22a-7996-f602-e92458cfb341,TRX-BF74BF6E,2025-12-30T23:36:07Z,1537500.0,bank_transfer
efd36b5a-4d33-517a-5917-71ce6beb2f6a,df35e84d-3323-19d3-c1cd-64a5e97d3a7b,TRX-BAC8563D,2025-07-24T23:02:28Z,2016666.67,bank_transfer
b061adcf-07b2-bb71-922d-39823af152c0,df35e84d-3323-19d3-c1cd-64a5e97d3a7b,TRX-4B9FBD98,2025-08-26T10:51:57Z,2016666.67,bank_transfer
43df392b-1237-aa29-4672-a6642ddfe39f,df35e84d-3323-19d3-c1cd-64a5e97d3a7b,TRX-B78D6BCE,2025-09-19T00:39:41Z,2016666.67,virtual_account
6cc65c9e-2931-ba4c-49e5-fb5576448e08,df35e84d-3323-19d3-c1cd-64a5e97d3a7b,TRX-AB334041,2025-10-19T23:59:01Z,2016666.67,virtual_account
f767c2d3-e1be-dcb8-fe82-bb8f07dd98fb,df35e84d-3323-19d3-c1cd-64a5e97d3a7b,TRX-0E50A2B8,2025-11-19T20:15:42Z,806666.67,bank_transfer
b4b7cdc3-4038-b802-f4e5-bf3363cd8f94,df35e84d-3323-19d3-c1cd-64a5e97d3a7b,TRX-078F3FF9,2025-11-26T20:32:03Z,1210000.0,bank_transfer
a25d0ac6-8895-ed8c-811f-85d3d9c99af5,df35e84d-3323-19d3-c1cd-64a5e97d3a7b,TRX-942E6140,2025-12-19T11:46:47Z,2016666.65,agent
00517e90-56f6-a149-804e-262e8726f20a,9e2f77ef-2b77-5b80-6163-068a6a8a99db,TRX-5333C456,2025-12-29T17:45:11Z,466666.67,agent
23f1be9c-ef95-a544-f09d-d0674b273852,9e2f77ef-2b77-5b80-6163-068a6a8a99db,TRX-2BDEF20B,2026-02-07T00:13:17Z,466666.67,agent
d37ede18-6f36-06cd-b25e-2593da704842,9e2f77ef-2b77-5b80-6163-068a6a8a99db,TRX-1201733E,2026-02-28T17:57:00Z,466666.67,virtual_account
227624e6-b5cc-106d-cd31-d8f327e66a7b,9e2f77ef-2b77-5b80-6163-068a6a8a99db,TRX-DE44CC38,2026-03-29T14:30:15Z,466666.67,virtual_account
4405b8a3-fce7-0e66-b502-4b4252d0cccf,9e2f77ef-2b77-5b80-6163-068a6a8a99db,TRX-4D20FE90,2026-05-01T01:21:39Z,466666.67,bank_transfer
8dafacf5-ba73-ed6f-b12e-1605971e04d9,9e2f77ef-2b77-5b80-6163-068a6a8a99db,TRX-C0A5BFC1,2026-05-29T03:11:34Z,186666.66,bank_transfer
1085e92d-cbe5-5525-6e0c-933c43ae4d65,9e2f77ef-2b77-5b80-6163-068a6a8a99db,TRX-EB3EDB7D,2026-06-02T19:02:46Z,279999.99,bank_transfer
4d60496d-0e8e-a33f-bcb9-f3232db526c0,d829794a-4e4d-861f-7f40-f93f6c72f85c,TRX-7486A680,2026-04-21T07:23:58Z,1537500.0,agent
d808167a-ab72-14cf-912e-692478f04854,65e955b2-2dcd-2517-c208-fbfd385a0078,TRX-04C94284,2025-08-18T23:44:28Z,363333.33,bank_transfer
263a0a1c-28ae-97c3-44fe-d1e770f7efa0,65e955b2-2dcd-2517-c208-fbfd385a0078,TRX-BE282190,2025-10-12T15:02:47Z,363333.33,bank_transfer
4e9eefa5-efc7-3878-c878-1cc1cd7d9d73,65e955b2-2dcd-2517-c208-fbfd385a0078,TRX-7CAD7E16,2025-10-18T00:27:25Z,363333.34,bank_transfer
2600c897-de26-5dd0-7cc1-e72d3945ca23,64c28dfe-61c0-0f20-ff3f-263c7890a7f3,TRX-A91B4D45,2026-01-21T22:44:51Z,2030000.0,bank_transfer
34afbf4e-50de-a83c-5af5-3f533ad52fd9,85705ec0-7e04-03f0-648c-f14a74184086,TRX-339ED58A,2025-12-21T02:46:37Z,1035000.0,agent
d8148298-d5ae-f6fe-c6bd-c7d431cfceae,883a9845-18cb-acdf-0636-56a853debde7,TRX-E6B50213,2025-12-06T22:28:28Z,1090000.0,bank_transfer
a79d7fe8-6e55-5646-da2c-aedd26c47ff9,45366c9c-dc15-f3ee-3ad1-e5b26f03c94e,TRX-E9E28C8B,2025-12-06T15:50:58Z,2016666.67,agent
f3f456f2-b22f-b070-903b-37740c076d06,45366c9c-dc15-f3ee-3ad1-e5b26f03c94e,TRX-6CEB5EF1,2026-02-17T19:38:44Z,2016666.67,agent
d307353f-a32e-a04a-3ce4-5493dac3d19f,45366c9c-dc15-f3ee-3ad1-e5b26f03c94e,TRX-E0C14258,2026-02-12T04:05:10Z,2016666.67,virtual_account
d5a7f762-ee17-5e22-7e51-11180731ac67,45366c9c-dc15-f3ee-3ad1-e5b26f03c94e,TRX-12DAD68F,2026-03-06T09:10:48Z,2016666.67,bank_transfer
29c09d2b-9494-f3aa-4437-b1a73e2fcb5a,45366c9c-dc15-f3ee-3ad1-e5b26f03c94e,TRX-512A3078,2026-04-06T11:54:00Z,2016666.67,bank_transfer
231d1524-23d2-1cbe-a0d3-15c34d59e869,45366c9c-dc15-f3ee-3ad1-e5b26f03c94e,TRX-D6B791C8,2026-05-15T17:55:16Z,2016666.65,bank_transfer
4443200e-453b-f7bb-bf81-82b240e60209,05cd0c31-3e2a-0ae9-cd24-89b681f95752,TRX-3E44FBFD,2026-03-27T04:37:53Z,1377000.0,bank_transfer
f4e63121-6d26-5bad-aebc-4dc31989623f,a4ad756e-76c1-62ad-5d2e-eba7291f55db,TRX-958F5308,2026-08-03T06:48:03Z,1624000.0,virtual_account
6282058a-c5f3-6294-1e5e-bbd1d72c1db7,f8358a57-29c4-d360-c621-ece21fe3a649,TRX-7396C223,2025-02-26T07:53:23Z,1020000.0,virtual_account
749c7ce9-8964-4df9-5fbf-5997869a45c1,14746cfd-149b-2e0a-dd70-b412e4400fd9,TRX-D95E8D1D,2025-03-18T19:20:04Z,1530000.0,bank_transfer
1f930edb-ecf6-fdaa-6341-9d6dfc50cd39,8d133424-6cd3-3f24-17bb-9663f19b76ec,TRX-47FC05F3,2026-01-05T12:02:36Z,1841666.67,bank_transfer
4abbddb0-d380-e4f3-9230-fb476190e601,8d133424-6cd3-3f24-17bb-9663f19b76ec,TRX-42FB5F86,2026-02-05T02:22:51Z,1841666.67,bank_transfer
6cc07f06-5672-6025-5a8e-ce3315471b5e,8d133424-6cd3-3f24-17bb-9663f19b76ec,TRX-E99EE608,2026-03-05T11:44:23Z,1841666.66,bank_transfer
ccf4019e-4f9a-fddc-fc89-e15b68e4c3eb,e831954d-9f5f-440e-dbe1-ae9f3ac1ff80,TRX-021EE331,2025-07-29T23:49:47Z,512500.0,virtual_account
89563698-7970-bc3e-7cae-e41e9c8ef181,eec727dc-924d-e5ab-13d3-b962a655ea37,TRX-2BE81F34,2026-08-02T23:11:13Z,1530000.0,bank_transfer
64033e79-916f-e40b-825d-4836c0232c55,4fa601d7-d9b6-c16b-0299-21c406344d49,TRX-52157859,2025-07-05T03:16:37Z,615000.0,virtual_account
b43c5d83-0f6e-9284-1074-a63b91dee283,4fa601d7-d9b6-c16b-0299-21c406344d49,TRX-DCA54A85,2025-07-08T18:40:45Z,922500.0,bank_transfer
edd6c630-001b-e085-5b56-f36251f0d213,29a138e7-96d2-a0fd-3f3d-c5ea0ff936e4,TRX-FED96A35,2026-04-18T18:17:25Z,196666.67,bank_transfer
8705f582-8687-6dfa-bbf8-ffd9d4cc8e73,29a138e7-96d2-a0fd-3f3d-c5ea0ff936e4,TRX-47FB43B8,2026-05-19T12:10:07Z,196666.67,virtual_account
57b7845b-fc14-3872-9c3e-42016713b821,29a138e7-96d2-a0fd-3f3d-c5ea0ff936e4,TRX-7B511691,2026-06-18T14:58:08Z,196666.67,agent
57475c26-13dc-c720-0501-7c39006d2894,29a138e7-96d2-a0fd-3f3d-c5ea0ff936e4,TRX-E552E592,2026-07-17T11:42:27Z,196666.67,agent
ad871e9f-4b92-c681-47e0-189b8b2bf0bc,29a138e7-96d2-a0fd-3f3d-c5ea0ff936e4,TRX-7484F880,2026-08-19T18:13:15Z,196666.67,virtual_account
721abe93-a690-afa2-84be-761bd619a97d,41cb5465-8867-f50f-74f0-07d4b386b548,TRX-192157CD,2025-07-30T14:42:33Z,512500.0,agent
99fd186a-aa43-1f91-6368-9c71b0915577,8874ec74-3b5a-bb6e-caac-474a6bd11ec3,TRX-AA0FC774,2026-07-01T08:56:02Z,1153125.0,agent
1edff631-af33-522e-2aa8-13f0fb2da83f,e0a1d443-3dd3-4bff-a245-b7bcd24e9e50,TRX-9D9DC69C,2026-05-17T07:27:12Z,336000.0,virtual_account
8e8b4944-e35e-5f15-54b6-515ff730bb88,e0a1d443-3dd3-4bff-a245-b7bcd24e9e50,TRX-C4A6EABB,2026-06-16T11:34:16Z,336000.0,virtual_account
b2a38adc-7109-29d3-668f-6cc72b25995a,e0a1d443-3dd3-4bff-a245-b7bcd24e9e50,TRX-F5BBBDB9,2026-07-16T02:53:19Z,336000.0,bank_transfer
5a40f151-2104-c754-0263-ec4c40c70049,e0a1d443-3dd3-4bff-a245-b7bcd24e9e50,TRX-08623E1A,2026-08-15T06:26:32Z,336000.0,bank_transfer
fec0ea93-34c5-353c-5fd9-8ed00e9eecd1,ccb546f9-ef11-958e-c9ae-b34fa43a4fcc,TRX-99F71B74,2025-02-26T21:28:27Z,2060000.0,agent
d433cfca-9d61-33f6-56fa-971645127813,0521fe27-31fc-61f5-91fc-dc2652fdf879,TRX-B14B6EFB,2026-02-01T21:50:59Z,591666.67,virtual_account
8a16bc84-e2cd-358b-d3f3-ae5b5b9aa536,0521fe27-31fc-61f5-91fc-dc2652fdf879,TRX-574117C7,2026-03-12T17:28:55Z,591666.67,virtual_account
754ba645-467e-ac2d-b1ef-aabdc83a2a06,0521fe27-31fc-61f5-91fc-dc2652fdf879,TRX-C95EEF75,2026-04-14T16:36:45Z,591666.67,bank_transfer
ae729c18-6060-3ae0-1fe7-eefca9532db8,0521fe27-31fc-61f5-91fc-dc2652fdf879,TRX-CA4AEF8A,2026-04-27T17:36:35Z,591666.67,bank_transfer
c5e946be-c253-025c-f868-637dcab0c22b,0521fe27-31fc-61f5-91fc-dc2652fdf879,TRX-8B726D2E,2026-06-08T22:51:48Z,591666.67,virtual_account
dc29c80a-87d9-9edd-9e67-dc44a8096920,0521fe27-31fc-61f5-91fc-dc2652fdf879,TRX-F0B12E52,2026-06-30T00:26:46Z,591666.67,bank_transfer
073fa783-20cc-0b4e-2e49-b03ec6fc7b4f,0521fe27-31fc-61f5-91fc-dc2652fdf879,TRX-560F844A,2026-08-11T21:58:56Z,177500.0,bank_transfer
d5eda89b-0532-1e68-9675-57f4fef87c7a,0221a0a2-de5c-f254-8189-a277699a1007,TRX-0E2013AE,2026-07-18T07:25:05Z,768750.0,virtual_account
fe2d97b6-e04b-d98f-ba3d-e717c8555481,35e479d5-abfa-ab2a-33f1-ddcdf019282e,TRX-8276B2D3,2026-02-01T03:40:20Z,2120000.0,bank_transfer
16482ca4-b3f5-6b11-8e8c-f1758e348a0e,35e479d5-abfa-ab2a-33f1-ddcdf019282e,TRX-D2506D6F,2026-02-05T20:48:31Z,3180000.0,bank_transfer
83815f30-3ee7-4613-4288-0e3011526829,b1552cb0-0d51-c509-e6b0-821d71a76cec,TRX-52589E43,2025-10-11T04:47:30Z,8708333.33,virtual_account
6d43da22-d4ac-5010-aedb-f28f032b238e,b1552cb0-0d51-c509-e6b0-821d71a76cec,TRX-FBBC26B5,2025-11-11T08:40:44Z,3483333.33,bank_transfer
9904bb2c-f50a-ea50-81bb-a60d25ecc351,b1552cb0-0d51-c509-e6b0-821d71a76cec,TRX-1E83D05F,2025-11-17T13:30:25Z,5225000.0,agent
0a822a22-a306-fc65-2532-fedd0cdc2a3a,b1552cb0-0d51-c509-e6b0-821d71a76cec,TRX-2A711010,2025-12-11T08:34:50Z,8708333.34,agent
dab0c503-22b9-c39b-2179-e541082e674d,4e32286d-3618-bfbf-b1f3-f758b6f2f8dc,TRX-BDF948D9,2025-05-29T20:41:49Z,191666.67,bank_transfer
9024cfa3-1e64-6c75-62c9-ec6dedc45448,4e32286d-3618-bfbf-b1f3-f758b6f2f8dc,TRX-D1F4B3BE,2025-07-28T05:25:06Z,191666.67,bank_transfer
272569db-ad58-997f-5bfe-6360bbfe79b6,4e32286d-3618-bfbf-b1f3-f758b6f2f8dc,TRX-F0D20EE6,2025-07-26T07:37:27Z,191666.67,virtual_account
31f87f40-e54b-7518-2413-711551ee45d2,4e32286d-3618-bfbf-b1f3-f758b6f2f8dc,TRX-EB80581B,2025-08-26T17:20:38Z,191666.67,virtual_account
2caf09b8-279c-f708-b47b-b5cf697223c0,4e32286d-3618-bfbf-b1f3-f758b6f2f8dc,TRX-1B1E5BBB,2025-10-05T00:11:56Z,191666.67,bank_transfer
1e3ce0e1-afc0-e822-83c9-2d7a2e1f2628,4e32286d-3618-bfbf-b1f3-f758b6f2f8dc,TRX-A10B57FF,2025-10-26T04:44:21Z,191666.65,agent
276c8497-6804-2198-7a30-9c324f6e76b1,6565a2c6-ab36-22ee-3409-7158f65c06fd,TRX-9A2A45D0,2026-08-08T19:40:15Z,522500.0,bank_transfer
7f127ffd-46c6-2e0f-d4a6-c5d2054249d9,c6b0e699-0ea1-c1de-aecd-8e2a995799a0,TRX-267B8303,2026-01-09T05:31:34Z,994500.0,bank_transfer
11b1831c-d7eb-ca74-7210-2aa1ec6b78bd,c6b0e699-0ea1-c1de-aecd-8e2a995799a0,TRX-AE4E9A75,2026-01-14T04:47:29Z,1491750.0,bank_transfer
605fc4ff-2cb3-e433-4fd3-c70ce63a5075,aa89d5e3-b0fe-d2cf-5734-ab556939c744,TRX-1D572D96,2025-10-25T16:13:09Z,1741666.67,bank_transfer
144b23cf-8715-1360-2111-b36daf9c943c,aa89d5e3-b0fe-d2cf-5734-ab556939c744,TRX-522E3D05,2025-11-25T08:21:58Z,1741666.67,virtual_account
bf3868ea-8534-9b64-2a85-20007d22d9b4,aa89d5e3-b0fe-d2cf-5734-ab556939c744,TRX-BBDC1604,2025-12-29T02:42:49Z,1741666.66,bank_transfer
a4ad5df9-cc73-6328-202f-b947dc42a870,cc0b95fb-5a8e-9a13-7e08-2e4226336c9f,TRX-007079BA,2025-06-13T16:58:11Z,1530000.0,agent
0346afad-078b-a48b-25fa-ac239bd297dd,67018f88-9cc2-cc6b-863d-46465dc950f1,TRX-55F3DD12,2026-04-07T11:44:53Z,1020000.0,virtual_account
78ab4b7d-207f-9c0d-3648-199844c0a852,5c4b651b-0746-3711-0d3f-8a0fa88517e0,TRX-F65D2E0A,2025-10-30T11:59:49Z,3633333.33,agent
af6294b3-87d3-a7a9-424b-91dcb64aef26,3bb7b904-b971-b077-2581-f7b5046970ee,TRX-9025A2B8,2026-04-11T00:26:16Z,1816666.67,bank_transfer
5a699326-4fc7-6bff-9705-58eaaafe4836,3bb7b904-b971-b077-2581-f7b5046970ee,TRX-CDDF3C25,2026-05-09T00:22:24Z,1816666.67,bank_transfer
1ece6239-322a-26ce-a933-9d3855b74871,3bb7b904-b971-b077-2581-f7b5046970ee,TRX-4F3A90A2,2026-06-11T08:03:59Z,1816666.67,bank_transfer
f682ca79-14af-43f5-d106-853e0bd71cef,3bb7b904-b971-b077-2581-f7b5046970ee,TRX-9E67308F,2026-07-11T00:27:56Z,1816666.67,bank_transfer
cea31d0e-0824-972e-1e2c-a24c3eb82cce,3bb7b904-b971-b077-2581-f7b5046970ee,TRX-0C5DB4B8,2026-08-11T02:59:34Z,1816666.67,virtual_account
a0c81283-a7cf-a919-fbd0-fa61f86ef7e8,62567e84-ac6b-fef8-3360-b95a46dc857e,TRX-923FBF45,2025-09-12T10:07:45Z,5416666.67,bank_transfer
d18c91ad-82f6-3a36-3898-048a1cc56268,62567e84-ac6b-fef8-3360-b95a46dc857e,TRX-2AF4D42B,2025-10-11T17:35:11Z,5416666.67,agent
96d19ebd-0829-521f-fea1-9b2ffb4153e9,62567e84-ac6b-fef8-3360-b95a46dc857e,TRX-A9008BBA,2025-11-12T22:08:25Z,5416666.67,bank_transfer
58f458dc-af5b-60f6-9007-cba2b516b352,62567e84-ac6b-fef8-3360-b95a46dc857e,TRX-EDA63EB2,2025-12-13T18:35:56Z,5416666.67,bank_transfer
552f90ca-288b-4725-c439-46bb7c3dec5a,62567e84-ac6b-fef8-3360-b95a46dc857e,TRX-0EC2642E,2026-01-11T20:35:49Z,5416666.67,bank_transfer
b4d566bc-eb0e-925c-954f-5a7ae06d9a31,62567e84-ac6b-fef8-3360-b95a46dc857e,TRX-059EB5EF,2026-02-12T12:03:14Z,5416666.67,agent
60479939-6e72-89f3-0fd2-8ec4fd1fa542,62567e84-ac6b-fef8-3360-b95a46dc857e,TRX-6C36071B,2026-03-13T03:49:02Z,5416666.67,bank_transfer
ba7c16ec-7281-0e07-1baf-1fa9ff217323,62567e84-ac6b-fef8-3360-b95a46dc857e,TRX-BB40AF0D,2026-04-12T05:17:58Z,5416666.67,agent
185ebc57-49e1-d525-aa9b-2cea49be00a2,62567e84-ac6b-fef8-3360-b95a46dc857e,TRX-A6C487AB,2026-05-12T00:29:44Z,5416666.67,agent
dbe0e6b8-6d44-e29a-3428-16f6cdc7bc76,62567e84-ac6b-fef8-3360-b95a46dc857e,TRX-2967C35F,2026-06-11T03:54:46Z,5416666.67,virtual_account
6386eedc-d4c0-0686-bfec-746fed5ba9f4,62567e84-ac6b-fef8-3360-b95a46dc857e,TRX-FB6A956C,2026-07-11T08:58:41Z,5416666.67,agent
da2543e4-fc9f-2812-b412-4ba1bd3d2747,62567e84-ac6b-fef8-3360-b95a46dc857e,TRX-4934C2D4,2026-08-12T08:08:00Z,5416666.63,virtual_account
3077bdd6-2e5a-946a-a5e0-b7f47c79744b,0d3283df-327b-c693-dfc0-7630a4a7c926,TRX-224DC46A,2025-09-30T13:17:49Z,2708333.33,bank_transfer
d39d4de3-0aaa-bfc1-c58f-8a8ae865cad1,0d3283df-327b-c693-dfc0-7630a4a7c926,TRX-23BA1C98,2025-10-30T14:22:40Z,2708333.33,agent
64a150c1-25b5-7d56-9323-e2611a9cff5f,0d3283df-327b-c693-dfc0-7630a4a7c926,TRX-2F5ECE4A,2025-11-29T10:32:45Z,2708333.33,bank_transfer
4fdea78c-2ae5-f796-172a-ff8ad523c9d0,0d3283df-327b-c693-dfc0-7630a4a7c926,TRX-0DAEBCFB,2025-12-28T03:35:56Z,2708333.33,bank_transfer
c40650cf-c7cb-b133-3396-0d3d9e5fecbf,0d3283df-327b-c693-dfc0-7630a4a7c926,TRX-8596DE32,2026-01-29T22:40:43Z,2708333.33,bank_transfer
acf02290-9934-997e-c8be-b72fcc34e2c4,0d3283df-327b-c693-dfc0-7630a4a7c926,TRX-80E30C53,2026-02-26T21:32:01Z,2708333.33,virtual_account
bd1d7438-d487-9ec0-6a02-bf0e143e9a2d,0d3283df-327b-c693-dfc0-7630a4a7c926,TRX-FFB3F1F0,2026-03-28T13:40:40Z,2708333.33,bank_transfer
4a270d72-9500-1bfd-2e3b-4c4b7742b4ee,0d3283df-327b-c693-dfc0-7630a4a7c926,TRX-8947A338,2026-04-29T15:10:03Z,2708333.33,agent
33cba663-3bbc-c810-fb4a-f5e9fb27ae97,0d3283df-327b-c693-dfc0-7630a4a7c926,TRX-5486410F,2026-05-29T16:36:03Z,2708333.33,virtual_account
d4a1a294-50ff-7f98-c884-1282fcecf2c5,0d3283df-327b-c693-dfc0-7630a4a7c926,TRX-B0DC8B7D,2026-06-30T23:28:55Z,2708333.33,virtual_account
6fe2f867-0132-0641-1e18-2ea3dafc3b9f,0d3283df-327b-c693-dfc0-7630a4a7c926,TRX-4C54AB64,2026-07-28T21:12:08Z,2708333.33,virtual_account
1c3686c4-1acd-8922-bacd-35641159f518,d7073576-f71c-d4d4-9fda-6a19623dc802,TRX-C8D1E41B,2025-12-08T09:20:59Z,1537500.0,virtual_account
73d42603-84f2-6225-30a0-834ebbae21a4,68580f03-83ee-26e1-12a4-ffa138ed1470,TRX-1237785B,2026-05-16T13:04:43Z,883333.33,agent
ffdaf578-cf11-395d-92c3-bd35158ae1b0,68580f03-83ee-26e1-12a4-ffa138ed1470,TRX-B0C49FA3,2026-06-06T22:09:58Z,883333.33,virtual_account
57c424af-9aab-3037-76d7-1765f608919b,68580f03-83ee-26e1-12a4-ffa138ed1470,TRX-3D6CFBF6,2026-07-06T14:38:55Z,883333.34,bank_transfer
ef171b8c-74f6-b6e6-b1b0-b8564baa0b91,ca265cce-50e3-4791-c06c-395388df9234,TRX-FAEC3700,2025-08-31T19:20:50Z,2760000.0,bank_transfer
ac0d9ed8-afdd-22a9-3f07-6405c02bec30,ca265cce-50e3-4791-c06c-395388df9234,TRX-5D65DF6E,2025-09-07T19:45:24Z,4140000.0,agent
7fab77ca-cc16-e64f-c060-c867b1693dab,75d57a38-c225-6276-ef54-00cc0dee7f9e,TRX-BA3207EA,2026-08-02T03:53:51Z,196666.67,agent
bb45e370-da19-ca47-1cc2-18a63d8417f0,fd451dbc-dc4c-2162-b7ec-df22c3f0b38e,TRX-1E263F38,2026-04-29T04:36:30Z,680000.0,agent
467bab6d-b4d0-13b1-c931-29ccafeab74b,fd451dbc-dc4c-2162-b7ec-df22c3f0b38e,TRX-99B3683B,2026-05-28T08:39:39Z,680000.0,bank_transfer
44ef747a-84fa-f8f0-a0f3-c613de37192f,fd451dbc-dc4c-2162-b7ec-df22c3f0b38e,TRX-D188C2EA,2026-06-30T08:19:03Z,680000.0,bank_transfer
0fbe0de7-a6b9-737e-2eb2-89a07df4b940,fd451dbc-dc4c-2162-b7ec-df22c3f0b38e,TRX-3B4501B5,2026-07-30T06:19:41Z,680000.0,bank_transfer
00ac49d5-5be0-d190-f767-b695b92ecf5c,cedf38fe-f3fe-162c-6ee6-d613fe4d2da2,TRX-BFACD5AE,2026-03-11T22:53:30Z,1035000.0,virtual_account
f942e8bd-5dee-8e9e-3dd9-44fc1a82a6de,febadc40-5e63-9bdd-622d-31ba8849b956,TRX-6E29CFF1,2025-11-01T23:09:18Z,1827000.0,agent
034df155-a792-88e6-6a11-0cc491371b69,d7d7bc9f-aaf2-1c71-fa1d-bf65631f9eef,TRX-32359DA7,2025-08-26T23:01:55Z,354000.0,bank_transfer
21492c25-e190-0286-a5b4-cbde0677c54d,d7d7bc9f-aaf2-1c71-fa1d-bf65631f9eef,TRX-57AA639C,2025-09-29T20:29:31Z,354000.0,bank_transfer
508b665d-490c-1e00-d7cf-7502115f148e,d7d7bc9f-aaf2-1c71-fa1d-bf65631f9eef,TRX-A39B1FD7,2025-11-03T13:32:17Z,354000.0,agent
ecd476cf-01ab-ed03-7bff-22e0f190218a,d7d7bc9f-aaf2-1c71-fa1d-bf65631f9eef,TRX-36096BA0,2025-12-06T02:36:39Z,354000.0,bank_transfer
0529d30c-fd70-f1b6-3db2-ace424fdcaa4,d7d7bc9f-aaf2-1c71-fa1d-bf65631f9eef,TRX-7D5DD95A,2025-12-26T11:23:15Z,354000.0,virtual_account
a22cb843-90a9-e1c1-ce50-c1972a5d892e,d7d7bc9f-aaf2-1c71-fa1d-bf65631f9eef,TRX-FA4B8C33,2026-01-26T14:49:41Z,354000.0,bank_transfer
42877b15-b39e-6f35-7383-ea5b9e290bbe,227a6610-4ce9-ce79-1894-4b2f2ea23652,TRX-01FF9D6D,2026-03-22T16:27:03Z,1015000.0,bank_transfer
a8011bc7-cf98-2966-1ac1-c2f9fc12ee25,d03f129a-b2d5-81b1-5f69-9499a7a1ad78,TRX-7A00ED8D,2025-07-08T18:53:46Z,1020000.0,virtual_account
3d87602a-1043-aa31-48fc-4dd070440eed,737af11f-2296-6999-b2cc-813b0e61d7e2,TRX-46D7AD4D,2025-12-14T00:46:32Z,1966666.67,bank_transfer
822d04d8-dbdb-2166-fffb-6072b6c65cb8,737af11f-2296-6999-b2cc-813b0e61d7e2,TRX-1C8A00B5,2026-01-21T06:11:38Z,1966666.67,virtual_account
70f75f98-5af0-be6e-36f5-bb48555b5028,737af11f-2296-6999-b2cc-813b0e61d7e2,TRX-68FCAE42,2026-02-14T09:22:26Z,786666.67,agent
6cf3d916-a140-7a81-4e83-1ef9888a584f,737af11f-2296-6999-b2cc-813b0e61d7e2,TRX-CD9DAA30,2026-02-16T05:29:44Z,1180000.0,virtual_account
29f0c75c-7a86-8a2c-38b8-b16a725507fc,737af11f-2296-6999-b2cc-813b0e61d7e2,TRX-BEBAF639,2026-04-17T06:06:54Z,1966666.67,bank_transfer
a9338f47-67d8-d0f7-9a4b-1834506afe89,737af11f-2296-6999-b2cc-813b0e61d7e2,TRX-442A8DAB,2026-04-14T09:18:40Z,1966666.67,bank_transfer
bfddf81a-e717-8f6f-ef48-5284a388b504,737af11f-2296-6999-b2cc-813b0e61d7e2,TRX-05E3CB79,2026-05-14T00:27:59Z,1966666.65,virtual_account
83c0c75a-f328-e16b-4a4c-618473983ec2,92246ba6-fad6-635f-2994-3a4d41318f79,TRX-5F974F52,2026-04-12T05:45:51Z,2070000.0,bank_transfer
fba5be54-a328-5376-2fa0-934f76dfd3a1,aa2ef373-770f-746c-f49a-11daf964563a,TRX-47BF4365,2025-08-01T13:46:42Z,186666.67,virtual_account
40d59658-01bc-2b2f-4172-fafb438ed923,aa2ef373-770f-746c-f49a-11daf964563a,TRX-138BA56D,2025-09-01T15:29:40Z,186666.67,virtual_account
2be2d42f-dbe6-e877-a6ad-5485209d27ab,aa2ef373-770f-746c-f49a-11daf964563a,TRX-6ECC95E9,2025-10-01T10:17:17Z,186666.67,virtual_account
8208e427-22ac-e886-cdd8-1ea7d9cd6272,aa2ef373-770f-746c-f49a-11daf964563a,TRX-F607146F,2025-11-01T10:58:22Z,186666.67,bank_transfer
cc3b9bf8-293d-d102-8752-8ddfe1d4d4b3,aa2ef373-770f-746c-f49a-11daf964563a,TRX-8D89FAB3,2025-12-10T05:10:33Z,186666.67,agent
d03266fc-5c3b-9c7f-f06f-61e29b44196e,aa2ef373-770f-746c-f49a-11daf964563a,TRX-4CA17294,2026-02-04T22:47:07Z,186666.65,bank_transfer
afa16803-03de-d9ec-c6b6-6f67a05ef9a0,a1027a03-3fed-f4ea-e0aa-04c025a6be09,TRX-2B1E9544,2026-02-22T12:27:05Z,1530000.0,bank_transfer
3295b14e-3359-4232-881b-9a8457e15610,fba0a050-be4d-fbbb-c138-e2c6a8ac2400,TRX-9D7CDB5F,2026-07-14T20:46:22Z,1158750.0,bank_transfer
7cc2c43b-9b40-f38f-feba-b087b8a7b4c9,94614095-4453-441f-dda8-718d470420a1,TRX-1B0509AF,2025-03-17T04:36:09Z,17666666.67,virtual_account
97745e20-9790-ad95-4abe-09f6aaecbbca,94614095-4453-441f-dda8-718d470420a1,TRX-32242D52,2025-04-17T07:07:25Z,17666666.67,agent
220ed1d2-f059-489d-7f12-382164b22a2e,94614095-4453-441f-dda8-718d470420a1,TRX-B420B3CB,2025-05-17T03:55:48Z,7066666.66,agent
90c391d3-a2fe-54d4-f6be-ac6204c14b02,94614095-4453-441f-dda8-718d470420a1,TRX-6FB0CCE8,2025-05-20T06:14:59Z,10600000.0,virtual_account
96fc007c-544c-8ba1-78e5-8098a8b2da64,99dfe22c-c8de-c48b-85f6-7cb5319640c5,TRX-9D867721,2026-08-02T09:31:25Z,173333.33,virtual_account
c8626833-f383-a896-dd78-bd74dd51d3c6,bb25f4af-4a72-7126-fd22-4ff578cb38ef,TRX-40CE227D,2025-12-15T01:12:46Z,766666.67,bank_transfer
94fffe41-bf35-f030-4725-60fd78225bd1,bb25f4af-4a72-7126-fd22-4ff578cb38ef,TRX-FE5BDDEE,2025-12-18T22:18:11Z,1150000.0,virtual_account
7fc5fed6-153d-94a0-befd-37ee3557e914,bb25f4af-4a72-7126-fd22-4ff578cb38ef,TRX-37A58B39,2026-01-15T15:20:31Z,1916666.67,bank_transfer
638d4a69-3d91-eb39-40df-fe4f2d1b779d,bb25f4af-4a72-7126-fd22-4ff578cb38ef,TRX-49A8966F,2026-02-15T02:01:06Z,1916666.67,virtual_account
01b6a927-e129-9a77-f98f-9d87190ac78e,bb25f4af-4a72-7126-fd22-4ff578cb38ef,TRX-25CADE12,2026-03-15T16:04:41Z,1916666.67,bank_transfer
3d64a3be-9461-a863-3b38-bae432f95415,bb25f4af-4a72-7126-fd22-4ff578cb38ef,TRX-6D0163BC,2026-04-15T05:39:02Z,1916666.67,bank_transfer
e427038b-f99d-5ecc-467f-22af2ceeaec8,bb25f4af-4a72-7126-fd22-4ff578cb38ef,TRX-AE2DB881,2026-05-15T06:48:20Z,1916666.65,virtual_account
1ca341dc-cd3a-41c2-806f-318919916ccc,64613fb8-e8df-5a1c-8a98-484f47833d68,TRX-75E0337C,2026-03-10T01:57:18Z,609000.0,virtual_account
a1506a45-e048-e8b1-15eb-8010d55a8827,64613fb8-e8df-5a1c-8a98-484f47833d68,TRX-49F66A1F,2026-03-16T20:38:31Z,913500.0,virtual_account
a1126be8-0471-4b47-a80f-384ce14a4a08,10e77b17-8c77-762b-f970-658e419fe46d,TRX-B58E2A28,2025-05-02T07:11:39Z,2040000.0,agent
6dabd2f8-a9a7-b649-a9f8-e9a8112f71c7,684419ba-8c4b-d31c-ac34-4bd732226129,TRX-0CF62397,2026-02-23T12:21:32Z,2090000.0,virtual_account
00b275f4-7820-dba0-f3f4-cf5c2a61854e,684419ba-8c4b-d31c-ac34-4bd732226129,TRX-529526CA,2026-03-23T06:40:33Z,2090000.0,virtual_account
82e93c07-6850-c037-6c39-cbf43e2f83e2,684419ba-8c4b-d31c-ac34-4bd732226129,TRX-42F3317C,2026-04-23T08:22:05Z,2090000.0,bank_transfer
800a2cd1-2ae9-d7f4-773f-663f40aca265,6fec75e2-8239-ab54-b526-22a158250267,TRX-MERGED01,2025-08-20T21:32:55Z,2612500.0,bank_transfer
3a693f3c-244e-b153-412c-bdd9594c9e37,6fec75e2-8239-ab54-b526-22a158250267,TRX-9CF9A64B,2025-09-16T08:06:39Z,1306250.0,bank_transfer
