id,loan_id,installment_no,due_date,due_principal,due_interest,due_amount
07d529d8-9d8a-c98f-bf73-4e335f33067a,d5e48c6d-4037-9900-abdd-49d757043544,1,2026-05-02,750000.0,22500.0,772500.0
18dbd474-b9bb-2570-23f3-7aa368f7eea0,b0bef0ac-16b0-d3be-fbb7-3e7d2a8ce074,1,2025-11-20,8333333.33,500000.0,8833333.33
40014922-3a4b-3265-27ff-eaa938306957,b0bef0ac-16b0-d3be-fbb7-3e7d2a8ce074,2,2025-12-20,8333333.33,500000.0,8833333.33
d4a05d19-bb70-8892-997b-cd4dcd0aeb6b,b0bef0ac-16b0-d3be-fbb7-3e7d2a8ce074,3,2026-01-20,8333333.34,500000.0,8833333.34
4d8b24c7-6405-d5ff-dae0-a9eb2322ff18,50040035-c319-92e2-9f69-71687aabdc19,1,2025-12-30,10000000.0,300000.0,10300000.0
75b76bc6-b13f-39f0-1269-08fa82fad952,210baac4-b43b-2b04-ca9c-0e433c46ecc4,1,2025-02-11,416666.67,75000.0,491666.67
72688b50-aa3e-047b-4de3-c450e1583d4f,210baac4-b43b-2b04-ca9c-0e433c46ecc4,2,2025-03-11,416666.67,75000.0,491666.67
7b185a0d-15aa-d740-d92a-c32c83ae5dc8,210baac4-b43b-2b04-ca9c-0e433c46ecc4,3,2025-04-11,416666.67,75000.0,491666.67
7b52c3be-017c-a9c5-7fbd-f237b12908ef,210baac4-b43b-2b04-ca9c-0e433c46ecc4,4,2025-05-11,416666.67,75000.0,491666.67
c2c3fb91-d047-a61b-6902-d36c55084ceb,210baac4-b43b-2b04-ca9c-0e433c46ecc4,5,2025-06-11,416666.67,75000.0,491666.67
e6b18a4c-c54e-24c0-79f0-aa90bee60ef8,210baac4-b43b-2b04-ca9c-0e433c46ecc4,6,2025-07-11,416666.67,75000.0,491666.67
4e43aabf-9d0d-d3cf-9bc2-de0f0474c72f,210baac4-b43b-2b04-ca9c-0e433c46ecc4,7,2025-08-11,416666.67,75000.0,491666.67
9a0d8bfa-5559-b5f0-fd64-04097e348d66,210baac4-b43b-2b04-ca9c-0e433c46ecc4,8,2025-09-11,416666.67,75000.0,491666.67
b4f481ab-4e6b-1751-da57-5c8b6b5b5e9e,210baac4-b43b-2b04-ca9c-0e433c46ecc4,9,2025-10-11,416666.67,75000.0,491666.67
7d2bc707-3ea4-9a75-78e7-31c6c3df4f84,210baac4-b43b-2b04-ca9c-0e433c46ecc4,10,2025-11-11,416666.67,75000.0,491666.67
0a56a309-8e6d-e950-71b5-1eb0162e2645,210baac4-b43b-2b04-ca9c-0e433c46ecc4,11,2025-12-11,416666.67,75000.0,491666.67
72fd8285-85c9-6dea-a642-312efb3e6afc,210baac4-b43b-2b04-ca9c-0e433c46ecc4,12,2026-01-11,416666.63,75000.0,491666.63
d78cd8b7-aecc-83ae-a772-1df6181a2b7a,2bf9def4-af63-61f5-134e-5ca84514c618,1,2026-03-07,1000000.0,120000.0,1120000.0
7f958e9f-e09a-45ff-4eb2-8f46361699f4,d680d308-3ac4-2060-0665-f0e2a9d1f38e,1,2026-04-28,1500000.0,52500.0,1552500.0
885df745-ef09-f23e-f519-f8b701eb0492,57e380a9-8b3c-e16f-8e0c-e2d6d1be4257,1,2026-06-30,500000.0,10000.0,510000.0
0ec8be4d-3498-d1e0-5cc4-43907f858989,9b4f9c40-08a7-e327-41be-fb196538fd22,1,2025-05-15,1000000.0,20000.0,1020000.0
9cb328f1-2561-6dde-a7f1-b81a04d648f2,7c109b23-f2b3-1a03-5b15-56122c6a9639,1,2025-12-05,1500000.0,52500.0,1552500.0
a87bedf8-9e48-29ed-add5-1c197286d0c0,6b29c244-ca0a-6274-0528-84a01bb0898f,1,2026-05-21,1350000.0,40500.0,1390500.0
9f495891-73d1-88be-69a9-b3bdb0172f15,3bfd7694-ab52-0245-8424-16f6ae921c49,1,2026-01-20,333333.33,50000.0,383333.33
2fe8708e-43d1-5105-8cdf-233aac17d3fc,3bfd7694-ab52-0245-8424-16f6ae921c49,2,2026-02-20,333333.33,50000.0,383333.33
0d43c599-45bd-0af8-8121-a7cb500be9ee,3bfd7694-ab52-0245-8424-16f6ae921c49,3,2026-03-20,333333.33,50000.0,383333.33
b4e98a71-dd58-f10b-4f5d-6db6dd58f6c3,3bfd7694-ab52-0245-8424-16f6ae921c49,4,2026-04-20,333333.33,50000.0,383333.33
3add364d-9460-63c1-911c-57be0336d400,3bfd7694-ab52-0245-8424-16f6ae921c49,5,2026-05-20,333333.33,50000.0,383333.33
503a806e-7b76-a148-edea-338ba631e669,3bfd7694-ab52-0245-8424-16f6ae921c49,6,2026-06-20,333333.35,50000.0,383333.35
1155c62c-20be-b01f-018b-f0fdbe543101,b88258db-748f-5717-1bf4-4097d43f4db8,1,2025-04-18,500000.0,12500.0,512500.0
1d882141-448e-c487-6df9-c00b62a492a9,c1709684-6db3-a135-19ff-6f6fa9aa5706,1,2026-02-09,1000000.0,25000.0,1025000.0
2a4465e8-1c15-d04e-f710-96e5bd51fd22,d1a2fcb9-bbf8-c5b6-16e3-52e803b3d435,1,2025-07-08,2000000.0,70000.0,2070000.0
1d72f4d6-76a8-9c63-b8cf-fc11d6fd38ec,5c8873ed-c7a8-f675-fb1c-7e8b3c27e3e4,1,2025-12-28,1000000.0,60000.0,1060000.0
8c6449e8-8020-6825-a78e-8e874f5d3ce5,5c8873ed-c7a8-f675-fb1c-7e8b3c27e3e4,2,2026-01-28,1000000.0,60000.0,1060000.0
2e5490de-9ba3-fccf-e88c-36d0cad14a57,5c8873ed-c7a8-f675-fb1c-7e8b3c27e3e4,3,2026-02-28,1000000.0,60000.0,1060000.0
68adbacc-ed74-fbc9-4c5e-6538cd17ecb6,08f6807a-d0e7-e684-7bd2-59cd50f07913,1,2025-12-01,1500000.0,37500.0,1537500.0
1e06b968-71cc-2753-16f9-37dc18f27102,f0d7609f-4242-b5ba-b57b-dea6e388eb44,1,2025-08-19,2000000.0,60000.0,2060000.0
5d381105-84e5-e2be-d49b-7a150c6983dc,b4ad98dc-858c-d9bb-51b2-1727079b2682,1,2025-11-03,375000.0,56250.0,431250.0
673de9b4-2bbf-e2f6-d02f-9121414e45a2,b4ad98dc-858c-d9bb-51b2-1727079b2682,2,2025-12-03,375000.0,56250.0,431250.0
c38ca63a-af28-dc18-c6ed-120ab71b2f23,b4ad98dc-858c-d9bb-51b2-1727079b2682,3,2026-01-03,375000.0,56250.0,431250.0
54f6ac62-ce70-f476-5585-b30bcd7bf687,b4ad98dc-858c-d9bb-51b2-1727079b2682,4,2026-02-03,375000.0,56250.0,431250.0
c73ac807-8844-0933-4111-2cdf3a92e79e,b4ad98dc-858c-d9bb-51b2-1727079b2682,5,2026-03-03,375000.0,56250.0,431250.0
c7b5131d-3e80-57e2-f2bb-28603dac00ff,b4ad98dc-858c-d9bb-51b2-1727079b2682,6,2026-04-03,375000.0,56250.0,431250.0
e68a679c-48e5-36e6-e6d6-d548145ac5be,73b7ed13-4af6-5c49-b671-b5fe6c6b3dfd,1,2025-12-16,500000.0,15000.0,515000.0
f9e8cf3e-c875-9287-71e7-d90605e93e1d,4e427f24-bacd-16e5-6ecb-1de3c8b79bc5,1,2026-07-16,2000000.0,70000.0,2070000.0
2f68f2c4-4eb6-0038-9746-b64e24ad91b6,109b0a5c-c60b-944f-a3b2-6475b6800caa,1,2025-12-27,2083333.33,500000.0,2583333.33
d283eb96-ab9c-99f7-50a7-825d31001658,109b0a5c-c60b-944f-a3b2-6475b6800caa,2,2026-01-27,2083333.33,500000.0,2583333.33
5fbee87d-a744-3037-852a-6cd2eb907633,109b0a5c-c60b-944f-a3b2-6475b6800caa,3,2026-02-27,2083333.33,500000.0,2583333.33
e3e097a4-efc3-b529-9025-560fb590f1a5,109b0a5c-c60b-944f-a3b2-6475b6800caa,4,2026-03-27,2083333.33,500000.0,2583333.33
379001da-8eef-eb7e-79bd-52035c08e337,109b0a5c-c60b-944f-a3b2-6475b6800caa,5,2026-04-27,2083333.33,500000.0,2583333.33
dc457620-fcd2-aa84-f7ba-e98deea498a1,109b0a5c-c60b-944f-a3b2-6475b6800caa,6,2026-05-27,2083333.33,500000.0,2583333.33
4f03c99a-afcc-fc4f-04f0-578d6ffeec58,109b0a5c-c60b-944f-a3b2-6475b6800caa,7,2026-06-27,2083333.33,500000.0,2583333.33
217ce76b-85dd-bc0d-bdef-372121efb2c2,109b0a5c-c60b-944f-a3b2-6475b6800caa,8,2026-07-27,2083333.33,500000.0,2583333.33
56b26b95-127a-7031-079c-1c8938275a2d,109b0a5c-c60b-944f-a3b2-6475b6800caa,9,2026-08-27,2083333.33,500000.0,2583333.33
cc2df3bf-3b74-a7ab-4a61-84c0dfe29a3f,109b0a5c-c60b-944f-a3b2-6475b6800caa,10,2026-09-27,2083333.33,500000.0,2583333.33
4c52431b-e3a8-3aa3-b86b-cc28f49486fe,109b0a5c-c60b-944f-a3b2-6475b6800caa,11,2026-10-27,2083333.33,500000.0,2583333.33
a38d5e54-8865-1e78-df00-790293f51a1e,109b0a5c-c60b-944f-a3b2-6475b6800caa,12,2026-11-27,2083333.37,500000.0,2583333.37
342ec032-42ae-54b0-01da-de6cf18a32c8,3abc9b08-962d-aae5-17ee-c8638ffd6236,1,2025-07-17,8333333.33,375000.0,8708333.33
95547307-63c6-a73d-f237-8f67e1496332,3abc9b08-962d-aae5-17ee-c8638ffd6236,2,2025-08-17,8333333.33,375000.0,8708333.33
8fe1079b-2aed-b510-286c-32af4f3daa1a,3abc9b08-962d-aae5-17ee-c8638ffd6236,3,2025-09-17,8333333.34,375000.0,8708333.34
d7b1634b-f800-97bc-5ce6-8dcfdfddac00,c29341f3-247a-2dce-8c93-fd9ba21774db,1,2025-02-26,500000.0,45000.0,545000.0
4813044a-d4e9-1be1-d020-0ad2525f079d,c29341f3-247a-2dce-8c93-fd9ba21774db,2,2025-03-26,500000.0,45000.0,545000.0
ebb988e1-b6ce-5317-2348-963b208c5813,c29341f3-247a-2dce-8c93-fd9ba21774db,3,2025-04-26,500000.0,45000.0,545000.0
923126a9-2e4b-dabd-1e8f-a535523633ca,c29341f3-247a-2dce-8c93-fd9ba21774db,4,2025-05-26,500000.0,45000.0,545000.0
85b262c8-f796-b3fe-618b-c7b96083d099,c29341f3-247a-2dce-8c93-fd9ba21774db,5,2025-06-26,500000.0,45000.0,545000.0
c5d7be5a-0475-2398-17e3-597cb15755a8,c29341f3-247a-2dce-8c93-fd9ba21774db,6,2025-07-26,500000.0,45000.0,545000.0
5b5f1417-b23e-c415-c1f3-719ffac630db,7789bd94-3ee2-828a-7cf1-61e429e5465a,1,2027-01-08,2500000.0,225000.0,2725000.0
843522eb-e84a-8440-41e4-e37df675c62e,f89c78fa-0499-1bb9-5173-b9135ef7a654,1,2025-05-05,2000000.0,70000.0,2070000.0
472c2b34-b6cb-0af4-0000-6a28d866ceaa,599107a2-7cdc-a105-ab09-250b7ed3c288,1,2026-07-13,833333.33,50000.0,883333.33
da956731-dc75-66f2-7088-ae56bc151af4,599107a2-7cdc-a105-ab09-250b7ed3c288,2,2026-08-13,833333.33,50000.0,883333.33
1f252b9b-c5c2-f6de-0a57-adcb07cdecd7,599107a2-7cdc-a105-ab09-250b7ed3c288,3,2026-09-13,833333.34,50000.0,883333.34
380427db-83e6-46f8-87c6-ba32295150d6,85a8af80-392e-2451-0630-9bf08b79fb37,1,2025-10-29,2500000.0,187500.0,2687500.0
7d82ecae-4632-3a8a-8168-989ee934dc90,676450d8-a5a7-7522-d163-d516687b675c,1,2026-05-13,15000000.0,900000.0,15900000.0
0d25644a-f3e6-083f-af94-1c6deeb80b20,676450d8-a5a7-7522-d163-d516687b675c,2,2026-06-13,15000000.0,900000.0,15900000.0
d86b2bd5-3902-ee89-81f5-9986acceb276,676450d8-a5a7-7522-d163-d516687b675c,3,2026-07-13,15000000.0,900000.0,15900000.0
fc823735-f082-f8dc-6528-5a576a0e21d5,9bbe71de-a9d4-789d-48e6-0c222556d96f,1,2025-07-15,8000000.0,200000.0,8200000.0
2a9b9d58-e7fe-2a7d-b08c-d51f1df384f7,fa0b9cd2-ae37-613e-911e-47cbbde15bcd,1,2025-07-24,833333.33,150000.0,983333.33
f71db621-24d9-e28a-fcae-b371a4b15af3,fa0b9cd2-ae37-613e-911e-47cbbde15bcd,2,2025-08-24,833333.33,150000.0,983333.33
c004f0a3-26ea-6feb-4544-fd530ac0090b,fa0b9cd2-ae37-613e-911e-47cbbde15bcd,3,2025-09-24,833333.33,150000.0,983333.33
c9930686-5772-13db-02c8-45337a35c43f,fa0b9cd2-ae37-613e-911e-47cbbde15bcd,4,2025-10-24,833333.33,150000.0,983333.33
56bbdb52-11ba-59ec-0e55-842a0c68d2af,fa0b9cd2-ae37-613e-911e-47cbbde15bcd,5,2025-11-24,833333.33,150000.0,983333.33
9755dbaf-3231-d5e4-73c2-4e9f273b7547,fa0b9cd2-ae37-613e-911e-47cbbde15bcd,6,2025-12-24,833333.35,150000.0,983333.35
7a38e7a1-2558-2a13-a9d0-f00acc8d936d,cdc0d2a9-545d-1f0d-1b47-a0a8c407bed5,1,2025-06-09,5000000.0,175000.0,5175000.0
c14fed0a-7163-fa11-ebdf-6524e0741180,3d7d6806-8d29-20f7-611f-46369245c5b2,1,2025-11-02,1333333.33,160000.0,1493333.33
c7eed0c4-59dd-2562-a3ae-85c2428110f0,3d7d6806-8d29-20f7-611f-46369245c5b2,2,2025-12-02,1333333.33,160000.0,1493333.33
4e0191a3-5630-470b-e641-39d5e4ed2edc,3d7d6806-8d29-20f7-611f-46369245c5b2,3,2026-01-02,1333333.33,160000.0,1493333.33
fc29705d-8b39-f615-a9e7-691ca9159e35,3d7d6806-8d29-20f7-611f-46369245c5b2,4,2026-02-02,1333333.33,160000.0,1493333.33
4e388bc3-6f78-4747-2a9f-53fb8489dae6,3d7d6806-8d29-20f7-611f-46369245c5b2,5,2026-03-02,1333333.33,160000.0,1493333.33
4d0579a7-164f-08b4-072f-b97e9488be14,3d7d6806-8d29-20f7-611f-46369245c5b2,6,2026-04-02,1333333.35,160000.0,1493333.35
6a97fb83-d64b-2d11-27dd-0397b00e8f44,735e6c9d-447f-efdf-e79b-0fa98e9ce46b,1,2025-08-12,1000000.0,30000.0,1030000.0
37542ac6-5f9b-f571-c378-058bcf3f8d15,da244340-701e-bfa6-ef26-ece4fd4ab5b4,1,2025-02-17,833333.33,100000.0,933333.33
90280d89-6d04-6a0a-ec58-6ce31cce5606,da244340-701e-bfa6-ef26-ece4fd4ab5b4,2,2025-03-17,833333.33,100000.0,933333.33
e535a205-4bb9-641b-48c0-3efd7d2395f3,da244340-701e-bfa6-ef26-ece4fd4ab5b4,3,2025-04-17,833333.33,100000.0,933333.33
0cc6378f-0a0e-39b3-ed59-74364f97283e,da244340-701e-bfa6-ef26-ece4fd4ab5b4,4,2025-05-17,833333.33,100000.0,933333.33
05b335d4-669b-eac1-f2a4-dd564bba86a9,da244340-701e-bfa6-ef26-ece4fd4ab5b4,5,2025-06-17,833333.33,100000.0,933333.33
7b497495-056e-2391-0611-678dc76a620d,da244340-701e-bfa6-ef26-ece4fd4ab5b4,6,2025-07-17,833333.35,100000.0,933333.35
5476cb28-1fb7-ae6b-47f3-dad375da9334,c2681fbe-9b87-7484-997b-1a81d0a2a118,1,2025-07-13,2000000.0,30000.0,2030000.0
e132b2c5-e846-0a81-a642-f048e60fa720,4796252d-b6dc-7586-b058-2398032f4537,1,2025-04-25,1000000.0,35000.0,1035000.0
1f6a17bb-8e27-6f53-0279-cb1f4241ee98,5e8ba009-16d1-504f-542f-5899c0222092,1,2026-01-06,750000.0,67500.0,817500.0
160ef52b-5b5b-ae75-3beb-770c64e102aa,5e8ba009-16d1-504f-542f-5899c0222092,2,2026-02-06,750000.0,67500.0,817500.0
edfac913-0e3c-6488-b56c-6697765c951b,5e8ba009-16d1-504f-542f-5899c0222092,3,2026-03-06,750000.0,67500.0,817500.0
2b97a251-3778-bb62-7037-67725b41897c,37bc5508-45d6-a446-8246-0bd0d33f587a,1,2027-01-31,1000000.0,180000.0,1180000.0
ff046b77-831c-7ba0-a344-42a3a88b687b,b1827135-fb9a-b2ce-878c-960f773c5c1a,1,2025-12-16,2083333.33,875000.0,2958333.33
ef8150a6-065b-82fb-6553-8fef670303f6,b1827135-fb9a-b2ce-878c-960f773c5c1a,2,2026-01-16,2083333.33,875000.0,2958333.33
07986350-dc0b-6110-5814-fa84f81ba707,b1827135-fb9a-b2ce-878c-960f773c5c1a,3,2026-02-16,2083333.33,875000.0,2958333.33
3326bc81-7406-8c42-3f55-726b50e2db27,b1827135-fb9a-b2ce-878c-960f773c5c1a,4,2026-03-16,2083333.33,875000.0,2958333.33
83f1188b-afde-25ab-10b7-4d445be731c9,b1827135-fb9a-b2ce-878c-960f773c5c1a,5,2026-04-16,2083333.33,875000.0,2958333.33
8a0d9ea1-4b4b-855e-5582-4a722e6b995c,b1827135-fb9a-b2ce-878c-960f773c5c1a,6,2026-05-16,2083333.33,875000.0,2958333.33
4d80245c-7745-c312-02be-92c83cd5d50b,b1827135-fb9a-b2ce-878c-960f773c5c1a,7,2026-06-16,2083333.33,875000.0,2958333.33
021375b7-3b19-7bdd-bf66-7caec7fa01bf,b1827135-fb9a-b2ce-878c-960f773c5c1a,8,2026-07-16,2083333.33,875000.0,2958333.33
628ea613-84e9-8bbb-741b-7510d6434314,b1827135-fb9a-b2ce-878c-960f773c5c1a,9,2026-08-16,2083333.33,875000.0,2958333.33
d475f0f5-f592-67ff-763e-197c3e8163e8,b1827135-fb9a-b2ce-878c-960f773c5c1a,10,2026-09-16,2083333.33,875000.0,2958333.33
256fae5b-d0ef-89a8-6106-d5d687fada27,b1827135-fb9a-b2ce-878c-960f773c5c1a,11,2026-10-16,2083333.33,875000.0,2958333.33
0712d1da-2234-9bed-217d-450cea32f6af,b1827135-fb9a-b2ce-878c-960f773c5c1a,12,2026-11-16,2083333.37,875000.0,2958333.37
ad7a42f6-68e4-f081-128d-eba0146d6ef5,9c0fd9a3-ed13-18e3-0e8d-279a6f3a9c23,1,2025-07-07,1666666.67,350000.0,2016666.67
61fb0e43-a659-5971-8483-95166763a899,9c0fd9a3-ed13-18e3-0e8d-279a6f3a9c23,2,2025-08-07,1666666.67,350000.0,2016666.67
a0244eca-c186-87f1-009f-e78a60007d54,9c0fd9a3-ed13-18e3-0e8d-279a6f3a9c23,3,2025-09-07,1666666.67,350000.0,2016666.67
46f8d6cd-7a04-587c-f61a-2034d66432b6,9c0fd9a3-ed13-18e3-0e8d-279a6f3a9c23,4,2025-10-07,1666666.67,350000.0,2016666.67
06962ce2-04db-1d40-3ffe-f4f1a7e6d776,9c0fd9a3-ed13-18e3-0e8d-279a6f3a9c23,5,2025-11-07,1666666.67,350000.0,2016666.67
b1132d1f-9ceb-bc06-9c60-8a956442bfac,9c0fd9a3-ed13-18e3-0e8d-279a6f3a9c23,6,2025-12-07,1666666.65,350000.0,2016666.65
f794732a-7ed1-f30c-0a1b-b22b70e9eb97,e93aa3fa-f002-3f78-f36a-3b84f7952cb4,1,2026-04-19,1000000.0,20000.0,1020000.0
5d92b3a7-00d3-c487-7922-f1f7de73bdbe,21b6dec1-1af7-8e73-feec-ad83654c6f5c,1,2025-08-20,1500000.0,52500.0,1552500.0
d3b16474-895c-3923-28b6-372f517b2eee,4d50164c-b817-8448-aa78-ce49a1c5edf5,1,2025-03-07,1666666.67,200000.0,1866666.67
72608572-151a-21fe-891d-908d852388a7,4d50164c-b817-8448-aa78-ce49a1c5edf5,2,2025-04-07,1666666.67,200000.0,1866666.67
edeaee4b-f937-4aba-110d-c95f7c664c0b,4d50164c-b817-8448-aa78-ce49a1c5edf5,3,2025-05-07,1666666.67,200000.0,1866666.67
963dbe31-14e6-3199-ea01-7f2f11a42694,4d50164c-b817-8448-aa78-ce49a1c5edf5,4,2025-06-07,1666666.67,200000.0,1866666.67
475ae497-d9ea-aaab-0db9-486bfbf840cc,4d50164c-b817-8448-aa78-ce49a1c5edf5,5,2025-07-07,1666666.67,200000.0,1866666.67
2a77098d-b2f5-b197-27d5-a048cd2bf1ce,4d50164c-b817-8448-aa78-ce49a1c5edf5,6,2025-08-07,1666666.65,200000.0,1866666.65
7cc08adb-e5ee-6aa0-73d5-e41b02cec4b9,de296a2d-c261-c0d2-0ef6-bb9c1df062d9,1,2026-07-29,2000000.0,50000.0,2050000.0
a6c67939-514d-f621-4414-b9ce864a04ee,e8a30098-eadb-ffbb-34d2-ca99bbeee2e9,1,2025-12-08,2500000.0,37500.0,2537500.0
e6eb3e3e-c162-b5b0-d507-d21f416c1d46,27379b99-ba23-8b49-cb5c-e5649d8cac36,1,2025-07-04,2000000.0,50000.0,2050000.0
9507b57d-415f-8ed6-10ca-90adc6f21467,9b698bb7-3deb-50d4-2234-0a2fcef1f4c1,1,2026-06-08,300000.0,4500.0,304500.0
3908bafa-2f84-739e-718b-c517f43f0f67,2144d05f-bcb0-8eb1-c047-32ef96195dd9,1,2025-08-27,1500000.0,30000.0,1530000.0
99370c83-e08f-49c1-8216-bf7f0608c07d,71301b97-e720-e7fb-20bb-e54a71b0cc4b,1,2025-06-16,900000.0,13500.0,913500.0
161f1e63-10c8-cbe3-b066-60bd59723f56,a5478b2f-d638-14b7-4e6d-29ccb51c4535,1,2025-07-14,2000000.0,70000.0,2070000.0
3310820f-4ce9-a7a4-02b1-a6e326066bc3,ba9889c7-9107-6dc3-10e2-d6e223ccc912,1,2026-05-26,500000.0,12500.0,512500.0
f120b513-0837-7dc5-340a-3bcd701b2bef,af81fe1f-3e31-9e24-2924-f1b0c01de077,1,2025-10-26,1000000.0,20000.0,1020000.0
44850ac6-86ad-7d45-b434-4be22c5ee827,a0ee0c43-83d8-ebc9-e429-92e9eddd150e,1,2026-02-20,500000.0,10000.0,510000.0
c1a64735-2bc7-9a8a-344e-0cb2fdc0319d,d695a5b9-4c03-701b-9beb-eb8e1dd5d17d,1,2026-05-17,1600000.0,48000.0,1648000.0
d708781e-3d60-d239-702f-119af7a0bb95,1c1384b0-d376-793b-a4fd-340421ccca60,1,2026-03-13,1666666.67,200000.0,1866666.67
bd1ae01a-7934-5182-a525-ec863aa0b6fd,1c1384b0-d376-793b-a4fd-340421ccca60,2,2026-04-13,1666666.67,200000.0,1866666.67
b5a77ea8-67db-7260-cb3b-ed7dcc919fbf,1c1384b0-d376-793b-a4fd-340421ccca60,3,2026-05-13,1666666.67,200000.0,1866666.67
44f32981-128d-02d5-8ed0-d16825576c07,1c1384b0-d376-793b-a4fd-340421ccca60,4,2026-06-13,1666666.67,200000.0,1866666.67
12ef0dca-cd60-3f2a-58f6-f59759a80b04,1c1384b0-d376-793b-a4fd-340421ccca60,5,2026-07-13,1666666.67,200000.0,1866666.67
eaa43c20-c11f-66f5-c93f-ce2ea63292bd,1c1384b0-d376-793b-a4fd-340421ccca60,6,2026-08-13,1666666.65,200000.0,1866666.65
d7dd71a5-cb12-8951-19b6-139f770d6afe,88c57b83-e60a-77d9-50cb-6d2023264f33,1,2027-02-10,50000000.0,18000000.0,68000000.0
68f40c10-e645-4b78-e33b-489a7c149ddb,adbe3388-18ca-14fe-228e-4c9b9dd554d6,1,2025-07-13,1333333.33,100000.0,1433333.33
cd825f71-3ba6-befb-82fe-144499e2fb13,adbe3388-18ca-14fe-228e-4c9b9dd554d6,2,2025-08-13,1333333.33,100000.0,1433333.33
c929ebd4-678a-78b1-cd9b-f5ce6f2821ee,adbe3388-18ca-14fe-228e-4c9b9dd554d6,3,2025-09-13,1333333.34,100000.0,1433333.34
968a3329-0d2e-abfc-be65-b7bb5876daf1,2f7a28bd-e6e4-3f82-5bb2-268b66b81264,1,2025-05-25,2000000.0,50000.0,2050000.0
70fb41f0-d1c0-9f43-5923-34c926ad284c,7eaa8c90-a393-2b5f-93d9-bc3d251981c5,1,2025-06-29,125000.0,52500.0,177500.0
0d5868a4-dd8c-8ccf-75d5-f72a8e7fac73,7eaa8c90-a393-2b5f-93d9-bc3d251981c5,2,2025-07-29,125000.0,52500.0,177500.0
96891c60-11f4-990a-ba1b-ffa9dcab5747,7eaa8c90-a393-2b5f-93d9-bc3d251981c5,3,2025-08-29,125000.0,52500.0,177500.0
894f5ca7-995d-ccf6-ec8e-0712d9f1be6c,7eaa8c90-a393-2b5f-93d9-bc3d251981c5,4,2025-09-29,125000.0,52500.0,177500.0
3600ffe3-e37e-d364-63c3-09b00703650c,7eaa8c90-a393-2b5f-93d9-bc3d251981c5,5,2025-10-29,125000.0,52500.0,177500.0
68fc97bc-bad8-35eb-55c5-ab6a70655b4b,7eaa8c90-a393-2b5f-93d9-bc3d251981c5,6,2025-11-29,125000.0,52500.0,177500.0
96780d6d-597f-1da7-4017-9aebd7cea423,7eaa8c90-a393-2b5f-93d9-bc3d251981c5,7,2025-12-29,125000.0,52500.0,177500.0
88598e3d-ae31-4d66-986e-a7c51dd4f00e,7eaa8c90-a393-2b5f-93d9-bc3d251981c5,8,2026-01-29,125000.0,52500.0,177500.0
2331924b-ce88-1907-fbf6-ebf87a22d168,7eaa8c90-a393-2b5f-93d9-bc3d251981c5,9,2026-02-28,125000.0,52500.0,177500.0
5d3661a0-19de-517d-784b-a38e4b1bd660,7eaa8c90-a393-2b5f-93d9-bc3d251981c5,10,2026-03-29,125000.0,52500.0,177500.0
25903d32-2d56-f68c-9da8-e2eed8fbccd2,7eaa8c90-a393-2b5f-93d9-bc3d251981c5,11,2026-04-29,125000.0,52500.0,177500.0
8425232b-e69e-f51a-a2b6-00bd9b0786ef,7eaa8c90-a393-2b5f-93d9-bc3d251981c5,12,2026-05-29,125000.0,52500.0,177500.0
2f875458-706a-98ac-d2f4-26d5da7cd71c,4e4616cb-aaf1-b904-a0e2-5eb1cd8c5d2a,1,2025-06-02,2000000.0,60000.0,2060000.0
ecf4ed39-58df-bcb2-8d24-8a3e05b1931a,1a6f0aaf-7f18-2af5-56aa-73385be26c23,1,2026-04-17,833333.33,75000.0,908333.33
7efff67b-7a32-0d15-08d0-5c3da530dc04,1a6f0aaf-7f18-2af5-56aa-73385be26c23,2,2026-05-17,833333.33,75000.0,908333.33
f3c35eae-9f9e-6004-4811-067a57af799a,1a6f0aaf-7f18-2af5-56aa-73385be26c23,3,2026-06-17,833333.34,75000.0,908333.34
1e288750-aa1c-ae12-625b-c4102de28682,1d7e332d-d382-34b3-5948-062e93c0c59c,1,2026-07-08,1500000.0,30000.0,1530000.0
010e54bf-702a-1336-698d-28c4312709db,e35482b3-9b27-3a46-7478-103dec0d1801,1,2025-04-12,416666.67,50000.0,466666.67
c71c3535-6e4d-b9b6-8069-f2032a38c632,e35482b3-9b27-3a46-7478-103dec0d1801,2,2025-05-12,416666.67,50000.0,466666.67
af0a0212-3fa4-e027-8f42-32029833e81c,e35482b3-9b27-3a46-7478-103dec0d1801,3,2025-06-12,416666.67,50000.0,466666.67
24246cf6-912b-0c8e-8cdc-1717d0a6d8c0,e35482b3-9b27-3a46-7478-103dec0d1801,4,2025-07-12,416666.67,50000.0,466666.67
b7a63ad3-2ee8-8ec1-fa17-d0a4aebbe8e8,e35482b3-9b27-3a46-7478-103dec0d1801,5,2025-08-12,416666.67,50000.0,466666.67
8333421e-ae98-93ce-a929-057b79e846f7,e35482b3-9b27-3a46-7478-103dec0d1801,6,2025-09-12,416666.65,50000.0,466666.65
a16cf246-88b4-caee-2b7e-d1a2d2486757,d9295f23-ed1c-cd98-34c7-2cf663f0fe7d,1,2025-03-27,400000.0,12000.0,412000.0
95772d3c-27f6-ecb5-7fc8-791e85dc530c,f33a199d-7510-32ee-838b-f0668fd121c1,1,2026-08-16,1500000.0,22500.0,1522500.0
3198f464-132f-2bcf-51a3-032e334c3bf6,be70ad09-8ac6-2488-3362-2e7cb386464e,1,2025-08-04,833333.33,150000.0,983333.33
df209037-7b90-44d4-04cf-1a4c3c721397,be70ad09-8ac6-2488-3362-2e7cb386464e,2,2025-09-04,833333.33,150000.0,983333.33
2ff84ff0-fbc7-efa0-86cd-a55a75605fa3,be70ad09-8ac6-2488-3362-2e7cb386464e,3,2025-10-04,833333.33,150000.0,983333.33
6dbfefb7-e918-6d00-b48c-bd3045e3c114,be70ad09-8ac6-2488-3362-2e7cb386464e,4,2025-11-04,833333.33,150000.0,983333.33
de862f88-afdc-f91f-0048-d07ad5ed2727,be70ad09-8ac6-2488-3362-2e7cb386464e,5,2025-12-04,833333.33,150000.0,983333.33
c8e9b7c0-2001-2f47-44cf-479b5caf82da,be70ad09-8ac6-2488-3362-2e7cb386464e,6,2026-01-04,833333.35,150000.0,983333.35
bb4b8be5-11ee-5bc4-ef3f-0eeee8091c8a,8b734975-4057-7a0b-8e13-d45408ee9668,1,2025-12-15,1500000.0,22500.0,1522500.0
68ffebfe-92e8-9931-aca4-4abe44b19ded,80eec329-b25a-d889-daa5-27f22861d33e,1,2026-03-26,1666666.67,75000.0,1741666.67
552c96b6-ae9b-3d79-ede1-08848ba578da,80eec329-b25a-d889-daa5-27f22861d33e,2,2026-04-26,1666666.67,75000.0,1741666.67
6de41aed-4ace-7abf-bd67-f6e69e6f8407,80eec329-b25a-d889-daa5-27f22861d33e,3,2026-05-26,1666666.66,75000.0,1741666.66
c9971ee5-fb97-7f04-b625-4f42badd42ad,dc276867-c0fe-3811-385c-820908c225b9,1,2025-12-03,2000000.0,40000.0,2040000.0
c8616d51-f20d-ce90-4914-c833c57adeb4,9b1ef125-3ad1-2bf2-8259-def2b289ba34,1,2026-02-14,1500000.0,30000.0,1530000.0
9a0922fc-cf06-9f57-43c4-b1200288db42,95cc6e91-e64a-eebf-1c1e-af82390448bd,1,2025-04-30,1000000.0,30000.0,1030000.0
76650bba-8129-1f94-c485-6a6a18e9c1e9,600743b5-3b55-5f4c-da90-3fdc5b7ed273,1,2025-02-26,166666.67,60000.0,226666.67
fa3703b5-84ce-f6db-ef08-c76d6e69ceb6,600743b5-3b55-5f4c-da90-3fdc5b7ed273,2,2025-03-26,166666.67,60000.0,226666.67
d6d93e1e-1113-0cec-04da-c7a4d0a56471,600743b5-3b55-5f4c-da90-3fdc5b7ed273,3,2025-04-26,166666.67,60000.0,226666.67
dc0181db-f7fc-997d-8c86-db29e0ede51c,600743b5-3b55-5f4c-da90-3fdc5b7ed273,4,2025-05-26,166666.67,60000.0,226666.67
0187f4e8-80d3-98e3-b7c1-3bf68086df28,600743b5-3b55-5f4c-da90-3fdc5b7ed273,5,2025-06-26,166666.67,60000.0,226666.67
29f3c706-9791-4c40-4f32-5fb5b55ba703,600743b5-3b55-5f4c-da90-3fdc5b7ed273,6,2025-07-26,166666.67,60000.0,226666.67
4b0c4ae7-5dff-8b34-bb89-3ef09438eaa9,600743b5-3b55-5f4c-da90-3fdc5b7ed273,7,2025-08-26,166666.67,60000.0,226666.67
d176f184-9b45-02ef-c67a-5ca15e496189,600743b5-3b55-5f4c-da90-3fdc5b7ed273,8,2025-09-26,166666.67,60000.0,226666.67
deb04052-9335-fa31-6bad-4bce73170b19,600743b5-3b55-5f4c-da90-3fdc5b7ed273,9,2025-10-26,166666.67,60000.0,226666.67
c9adaa4c-ca71-9154-0785-c28e4eaed02e,600743b5-3b55-5f4c-da90-3fdc5b7ed273,10,2025-11-26,166666.67,60000.0,226666.67
72962327-1400-ff70-548b-51a6be000279,600743b5-3b55-5f4c-da90-3fdc5b7ed273,11,2025-12-26,166666.67,60000.0,226666.67
aab2cde2-2f45-3ec0-ddeb-4b03ab050b89,600743b5-3b55-5f4c-da90-3fdc5b7ed273,12,2026-01-26,166666.63,60000.0,226666.63
3ffde309-246f-621c-5e13-5c8bf30ddb16,2f70119c-c809-47ae-e3b4-39a44b6356d3,1,2026-08-13,1000000.0,20000.0,1020000.0
24d2e196-74ca-48f9-75b0-0171d53f4c63,f93063d2-66b7-b17b-e568-ed950cd85b72,1,2026-01-20,833333.33,50000.0,883333.33
899c462a-6d9e-7ae3-24b6-43eebbc56448,f93063d2-66b7-b17b-e568-ed950cd85b72,2,2026-02-20,833333.33,50000.0,883333.33
a851a30c-9116-89d2-acdf-545efacc8750,f93063d2-66b7-b17b-e568-ed950cd85b72,3,2026-03-20,833333.34,50000.0,883333.34
60e50c57-285e-9ba6-4dd9-0a718f3f4808,2ea3a4a1-9da7-d0e5-15b1-62ebcc904c3c,1,2026-08-31,500000.0,12500.0,512500.0
d3823bf2-8979-153e-9373-a125d68a5cda,ca02c40e-334d-10a2-eb29-f87ef845a979,1,2025-12-03,750000.0,15000.0,765000.0
f9fabeb3-19d0-c7ef-fd0d-28d9c32113f8,d95ebdb5-4ffe-1fdd-3679-2c894309ff1f,1,2026-03-10,3333333.33,250000.0,3583333.33
f333764c-6fd4-306c-1750-290ba7362ffd,d95ebdb5-4ffe-1fdd-3679-2c894309ff1f,2,2026-04-10,3333333.33,250000.0,3583333.33
da256cd6-71ca-e355-dfaa-1e92be692858,d95ebdb5-4ffe-1fdd-3679-2c894309ff1f,3,2026-05-10,3333333.34,250000.0,3583333.34
244d84f1-80be-8356-24d6-43dbdfdbc6c3,25efc288-89e9-553e-66da-0317f731870b,1,2026-06-29,5000000.0,750000.0,5750000.0
388b5b04-4e8d-a2b5-fa57-6a74d5ab6d5f,1445dddf-214f-edd9-fbbc-56dc63824c60,1,2025-08-05,833333.33,125000.0,958333.33
56ac136c-b5a0-0422-a5a5-4fb26cedba53,1445dddf-214f-edd9-fbbc-56dc63824c60,2,2025-09-05,833333.33,125000.0,958333.33
f939d40b-5aa0-03b1-cda1-737e6fbed66c,1445dddf-214f-edd9-fbbc-56dc63824c60,3,2025-10-05,833333.33,125000.0,958333.33
1ef58a38-c3c1-974f-c2b7-2deb519607f8,1445dddf-214f-edd9-fbbc-56dc63824c60,4,2025-11-05,833333.33,125000.0,958333.33
e236ccab-2e2f-80b5-ad25-241e31f7c940,1445dddf-214f-edd9-fbbc-56dc63824c60,5,2025-12-05,833333.33,125000.0,958333.33
3a6dcdd9-e415-32d3-4aaa-d1839f73ee06,1445dddf-214f-edd9-fbbc-56dc63824c60,6,2026-01-05,833333.35,125000.0,958333.35
42a66000-c936-96bb-1f8b-ff9423e7eff9,f212d94e-f6c4-a731-b8ab-d6d3890e1acb,1,2025-09-07,5000000.0,375000.0,5375000.0
2cbb3105-cb48-2a11-ed8a-8d5a3fdb03ed,01518bd8-3d17-8f94-ef41-857bd1e04977,1,2026-07-13,10000000.0,300000.0,10300000.0
dfc48596-0596-0e29-0c78-eda41dc5c517,c74aac54-348c-7d66-e0e6-1c1d515f9de1,1,2026-08-13,1562500.0,468750.0,2031250.0
cda6a14b-a1bc-eeaf-7c09-3d05c2c3bca3,c74aac54-348c-7d66-e0e6-1c1d515f9de1,2,2026-09-13,1562500.0,468750.0,2031250.0
ff072f3d-01b8-f003-e495-8150680798ec,c74aac54-348c-7d66-e0e6-1c1d515f9de1,3,2026-10-13,1562500.0,468750.0,2031250.0
aef9a68c-3d95-bdfe-4bfe-51628d0e7777,c74aac54-348c-7d66-e0e6-1c1d515f9de1,4,2026-11-13,1562500.0,468750.0,2031250.0
a7bf7978-a63d-11b2-50cd-23b29ef3dad4,c74aac54-348c-7d66-e0e6-1c1d515f9de1,5,2026-12-13,1562500.0,468750.0,2031250.0
ad10b011-d2a0-e5f0-0b04-00c6986f2b2b,c74aac54-348c-7d66-e0e6-1c1d515f9de1,6,2027-01-13,1562500.0,468750.0,2031250.0
af282513-ce37-d5f0-3692-230d55c708e7,c74aac54-348c-7d66-e0e6-1c1d515f9de1,7,2027-02-13,1562500.0,468750.0,2031250.0
070c52c3-62ba-4ad1-3dd1-2bdce8f622bc,c74aac54-348c-7d66-e0e6-1c1d515f9de1,8,2027-03-13,1562500.0,468750.0,2031250.0
1d442491-c0ea-7927-6e5e-0029baa7bd1b,c74aac54-348c-7d66-e0e6-1c1d515f9de1,9,2027-04-13,1562500.0,468750.0,2031250.0
df2f7355-279f-64d3-0541-df759474e316,c74aac54-348c-7d66-e0e6-1c1d515f9de1,10,2027-05-13,1562500.0,468750.0,2031250.0
b017d312-3d3f-6ab1-c869-df345bdca99f,c74aac54-348c-7d66-e0e6-1c1d515f9de1,11,2027-06-13,1562500.0,468750.0,2031250.0
065b3318-1cff-f9e9-3904-ac665f088919,c74aac54-348c-7d66-e0e6-1c1d515f9de1,12,2027-07-13,1562500.0,468750.0,2031250.0
29a768ea-75f2-7865-7595-47159c002214,891eb732-cff0-c407-3509-4b978e25f6ef,1,2026-02-12,166666.67,15000.0,181666.67
38c50755-a014-a287-3842-b800c166586f,891eb732-cff0-c407-3509-4b978e25f6ef,2,2026-03-12,166666.67,15000.0,181666.67
8f2d18ea-a12d-a7d3-c79a-74597f01f07a,891eb732-cff0-c407-3509-4b978e25f6ef,3,2026-04-12,166666.67,15000.0,181666.67
91aa775b-1d3e-3bb4-ad51-689540c3bd8b,891eb732-cff0-c407-3509-4b978e25f6ef,4,2026-05-12,166666.67,15000.0,181666.67
9c4489c9-e976-381b-d362-79e1f08b6c7f,891eb732-cff0-c407-3509-4b978e25f6ef,5,2026-06-12,166666.67,15000.0,181666.67
88c2ddbd-3b89-daa8-691c-d43c215509fd,891eb732-cff0-c407-3509-4b978e25f6ef,6,2026-07-12,166666.65,15000.0,181666.65
a727858a-9299-a3eb-64c2-aec334ec021c,4027b093-1c8f-1f41-13ee-826c406bbf2b,1,2026-01-20,4166666.67,375000.0,4541666.67
5d6858b7-aa01-e16a-23bb-a41b9e418596,4027b093-1c8f-1f41-13ee-826c406bbf2b,2,2026-02-20,4166666.67,375000.0,4541666.67
204ffa2c-eb5b-22ba-c728-f89e491931fa,4027b093-1c8f-1f41-13ee-826c406bbf2b,3,2026-03-20,4166666.67,375000.0,4541666.67
bc8185c7-4dc0-f619-73a0-a38b0b95e764,4027b093-1c8f-1f41-13ee-826c406bbf2b,4,2026-04-20,4166666.67,375000.0,4541666.67
73d62a8b-d2f5-3522-1517-132549c108cb,4027b093-1c8f-1f41-13ee-826c406bbf2b,5,2026-05-20,4166666.67,375000.0,4541666.67
e64b938d-225e-719e-c112-2010a40db226,4027b093-1c8f-1f41-13ee-826c406bbf2b,6,2026-06-20,4166666.65,375000.0,4541666.65
942bba64-b6fc-8ed5-99e4-0056acee64dc,fc80d49b-effd-6c64-9aab-eb9cd77b369f,1,2026-02-07,1041666.67,250000.0,1291666.67
94434b60-cec4-0753-6ffa-7b37d47240e5,fc80d49b-effd-6c64-9aab-eb9cd77b369f,2,2026-03-07,1041666.67,250000.0,1291666.67
3c3aff6f-89d6-ff04-5b43-9363d48b86c9,fc80d49b-effd-6c64-9aab-eb9cd77b369f,3,2026-04-07,1041666.67,250000.0,1291666.67
2ee69853-877c-7995-abcf-cf5f7709e4e4,fc80d49b-effd-6c64-9aab-eb9cd77b369f,4,2026-05-07,1041666.67,250000.0,1291666.67
e3a971f4-c193-e7e5-2b5e-5e1f10b5d5a7,fc80d49b-effd-6c64-9aab-eb9cd77b369f,5,2026-06-07,1041666.67,250000.0,1291666.67
aacc777e-414b-3da7-392c-dfdb0438e0f1,fc80d49b-effd-6c64-9aab-eb9cd77b369f,6,2026-07-07,1041666.67,250000.0,1291666.67
40848e7a-789b-6edc-6a51-eef42c1acd6e,fc80d49b-effd-6c64-9aab-eb9cd77b369f,7,2026-08-07,1041666.67,250000.0,1291666.67
d7e72082-542e-95c1-10fd-a6898cb82094,fc80d49b-effd-6c64-9aab-eb9cd77b369f,8,2026-09-07,1041666.67,250000.0,1291666.67
4db08485-3574-ba6c-a3d6-5106e02b1532,fc80d49b-effd-6c64-9aab-eb9cd77b369f,9,2026-10-07,1041666.67,250000.0,1291666.67
d832c8ca-20e0-0df0-504d-70022e4720b1,fc80d49b-effd-6c64-9aab-eb9cd77b369f,10,2026-11-07,1041666.67,250000.0,1291666.67
8772be35-ff4a-c3e6-2af2-9fe5df6ff3e4,fc80d49b-effd-6c64-9aab-eb9cd77b369f,11,2026-12-07,1041666.67,250000.0,1291666.67
040a22be-9e2a-9942-37d1-51dc7b464ac4,fc80d49b-effd-6c64-9aab-eb9cd77b369f,12,2027-01-07,1041666.63,250000.0,1291666.63
9b012401-662a-f5aa-2f73-ff10643cdb45,0f9971a6-5635-0644-4b03-cf60ffe5f239,1,2025-08-19,900000.0,13500.0,913500.0
663751ea-5c19-f54f-2de4-426b722995e2,60306143-5dd8-463a-d3b4-977ad1f478c4,1,2025-11-21,3333333.33,250000.0,3583333.33
e47f048b-e4a0-bf77-4cac-8dbd4cfe21ef,60306143-5dd8-463a-d3b4-977ad1f478c4,2,2025-12-21,3333333.33,250000.0,3583333.33
15b9005c-df55-42a2-9fee-c0f5f9715eac,60306143-5dd8-463a-d3b4-977ad1f478c4,3,2026-01-21,3333333.34,250000.0,3583333.34
c9ce596c-0edd-f088-0c3e-d201498607ad,a9bcb2ff-74ed-5122-f430-c2b1b7a24d19,1,2026-05-05,1800000.0,324000.0,2124000.0
41348ebb-a6b1-d059-da34-47d9d43b5676,ff7c3c9c-1a47-1a75-7a68-eba7a3914ab2,1,2025-09-22,500000.0,7500.0,507500.0
830273b2-a135-28bb-788b-e472149904ac,537c9145-c0b3-91bd-6622-5e8d3c0a42ef,1,2026-01-22,3333333.33,200000.0,3533333.33
b17907fa-c851-bb35-28d9-40f6ddc88e7d,537c9145-c0b3-91bd-6622-5e8d3c0a42ef,2,2026-02-22,3333333.33,200000.0,3533333.33
a232cc89-23aa-cb01-7c25-523e5b7d8f75,537c9145-c0b3-91bd-6622-5e8d3c0a42ef,3,2026-03-22,3333333.34,200000.0,3533333.34
cbeb9ec4-939f-b787-7dd1-da34571d01ec,07f021b1-b583-8561-74c6-a2a5fdf0b40e,1,2025-10-04,3125000.0,562500.0,3687500.0
671ccc21-e8c8-d7a0-a239-48b1992b0a14,07f021b1-b583-8561-74c6-a2a5fdf0b40e,2,2025-11-04,3125000.0,562500.0,3687500.0
d24bf23e-dfb4-baa4-e342-793b27b72b13,07f021b1-b583-8561-74c6-a2a5fdf0b40e,3,2025-12-04,3125000.0,562500.0,3687500.0
88374e8d-1ea3-7b95-75bc-760b744b7c18,07f021b1-b583-8561-74c6-a2a5fdf0b40e,4,2026-01-04,3125000.0,562500.0,3687500.0
11b7bac3-e117-818f-c0dc-a8dd0e1356dd,07f021b1-b583-8561-74c6-a2a5fdf0b40e,5,2026-02-04,3125000.0,562500.0,3687500.0
ca08260e-5a46-0c32-0ea0-29cd15df2771,07f021b1-b583-8561-74c6-a2a5fdf0b40e,6,2026-03-04,3125000.0,562500.0,3687500.0
e957814e-b832-6271-a62a-40929b136410,07f021b1-b583-8561-74c6-a2a5fdf0b40e,7,2026-04-04,3125000.0,562500.0,3687500.0
e6ca54b2-eb1e-5b49-d747-2998c8912711,07f021b1-b583-8561-74c6-a2a5fdf0b40e,8,2026-05-04,3125000.0,562500.0,3687500.0
9a2ffc34-6b33-15f8-53bb-e6d6bae1c81b,07f021b1-b583-8561-74c6-a2a5fdf0b40e,9,2026-06-04,3125000.0,562500.0,3687500.0
62e7fbc9-cced-af49-3bb7-f615a8a62c0b,07f021b1-b583-8561-74c6-a2a5fdf0b40e,10,2026-07-04,3125000.0,562500.0,3687500.0
469a2caf-53bd-3edf-af2e-3a0bab79f26c,07f021b1-b583-8561-74c6-a2a5fdf0b40e,11,2026-08-04,3125000.0,562500.0,3687500.0
568614c8-c8ca-0cd9-26d8-4cbc39dd6c6d,07f021b1-b583-8561-74c6-a2a5fdf0b40e,12,2026-09-04,3125000.0,562500.0,3687500.0
3cc315af-c1f0-c10e-4c54-cd7d370a745e,46dffc77-6bf0-1ff3-b12b-c9273f1f8375,1,2025-07-03,500000.0,17500.0,517500.0
cd3f87dc-7a92-7061-b6c6-f7165f2b0242,04ed7774-28ba-169e-3297-dee041d66eff,1,2026-04-08,2000000.0,240000.0,2240000.0
a54b96f5-6f66-517c-1b6a-13394f0105b1,9911cf28-cea0-245e-10bb-54e4860389d4,1,2025-07-16,2000000.0,50000.0,2050000.0
1cdf714a-1304-4cab-d4dc-5d0a7210aed8,f9d0fe65-a48f-c5d4-86ab-109708848c0e,1,2025-03-19,1666666.67,125000.0,1791666.67
fec33409-1dfc-b127-513f-363823c9e63d,f9d0fe65-a48f-c5d4-86ab-109708848c0e,2,2025-04-19,1666666.67,125000.0,1791666.67
5839bb3c-72ba-347a-1728-0bc40f282900,f9d0fe65-a48f-c5d4-86ab-109708848c0e,3,2025-05-19,1666666.66,125000.0,1791666.66
5eeb5635-ec60-0b07-c26c-a0c352ed79dc,8e21c85b-be3e-081b-9a18-833e7c49ecf3,1,2026-05-24,3333333.33,200000.0,3533333.33
4024b6fa-dfc6-e5e2-8e81-5d035ddd61db,8e21c85b-be3e-081b-9a18-833e7c49ecf3,2,2026-06-24,3333333.33,200000.0,3533333.33
9dacaf35-f5a9-5bc6-9cf4-87bead2c96ef,8e21c85b-be3e-081b-9a18-833e7c49ecf3,3,2026-07-24,3333333.34,200000.0,3533333.34
2b39b1a2-38e9-29c5-2cf3-948d7d451c11,b610cacf-c34c-6bd5-df7f-beb47d44fe8a,1,2026-05-08,500000.0,30000.0,530000.0
6bfffd2a-e741-35d2-d183-e5e9af7c02f0,b610cacf-c34c-6bd5-df7f-beb47d44fe8a,2,2026-06-08,500000.0,30000.0,530000.0
05043450-0ace-cda2-56ff-d7e718786f23,b610cacf-c34c-6bd5-df7f-beb47d44fe8a,3,2026-07-08,500000.0,30000.0,530000.0
6e452e08-98df-88b8-3fdf-afd61b2392e4,fd933225-d3e2-0589-2171-6238a515768c,1,2026-01-18,1600000.0,24000.0,1624000.0
6b5eeeb8-ab9e-cea0-372b-5f5fe976dc20,f1149ad7-ed27-862b-dffc-7bcc6b28ddca,1,2025-08-29,1125000.0,22500.0,1147500.0
a1ad8926-466d-66e5-e412-fa308f822e51,e8d4c6cf-c846-e709-d6ed-d8355862162d,1,2025-10-19,1200000.0,30000.0,1230000.0
efae6c84-9ee6-1d93-2994-7e71c76bc8ca,529bfc8d-bd28-72f6-1eb7-a2a4b5e2c961,1,2026-08-01,500000.0,75000.0,575000.0
74d54148-19f1-b68d-1db4-5a22ffdeb6cc,f8ebf336-5888-4567-38be-b6b3e971d13d,1,2026-01-09,1000000.0,15000.0,1015000.0
b6ddfd78-7179-af42-449d-5f54f66944e9,2b4a1ea5-8772-2dc6-4fc2-e33219e12f86,1,2025-09-28,2000000.0,40000.0,2040000.0
8a4a99d0-589e-510f-c56d-94a6316b97be,46abff09-b66e-14aa-ec65-1d5bdb48f52e,1,2025-04-22,500000.0,10000.0,510000.0
982617b0-d4f3-0ef5-63db-fa97716e4c22,584abd55-e575-b5d6-a10f-ffe60a76e21b,1,2026-02-02,500000.0,15000.0,515000.0
92976a79-3a04-ae53-3722-65157fc8d355,281c1541-65c7-541b-2157-562e7ae28307,1,2025-03-20,3333333.33,150000.0,3483333.33
4e0e0dcb-4b0d-4eb5-d150-89e2cc48e25b,281c1541-65c7-541b-2157-562e7ae28307,2,2025-04-20,3333333.33,150000.0,3483333.33
41d94535-c686-5b58-73a3-09fbc9d0ea64,281c1541-65c7-541b-2157-562e7ae28307,3,2025-05-20,3333333.34,150000.0,3483333.34
e07d5d30-6b39-e7e7-2a00-615c5cceaa60,af19bbbd-5326-8fc6-fc2c-63413fdf98be,1,2025-07-18,1000000.0,20000.0,1020000.0
c5ffebbf-99b1-f912-29ac-60d79f32bb33,5be3c7f1-b683-4d45-fc7a-135bddf23d30,1,2025-12-14,833333.33,100000.0,933333.33
c3af4bc5-de0e-1a23-a152-20d87a371995,5be3c7f1-b683-4d45-fc7a-135bddf23d30,2,2026-01-14,833333.33,100000.0,933333.33
a23c3c81-5c8a-a036-a82a-7a049cab772a,5be3c7f1-b683-4d45-fc7a-135bddf23d30,3,2026-02-14,833333.33,100000.0,933333.33
4c5944b3-3ec1-98c6-23fd-0fe2b3258947,5be3c7f1-b683-4d45-fc7a-135bddf23d30,4,2026-03-14,833333.33,100000.0,933333.33
61487d79-c6c5-1e0b-9958-e84cd6306b33,5be3c7f1-b683-4d45-fc7a-135bddf23d30,5,2026-04-14,833333.33,100000.0,933333.33
b426a7db-f30e-addf-87d9-f82d7ecc3f18,5be3c7f1-b683-4d45-fc7a-135bddf23d30,6,2026-05-14,833333.35,100000.0,933333.35
42735db6-60af-4978-7b38-04ed32bdccc0,6de23a07-d6f2-19d3-d13a-d3736b0fc4e8,1,2025-05-14,500000.0,30000.0,530000.0
8499faa7-87a4-5484-b593-20848442b964,6de23a07-d6f2-19d3-d13a-d3736b0fc4e8,2,2025-06-14,500000.0,30000.0,530000.0
671613dc-8915-c6ee-dbbf-00f3799e94a0,6de23a07-d6f2-19d3-d13a-d3736b0fc4e8,3,2025-07-14,500000.0,30000.0,530000.0
0e2bfce5-c372-f906-414c-27505c966ec2,c2541af1-3fbe-80ff-884b-46fbe48359c5,1,2026-07-19,5000000.0,450000.0,5450000.0
2590f71b-2114-a3d7-6fa7-d34ef094305f,fbf74d81-ab2d-fb69-278d-8300c9eccb8c,1,2025-12-19,500000.0,12500.0,512500.0
bd5788d9-0b2a-cf70-fedc-b31f2218d7dd,d9a52f31-21fb-de4e-ae2a-7017c33dc887,1,2026-06-09,1000000.0,15000.0,1015000.0
81fe7cbd-b65e-17be-79c8-1626a4e0e548,2a77b0e6-e63d-25bb-9d78-f379b4d62abd,1,2025-10-21,1000000.0,35000.0,1035000.0
f3dc0cc4-4227-00f4-fe74-f8fc73438992,f199bca1-d899-9948-b0e0-a13e3028cfb2,1,2026-07-21,333333.33,70000.0,403333.33
dd383dca-cb61-3f9c-b1ad-dbdd7f34bc17,f199bca1-d899-9948-b0e0-a13e3028cfb2,2,2026-08-21,333333.33,70000.0,403333.33
f1e4822b-90e5-42dd-3bf9-d9e54898d965,f199bca1-d899-9948-b0e0-a13e3028cfb2,3,2026-09-21,333333.33,70000.0,403333.33
dc500344-0952-9185-50c4-bb47891e93ee,f199bca1-d899-9948-b0e0-a13e3028cfb2,4,2026-10-21,333333.33,70000.0,403333.33
03f9ad5c-a55a-b8b6-3ee3-c5e755da21dd,f199bca1-d899-9948-b0e0-a13e3028cfb2,5,2026-11-21,333333.33,70000.0,403333.33
12a65174-43c9-d2ed-a3d4-579a82850668,f199bca1-d899-9948-b0e0-a13e3028cfb2,6,2026-12-21,333333.35,70000.0,403333.35
1c937030-8bf8-1d35-31e1-9a14657cb027,b087bca0-a62e-dd24-f5be-eddc1a43723e,1,2025-08-05,1000000.0,20000.0,1020000.0
d8d4e97d-dd7c-5eab-d29c-8051779cfe32,6277220e-ab2d-85db-3f92-aa523e48451e,1,2026-08-22,1000000.0,30000.0,1030000.0
d8d941c8-c5dc-7c61-ed5c-38985d4f11ec,c6650bff-36ed-32af-9980-4a809e4b955f,1,2025-12-24,20000000.0,1500000.0,21500000.0
6c12110c-84a2-9b70-3c92-28d4cf5614d2,e0b08a09-b078-e12a-9dba-f01104690d7a,1,2025-02-21,833333.33,37500.0,870833.33
04ced837-6de8-0ca3-f4d8-042c9a89bb9f,e0b08a09-b078-e12a-9dba-f01104690d7a,2,2025-03-21,833333.33,37500.0,870833.33
7bb3fafa-c2bb-ea73-cb5f-dd07ced8e1f9,e0b08a09-b078-e12a-9dba-f01104690d7a,3,2025-04-21,833333.34,37500.0,870833.34
0881b084-65d2-49b1-49bc-db2dcb1280c4,67786098-c2af-6e0b-b5f5-c5a31e355d62,1,2025-11-30,900000.0,81000.0,981000.0
f414124b-8556-d7aa-97de-4b3951d44948,4b34af89-c4a3-1a56-4141-10fcf238c606,1,2025-08-14,8333333.33,1000000.0,9333333.33
41304dac-10bf-a958-b347-cd81c23e45aa,4b34af89-c4a3-1a56-4141-10fcf238c606,2,2025-09-14,8333333.33,1000000.0,9333333.33
29d882d6-4d55-c3b4-8a58-447b7ae3e7dd,4b34af89-c4a3-1a56-4141-10fcf238c606,3,2025-10-14,8333333.33,1000000.0,9333333.33
5c861f02-40d5-8a2e-ba6f-5c910b16e78c,4b34af89-c4a3-1a56-4141-10fcf238c606,4,2025-11-14,8333333.33,1000000.0,9333333.33
c260a8cf-58df-f25b-8ca2-d8b35b9c8b8c,4b34af89-c4a3-1a56-4141-10fcf238c606,5,2025-12-14,8333333.33,1000000.0,9333333.33
07ab016d-10fa-8d5c-765f-d0313b045a78,4b34af89-c4a3-1a56-4141-10fcf238c606,6,2026-01-14,8333333.35,1000000.0,9333333.35
518915c2-40a5-6347-4372-bc7a057fc460,0b1653af-8ea1-b03c-9bdf-a5d2b5eb875f,1,2026-03-13,1350000.0,40500.0,1390500.0
15307ffd-16a6-c9b0-37b5-939aabd4249a,e02f2589-097e-bfe2-7e55-a4f5cc0d3dfb,1,2025-03-01,8333333.33,500000.0,8833333.33
c82e22b4-26ae-b29f-1c4d-d3bae167c97f,e02f2589-097e-bfe2-7e55-a4f5cc0d3dfb,2,2025-04-01,8333333.33,500000.0,8833333.33
6a44da09-a1e9-5772-b00d-7fab187887a8,e02f2589-097e-bfe2-7e55-a4f5cc0d3dfb,3,2025-05-01,8333333.34,500000.0,8833333.34
07643945-d52c-67d0-1b13-2324e00c1fdc,b9fbe814-a996-877f-e9ff-30e3262b1220,1,2025-10-05,833333.33,100000.0,933333.33
938074bb-fc09-ea82-3bc9-819fbe2f8381,b9fbe814-a996-877f-e9ff-30e3262b1220,2,2025-11-05,833333.33,100000.0,933333.33
b0e69061-808d-7f06-0749-653007414042,b9fbe814-a996-877f-e9ff-30e3262b1220,3,2025-12-05,833333.33,100000.0,933333.33
950591af-39e3-0bb3-8cbb-c811a85bef73,b9fbe814-a996-877f-e9ff-30e3262b1220,4,2026-01-05,833333.33,100000.0,933333.33
4d4c7e20-4072-133d-9f44-8e85240a1392,b9fbe814-a996-877f-e9ff-30e3262b1220,5,2026-02-05,833333.33,100000.0,933333.33
5e1f7d2e-80dd-0fd5-cc4a-e5d5acad9d21,b9fbe814-a996-877f-e9ff-30e3262b1220,6,2026-03-05,833333.35,100000.0,933333.35
c87a09c1-ecd1-20fe-35c4-0602086886a6,9a0b175f-a7d8-951b-ad3b-4b7fb108cc6a,1,2025-07-14,1666666.67,150000.0,1816666.67
e2bfffdb-647b-067a-edb8-56217c41acde,9a0b175f-a7d8-951b-ad3b-4b7fb108cc6a,2,2025-08-14,1666666.67,150000.0,1816666.67
164e6033-f201-1158-e2c6-53665a7729d8,9a0b175f-a7d8-951b-ad3b-4b7fb108cc6a,3,2025-09-14,1666666.66,150000.0,1816666.66
f310fc8f-1bd7-ac8a-5400-b047f6595fc8,9defb589-565a-90d6-0f15-492300c9d799,1,2025-02-28,1333333.33,240000.0,1573333.33
1fba35fc-6c1d-dc24-5a7f-5f0400cb49c2,9defb589-565a-90d6-0f15-492300c9d799,2,2025-03-28,1333333.33,240000.0,1573333.33
dd0841b6-957d-52a2-fded-55632a268a3f,9defb589-565a-90d6-0f15-492300c9d799,3,2025-04-28,1333333.33,240000.0,1573333.33
3d63cc87-665c-2e45-dd29-d75bc278c4ac,9defb589-565a-90d6-0f15-492300c9d799,4,2025-05-28,1333333.33,240000.0,1573333.33
acb3f414-d9fe-f202-beac-e6c808b82882,9defb589-565a-90d6-0f15-492300c9d799,5,2025-06-28,1333333.33,240000.0,1573333.33
cc3010f3-a810-8480-907a-73f944d8c072,9defb589-565a-90d6-0f15-492300c9d799,6,2025-07-28,1333333.35,240000.0,1573333.35
3b55a12f-41c4-1f61-99e1-ad0016d8714f,839b3710-b73c-f827-c08c-ae71dea950a8,1,2026-04-13,1500000.0,30000.0,1530000.0
c0fa2d67-0e7c-0076-3ee4-75a609c480ed,15ca2e58-7ed1-8890-5bcf-4ed0bd23a6d0,1,2027-03-27,25000000.0,7500000.0,32500000.0
dc17128a-e104-c237-2772-81eb5c4ca313,64cc27dd-3062-aa8d-52be-bb73ac871493,1,2026-10-31,4000000.0,300000.0,4300000.0
88b327bb-4402-6006-e0fa-4edc1c85d08a,20fd30b3-5bd4-3495-b2fa-7c5670f5d912,1,2026-07-18,40000000.0,9600000.0,49600000.0
1dc4458f-97d7-3949-51ef-15ba84fc0db5,69ad557b-b208-631b-8775-2e5c4322ab0d,1,2026-01-07,750000.0,11250.0,761250.0
aa9fce65-698f-ac49-816d-3d6be11bc34c,aa62105c-b25b-b824-8f73-2e835e662964,1,2026-08-24,1000000.0,35000.0,1035000.0
50983318-4571-e4ad-062a-6d264e01da03,d40bbfa0-5f90-44bd-35eb-f15a69b2dac0,1,2026-06-19,150000.0,13500.0,163500.0
822bc739-669c-3851-6501-d76a60a0b224,d40bbfa0-5f90-44bd-35eb-f15a69b2dac0,2,2026-07-19,150000.0,13500.0,163500.0
ac99c5c5-c0f7-977e-a0b3-d0d064c18460,d40bbfa0-5f90-44bd-35eb-f15a69b2dac0,3,2026-08-19,150000.0,13500.0,163500.0
18291cb9-c182-bc32-dc77-bfd1e90b047d,d40bbfa0-5f90-44bd-35eb-f15a69b2dac0,4,2026-09-19,150000.0,13500.0,163500.0
8c7b68ab-2fb7-488d-975b-396f38a0099d,d40bbfa0-5f90-44bd-35eb-f15a69b2dac0,5,2026-10-19,150000.0,13500.0,163500.0
9e525fa6-618b-ebc7-fa19-6b54190f5bc1,d40bbfa0-5f90-44bd-35eb-f15a69b2dac0,6,2026-11-19,150000.0,13500.0,163500.0
1b9cc0be-e2ec-9de9-c0a9-b3fed0bc28f7,af740f99-4f1b-aa04-731e-d3bd61854119,1,2026-04-09,3333333.33,300000.0,3633333.33
73eec058-f094-420f-2cda-173ddc50270a,af740f99-4f1b-aa04-731e-d3bd61854119,2,2026-05-09,3333333.33,300000.0,3633333.33
3feb096e-4a49-cfb1-3aaf-168b48828108,af740f99-4f1b-aa04-731e-d3bd61854119,3,2026-06-09,3333333.34,300000.0,3633333.34
cb4fbc88-e40b-6cf2-cf7e-189c8859eb05,120c3980-761f-3107-d254-a2503174e3ac,1,2025-10-04,2000000.0,40000.0,2040000.0
47a21d67-a6ee-ff6b-76bc-d4e3857a2b9b,c7cc6794-85aa-7f63-19aa-8a5667086221,1,2025-04-30,1250000.0,31250.0,1281250.0
b0546f6b-9106-8355-9c22-b5e24745185d,94e36914-3f19-2786-682c-abce3cf4b5dc,1,2026-01-11,500000.0,12500.0,512500.0
73c345fd-542b-e18f-9494-b5a77d67f299,d571ce33-2d3a-9cc8-f424-750d06edd51b,1,2025-09-12,5000000.0,175000.0,5175000.0
836c58e9-c32e-5b3f-0266-09819b5780b8,5a9f1804-f0e0-571b-b67d-579b9ba70198,1,2026-07-01,1500000.0,225000.0,1725000.0
847aa068-5838-1311-2fa6-2295ea892c71,8d60f5e6-537e-0e10-1c7b-14d6bce232c6,1,2025-08-19,833333.33,125000.0,958333.33
163b380d-08a5-f623-b2fe-836cf56749d1,8d60f5e6-537e-0e10-1c7b-14d6bce232c6,2,2025-09-19,833333.33,125000.0,958333.33
929a1bdc-7517-27be-f911-330048baae49,8d60f5e6-537e-0e10-1c7b-14d6bce232c6,3,2025-10-19,833333.33,125000.0,958333.33
fe08db4b-1b18-89a4-1370-70047c4dfed3,8d60f5e6-537e-0e10-1c7b-14d6bce232c6,4,2025-11-19,833333.33,125000.0,958333.33
b3ba10a8-c45a-de7b-e47f-0dc151108f50,8d60f5e6-537e-0e10-1c7b-14d6bce232c6,5,2025-12-19,833333.33,125000.0,958333.33
c4210b33-2a3a-1920-cf4e-a6b9abeebedf,8d60f5e6-537e-0e10-1c7b-14d6bce232c6,6,2026-01-19,833333.35,125000.0,958333.35
82b125b0-f414-becd-56f4-c6282dc07b21,d7912396-30ed-8fa0-5c84-08eabc951dcf,1,2025-09-13,500000.0,7500.0,507500.0
09de829f-5f49-17a0-be50-b71ec19cb23f,b83e6241-2645-b07e-a589-6a4697d1285c,1,2025-05-29,2000000.0,70000.0,2070000.0
fa022c9f-4051-72a6-a9dd-fabf98c98597,81fd973a-ecaf-1e9c-ba4a-6904c4ec4baf,1,2025-07-21,1000000.0,15000.0,1015000.0
06e7c9d5-53fc-917e-df59-61ae200cb5ef,73e7c066-6fbc-b0e6-59ef-9dcb9fa369dd,1,2026-06-02,333333.33,30000.0,363333.33
5df0dfcb-c5d1-6906-7c1e-0de160770684,73e7c066-6fbc-b0e6-59ef-9dcb9fa369dd,2,2026-07-02,333333.33,30000.0,363333.33
e855c63b-54b0-793b-7af0-59da642cd1c1,73e7c066-6fbc-b0e6-59ef-9dcb9fa369dd,3,2026-08-02,333333.34,30000.0,363333.34
33d22e3f-c43a-0c61-c00c-62e262d0fa77,3f298f91-1664-ac49-5059-b66f15199fa4,1,2027-03-01,30000000.0,10800000.0,40800000.0
8d4e43d7-79a1-ff39-a16e-d1bdafe1b2be,7ff467ea-61d5-f3fb-cca3-d9a26e351297,1,2025-02-21,500000.0,10000.0,510000.0
558c1358-0046-6363-898e-b0e3e384d6e3,ff7d6af0-6cdf-56b9-84c5-edc57f3822aa,1,2026-08-11,1500000.0,30000.0,1530000.0
bd481814-3afa-1664-4055-5a689b59b4b1,ee6f6fb1-06cc-4e20-cdbe-f577376fb871,1,2025-04-22,2000000.0,30000.0,2030000.0
9f29a492-1f3c-5d13-49bf-bab896f0fd58,ad0e690c-4cd1-42af-2e49-e5fa2f7d255b,1,2026-08-15,8333333.33,500000.0,8833333.33
b9fdc37a-36f1-6bb8-1cc4-8f832603a784,ad0e690c-4cd1-42af-2e49-e5fa2f7d255b,2,2026-09-15,8333333.33,500000.0,8833333.33
6815eefb-e535-110f-39b7-db9100d9ac70,ad0e690c-4cd1-42af-2e49-e5fa2f7d255b,3,2026-10-15,8333333.34,500000.0,8833333.34
48185007-b782-9553-31dc-8818555da579,0af16c01-d16d-6624-8e25-c66d01c766e2,1,2026-06-14,4166666.67,625000.0,4791666.67
6a17f508-012f-40cb-5a9f-7cbbfe28294f,0af16c01-d16d-6624-8e25-c66d01c766e2,2,2026-07-14,4166666.67,625000.0,4791666.67
56121f6a-c52f-9c06-728f-cb8598b61934,0af16c01-d16d-6624-8e25-c66d01c766e2,3,2026-08-14,4166666.67,625000.0,4791666.67
5a11b1ec-1411-e5ac-5fe9-a0915a0e03e6,0af16c01-d16d-6624-8e25-c66d01c766e2,4,2026-09-14,4166666.67,625000.0,4791666.67
ba1fe37e-8455-cb7e-18a8-330db575d1d3,0af16c01-d16d-6624-8e25-c66d01c766e2,5,2026-10-14,4166666.67,625000.0,4791666.67
2da7dd36-29ed-7b9f-c9b2-d489227df4d3,0af16c01-d16d-6624-8e25-c66d01c766e2,6,2026-11-14,4166666.65,625000.0,4791666.65
07bf9646-7da2-4f40-a7d6-235cfbc1955c,e16f873e-9d1a-4d66-bc0f-02b4b26ebec6,1,2026-04-22,16666666.67,1250000.0,17916666.67
f097d675-f40c-1b6d-7925-680401114b7b,e16f873e-9d1a-4d66-bc0f-02b4b26ebec6,2,2026-05-22,16666666.67,1250000.0,17916666.67
103db68e-6195-7a07-3e05-81210a14d040,e16f873e-9d1a-4d66-bc0f-02b4b26ebec6,3,2026-06-22,16666666.66,1250000.0,17916666.66
4aaa0232-b9bb-c93d-928d-8b16b066c794,1a32f9ec-90ad-0b9f-25ab-15ff2e94d9ff,1,2025-11-02,6250000.0,750000.0,7000000.0
b1c2051e-e07e-6f18-43e9-d7b3641cd3c4,1a32f9ec-90ad-0b9f-25ab-15ff2e94d9ff,2,2025-12-02,6250000.0,750000.0,7000000.0
b6973f4d-fc7f-2ffb-88d5-541713de8289,1a32f9ec-90ad-0b9f-25ab-15ff2e94d9ff,3,2026-01-02,6250000.0,750000.0,7000000.0
a5fcf261-480a-fe1b-2882-8937da465877,1a32f9ec-90ad-0b9f-25ab-15ff2e94d9ff,4,2026-02-02,6250000.0,750000.0,7000000.0
0305119e-59d7-1e5e-89b9-29a0e84e4d80,1a32f9ec-90ad-0b9f-25ab-15ff2e94d9ff,5,2026-03-02,6250000.0,750000.0,7000000.0
5d1c5d5c-9455-a817-a886-b78b6a9566c1,1a32f9ec-90ad-0b9f-25ab-15ff2e94d9ff,6,2026-04-02,6250000.0,750000.0,7000000.0
0188ff00-20c0-0031-fd3d-01a240161900,1631fe3b-19b9-d643-5441-29e076b5c223,1,2026-04-11,500000.0,10000.0,510000.0
74da0632-e74f-1d26-da94-9d134f51003d,df1ab5c4-e510-8858-a9f4-f8eee5cba3d6,1,2025-04-05,500000.0,15000.0,515000.0
3b3ee982-6864-aada-ccf7-0c5a55725351,39932035-b6f0-cebb-e3c2-f941f785fa4a,1,2026-04-11,1125000.0,33750.0,1158750.0
a3f4ff35-1338-84a6-e223-3683fe14befd,b2671073-1d15-684b-f04b-a9acb176026b,1,2025-06-10,4166666.67,1000000.0,5166666.67
2defb070-b1d3-5a6a-c7c2-6202358747d7,b2671073-1d15-684b-f04b-a9acb176026b,2,2025-07-10,4166666.67,1000000.0,5166666.67
4b9afc52-3154-73bb-762b-eb6bf836c45b,b2671073-1d15-684b-f04b-a9acb176026b,3,2025-08-10,4166666.67,1000000.0,5166666.67
19f26441-59a2-9ed4-ba3d-2bb2c3770e99,b2671073-1d15-684b-f04b-a9acb176026b,4,2025-09-10,4166666.67,1000000.0,5166666.67
1688f3f0-13e3-10d0-2fd5-6b7f3bde996e,b2671073-1d15-684b-f04b-a9acb176026b,5,2025-10-10,4166666.67,1000000.0,5166666.67
eb7f4d37-9f29-c774-9075-795ac41e1acd,b2671073-1d15-684b-f04b-a9acb176026b,6,2025-11-10,4166666.67,1000000.0,5166666.67
2395633a-2250-1f7d-7cde-277f58059d18,b2671073-1d15-684b-f04b-a9acb176026b,7,2025-12-10,4166666.67,1000000.0,5166666.67
70872ed5-b9e2-4b0f-3b72-ec3324f34d07,b2671073-1d15-684b-f04b-a9acb176026b,8,2026-01-10,4166666.67,1000000.0,5166666.67
35b930f3-29c1-9f32-d9b7-c5084fec4046,b2671073-1d15-684b-f04b-a9acb176026b,9,2026-02-10,4166666.67,1000000.0,5166666.67
fdafd51b-e812-e6c4-4d72-a88729174df8,b2671073-1d15-684b-f04b-a9acb176026b,10,2026-03-10,4166666.67,1000000.0,5166666.67
af4da279-4cf1-cf1b-99ca-6a7afce0e6e3,b2671073-1d15-684b-f04b-a9acb176026b,11,2026-04-10,4166666.67,1000000.0,5166666.67
7bdb242d-e652-0c74-2fe1-543a12778c63,b2671073-1d15-684b-f04b-a9acb176026b,12,2026-05-10,4166666.63,1000000.0,5166666.63
cff91fb6-d514-0b1f-8776-3fb02a2e2486,d6265839-1ee1-4cfe-0994-44606ed0489c,1,2026-05-19,833333.33,125000.0,958333.33
f06dd181-6e8c-475d-256b-6952fa2e6eb1,d6265839-1ee1-4cfe-0994-44606ed0489c,2,2026-06-19,833333.33,125000.0,958333.33
d63422d1-d429-26b0-e662-fef76002431d,d6265839-1ee1-4cfe-0994-44606ed0489c,3,2026-07-19,833333.33,125000.0,958333.33
ee3016fd-d7dd-7b4e-07e7-bb1bad45a429,d6265839-1ee1-4cfe-0994-44606ed0489c,4,2026-08-19,833333.33,125000.0,958333.33
61065aef-6c3f-42d8-05b9-056375fb739f,d6265839-1ee1-4cfe-0994-44606ed0489c,5,2026-09-19,833333.33,125000.0,958333.33
1e34f757-1138-59c0-c0d4-ff097781bda0,d6265839-1ee1-4cfe-0994-44606ed0489c,6,2026-10-19,833333.35,125000.0,958333.35
4895d968-8e7a-4021-6001-a3c348432e71,6369210e-71aa-78a3-e92e-56e266146ce3,1,2025-05-02,3333333.33,150000.0,3483333.33
29ee284c-a4bb-002d-dbdb-8c4f2fde6388,6369210e-71aa-78a3-e92e-56e266146ce3,2,2025-06-02,3333333.33,150000.0,3483333.33
203d233c-c943-90bb-ab88-7c6016f5c7e2,6369210e-71aa-78a3-e92e-56e266146ce3,3,2025-07-02,3333333.34,150000.0,3483333.34
fa846150-d2c5-a515-517d-fcfa8ca834b8,6c52822b-6e07-cd2b-938c-ff72e514dd60,1,2026-07-11,1500000.0,37500.0,1537500.0
fee0e6e7-294a-37e3-97d2-c891e265004e,1a9bdba0-ffe1-4332-a355-6507622297f6,1,2026-01-01,250000.0,6250.0,256250.0
8c0bd4a5-8414-c110-63fd-65a763b568f8,e9813c5f-88dd-f469-71f1-a2f236db46f9,1,2027-01-25,10000000.0,900000.0,10900000.0
d6481943-47f1-19cd-6f11-b38ec9c50e06,515d1786-b816-9654-428c-76ff3e53da88,1,2025-08-31,2000000.0,60000.0,2060000.0
0a50ca46-dd90-e109-3a54-b019902a7037,ce25ec41-8261-e63e-b35b-ff5322502223,1,2025-04-11,416666.67,50000.0,466666.67
ce0c4116-db57-8652-95e4-2b633ab95481,ce25ec41-8261-e63e-b35b-ff5322502223,2,2025-05-11,416666.67,50000.0,466666.67
3cc75c6f-5e41-5a72-a334-73fddea4f732,ce25ec41-8261-e63e-b35b-ff5322502223,3,2025-06-11,416666.67,50000.0,466666.67
137df43f-eef7-13b8-9eff-3ed05b5de14f,ce25ec41-8261-e63e-b35b-ff5322502223,4,2025-07-11,416666.67,50000.0,466666.67
7dfdc763-ae9c-5743-751e-92af8662d75e,ce25ec41-8261-e63e-b35b-ff5322502223,5,2025-08-11,416666.67,50000.0,466666.67
abac0137-aa40-220f-d503-873547fce114,ce25ec41-8261-e63e-b35b-ff5322502223,6,2025-09-11,416666.65,50000.0,466666.65
d2c28c9f-37df-4da1-72d0-7a3c18158328,bd9a677f-7d5a-189f-83fb-60097197baf2,1,2026-03-24,333333.33,20000.0,353333.33
3ea0626d-d5c2-1a24-c075-834f0021e350,bd9a677f-7d5a-189f-83fb-60097197baf2,2,2026-04-24,333333.33,20000.0,353333.33
1a4f8956-da59-73f0-7090-6d6955c1ee73,bd9a677f-7d5a-189f-83fb-60097197baf2,3,2026-05-24,333333.34,20000.0,353333.34
fb71d664-6aec-782e-a584-c09e2321ee06,5795f4cc-a98d-a42f-e19e-bbfa2381d776,1,2026-04-22,833333.33,100000.0,933333.33
e2204657-8751-5721-4606-64b25c6cfcac,5795f4cc-a98d-a42f-e19e-bbfa2381d776,2,2026-05-22,833333.33,100000.0,933333.33
f20f5f79-e0c8-b589-b948-f6f4a4024ed4,5795f4cc-a98d-a42f-e19e-bbfa2381d776,3,2026-06-22,833333.33,100000.0,933333.33
fb037fff-bcf9-6150-b99a-966dbbb2f6b6,5795f4cc-a98d-a42f-e19e-bbfa2381d776,4,2026-07-22,833333.33,100000.0,933333.33
fe260027-95a0-d484-cb48-1b6c91cef46d,5795f4cc-a98d-a42f-e19e-bbfa2381d776,5,2026-08-22,833333.33,100000.0,933333.33
ef5c7256-04b2-c8bf-3f84-59c170dde663,5795f4cc-a98d-a42f-e19e-bbfa2381d776,6,2026-09-22,833333.35,100000.0,933333.35
1f8b7b30-6913-0841-59a2-61b1b1785f80,ad755c73-6d06-139c-526c-0206330caeb6,1,2026-03-09,50000000.0,6000000.0,56000000.0
2d562c65-a749-3f52-8546-0d5ceb40b748,2bb9f1ee-7b3d-a428-73d2-eaf642b6016c,1,2025-04-07,2083333.33,750000.0,2833333.33
4f97294f-97b9-0617-2509-29cb5a767d10,2bb9f1ee-7b3d-a428-73d2-eaf642b6016c,2,2025-05-07,2083333.33,750000.0,2833333.33
815c6a6a-29f7-31e3-0737-7958bf0f37c7,2bb9f1ee-7b3d-a428-73d2-eaf642b6016c,3,2025-06-07,2083333.33,750000.0,2833333.33
caded947-c713-ba78-9311-a9f9f521429d,2bb9f1ee-7b3d-a428-73d2-eaf642b6016c,4,2025-07-07,2083333.33,750000.0,2833333.33
1e8c5a0c-3041-dd44-6a57-d5353e6b7a98,2bb9f1ee-7b3d-a428-73d2-eaf642b6016c,5,2025-08-07,2083333.33,750000.0,2833333.33
d40ef8e0-af3b-29af-ad9a-25d26cad2165,2bb9f1ee-7b3d-a428-73d2-eaf642b6016c,6,2025-09-07,2083333.33,750000.0,2833333.33
3d430066-933d-aeb2-8294-201108358d54,2bb9f1ee-7b3d-a428-73d2-eaf642b6016c,7,2025-10-07,2083333.33,750000.0,2833333.33
6b678e41-3dfe-a428-0084-0fe388c2ffdc,2bb9f1ee-7b3d-a428-73d2-eaf642b6016c,8,2025-11-07,2083333.33,750000.0,2833333.33
11c9030f-b02b-6637-dd7b-88e3428ecf98,2bb9f1ee-7b3d-a428-73d2-eaf642b6016c,9,2025-12-07,2083333.33,750000.0,2833333.33
00300346-b13b-50be-9520-b48040157ef8,2bb9f1ee-7b3d-a428-73d2-eaf642b6016c,10,2026-01-07,2083333.33,750000.0,2833333.33
ec3e5ca5-992d-9a0a-8e99-7f50f50e3fd0,2bb9f1ee-7b3d-a428-73d2-eaf642b6016c,11,2026-02-07,2083333.33,750000.0,2833333.33
a9c1fb53-bf4e-c5d2-6628-19ea2a741483,2bb9f1ee-7b3d-a428-73d2-eaf642b6016c,12,2026-03-07,2083333.37,750000.0,2833333.37
87d3f505-36a1-7b56-330a-593e83f98a14,70944982-b479-2c47-fb5f-b74823761d96,1,2025-08-25,750000.0,22500.0,772500.0
4c90d00f-cffa-abbe-8e5d-19793314c759,2010194f-6681-7fee-6dc5-cb3c482a8584,1,2026-02-22,833333.33,62500.0,895833.33
e25624f8-4144-f4f4-e67f-1edaa248a428,2010194f-6681-7fee-6dc5-cb3c482a8584,2,2026-03-22,833333.33,62500.0,895833.33
b08acac3-11b9-582d-fbac-2df8649161cb,2010194f-6681-7fee-6dc5-cb3c482a8584,3,2026-04-22,833333.34,62500.0,895833.34
21a76379-0128-de68-3dae-f19d5b83226f,53bc771c-5c61-4397-387a-fa87dc8f07f5,1,2026-08-13,500000.0,60000.0,560000.0
cd094381-a9b2-d8e3-5385-0eb1f790b552,53bc771c-5c61-4397-387a-fa87dc8f07f5,2,2026-09-13,500000.0,60000.0,560000.0
2014cc67-f885-d5d8-77cc-d7fcd4737daa,53bc771c-5c61-4397-387a-fa87dc8f07f5,3,2026-10-13,500000.0,60000.0,560000.0
f59449de-ef1f-2ade-6af8-7ba1dabfd77d,53bc771c-5c61-4397-387a-fa87dc8f07f5,4,2026-11-13,500000.0,60000.0,560000.0
2216e0ba-f515-5ed7-7af8-e1897754329b,53bc771c-5c61-4397-387a-fa87dc8f07f5,5,2026-12-13,500000.0,60000.0,560000.0
e7f6958b-6e92-028d-38eb-4bf76b1fb02e,53bc771c-5c61-4397-387a-fa87dc8f07f5,6,2027-01-13,500000.0,60000.0,560000.0
36d4d7d6-ac33-8eb7-c2b4-d67ffe4f118c,2a8dbf33-d153-bd07-c2d4-c37ef67effd9,1,2025-11-21,750000.0,11250.0,761250.0
2e999592-db5a-ad6b-e92a-a1422e68ed5d,c114b8a3-8af8-7744-652a-de8ccfac1d66,1,2025-02-25,16666666.67,1250000.0,17916666.67
997a0e0c-f0dc-dc15-6871-852b5feefd01,c114b8a3-8af8-7744-652a-de8ccfac1d66,2,2025-03-25,16666666.67,1250000.0,17916666.67
170a6214-47df-1209-b1a1-3dde7cc40c74,c114b8a3-8af8-7744-652a-de8ccfac1d66,3,2025-04-25,16666666.66,1250000.0,17916666.66
b28a8653-04d1-c18f-32c3-efa800df4f58,10205318-f11e-232c-14a8-721832816c55,1,2025-12-02,4166666.67,1000000.0,5166666.67
b9052cad-163a-d2bc-9af4-a1ac5a275457,10205318-f11e-232c-14a8-721832816c55,2,2026-01-02,4166666.67,1000000.0,5166666.67
28c479da-5dc2-7846-aead-d27291f0d10b,10205318-f11e-232c-14a8-721832816c55,3,2026-02-02,4166666.67,1000000.0,5166666.67
3b840bac-ff02-50f5-0691-0714c15ecad4,10205318-f11e-232c-14a8-721832816c55,4,2026-03-02,4166666.67,1000000.0,5166666.67
db2c0490-8ffe-58fe-0876-1f962247dcb3,10205318-f11e-232c-14a8-721832816c55,5,2026-04-02,4166666.67,1000000.0,5166666.67
abd3d0ac-d022-4ba7-ae0e-788a5c0ea400,10205318-f11e-232c-14a8-721832816c55,6,2026-05-02,4166666.67,1000000.0,5166666.67
8b559554-c667-def2-2736-4466102575fb,10205318-f11e-232c-14a8-721832816c55,7,2026-06-02,4166666.67,1000000.0,5166666.67
c429292a-da9f-f7df-0c18-479cb22a1e4d,10205318-f11e-232c-14a8-721832816c55,8,2026-07-02,4166666.67,1000000.0,5166666.67
6075d8af-ec51-50ca-1820-ee933f7bda93,10205318-f11e-232c-14a8-721832816c55,9,2026-08-02,4166666.67,1000000.0,5166666.67
d55f1b3e-88fd-7781-7dbe-1a4358fda8a3,10205318-f11e-232c-14a8-721832816c55,10,2026-09-02,4166666.67,1000000.0,5166666.67
fe2bc79f-dfc2-7803-ef6c-98d78852d974,10205318-f11e-232c-14a8-721832816c55,11,2026-10-02,4166666.67,1000000.0,5166666.67
3af10ed1-9af9-2703-7f84-743ce0cf031d,10205318-f11e-232c-14a8-721832816c55,12,2026-11-02,4166666.63,1000000.0,5166666.63
ff7926d0-c8d9-e0fa-457b-fbb83525299a,8726f20a-9bc6-b456-f05b-7a7c9c256ec2,1,2026-04-26,833333.33,75000.0,908333.33
2497adf1-1f28-7c44-766b-aee6882a362e,8726f20a-9bc6-b456-f05b-7a7c9c256ec2,2,2026-05-26,833333.33,75000.0,908333.33
6b3d7458-e54e-d068-76c5-928f34122b4d,8726f20a-9bc6-b456-f05b-7a7c9c256ec2,3,2026-06-26,833333.34,75000.0,908333.34
ea54bf43-8c57-39a8-0662-b1eb470bd818,d782e35e-e8f8-7012-987a-6200725c7d73,1,2025-08-21,8333333.33,500000.0,8833333.33
9348f4ab-e47d-fd2d-a025-036fc267c0f0,d782e35e-e8f8-7012-987a-6200725c7d73,2,2025-09-21,8333333.33,500000.0,8833333.33
6787e677-52a3-02f5-1649-fec57dd0e516,d782e35e-e8f8-7012-987a-6200725c7d73,3,2025-10-21,8333333.34,500000.0,8833333.34
c9135a05-4161-9cbb-e7fe-9a38816c34b2,0d6af446-e15c-7c1b-38bf-92397aa60f30,1,2026-01-17,5000000.0,125000.0,5125000.0
a91b4d45-17f6-6fe9-44ea-f816bae89bbd,04c94284-b256-3733-11c9-54b56ee25eca,1,2026-05-02,2500000.0,87500.0,2587500.0
5b50f47d-d62e-b81d-198e-b87912b92f1e,9913f633-10f5-3534-78e8-7019d3e6947d,1,2025-10-20,900000.0,22500.0,922500.0
b02b3d28-d5c1-22d7-eef3-0a269cede8bd,4831fc45-0506-802c-2fcf-9f1a85705ec0,1,2025-11-03,50000000.0,2250000.0,52250000.0
a98b2645-3bb8-f08b-b9dc-8fc47bc5dc20,2ccbc56d-6937-e097-37aa-94daa13ca63e,1,2026-02-19,1250000.0,93750.0,1343750.0
6f03c94e-6d78-36d7-9db2-92183a57710e,2ccbc56d-6937-e097-37aa-94daa13ca63e,2,2026-03-19,1250000.0,93750.0,1343750.0
64997122-4536-6c9c-dc15-f3ee3ad1e5b2,2ccbc56d-6937-e097-37aa-94daa13ca63e,3,2026-04-19,1250000.0,93750.0,1343750.0
05cd0c31-3e2a-0ae9-cd24-89b681f95752,3777348d-2cd8-4b28-9471-34d560847dfa,1,2026-04-03,1000000.0,20000.0,1020000.0
6f582b5f-8109-23a3-05ac-f3d28872cc26,e2e596e1-d343-137a-7909-f60d5091f248,1,2026-09-28,25000000.0,6000000.0,31000000.0
c44fa08b-e790-09aa-0614-e82d79943b54,f20ab944-3bc9-3dd8-3927-7c3ce2645cfc,1,2026-07-06,10000000.0,200000.0,10200000.0
ec05dc48-70a9-144a-2943-defa15d994a7,5a145472-ba26-6383-510a-7470a1d38000,1,2025-03-18,375000.0,13125.0,388125.0
55e955c8-ae9f-67fa-1997-c6f3b20a4c36,97fa13f2-3e5f-3d3a-93e6-7289fbc8cde9,1,2026-03-03,500000.0,15000.0,515000.0
351e43ba-71be-75ce-5570-82c1b2e56c39,ed5271f2-68a2-e324-6be6-07d802f858ae,1,2026-01-18,3333333.33,200000.0,3533333.33
f9f7e045-e5ca-1b46-8aa7-a0d7cf52be35,ed5271f2-68a2-e324-6be6-07d802f858ae,2,2026-02-18,3333333.33,200000.0,3533333.33
7916c257-05f5-7618-ecb6-474e75c56faa,ed5271f2-68a2-e324-6be6-07d802f858ae,3,2026-03-18,3333333.34,200000.0,3533333.34
22454059-ef51-1324-a8b7-27462b68cc8d,2580db51-074d-8b16-0d07-976b3bb016f5,1,2026-02-19,3333333.33,350000.0,3683333.33
f94c6a5d-1a43-743c-3d1a-4646fd7ff01f,2580db51-074d-8b16-0d07-976b3bb016f5,2,2026-03-19,3333333.33,350000.0,3683333.33
63419d6d-fc50-cd39-e827-c81153129411,2580db51-074d-8b16-0d07-976b3bb016f5,3,2026-04-19,3333333.34,350000.0,3683333.34
aec77158-e7d9-26c0-c5e9-4ba40a0b10e2,7a9d5646-6cc0-7f06-5672-60255a8ece33,1,2026-08-01,250000.0,22500.0,272500.0
cad2a4e4-bd19-2da5-ce90-385760eab92a,7a9d5646-6cc0-7f06-5672-60255a8ece33,2,2026-09-01,250000.0,22500.0,272500.0
30b0d19e-2bd8-4a7c-fb1c-9576ffe498b1,7a9d5646-6cc0-7f06-5672-60255a8ece33,3,2026-10-01,250000.0,22500.0,272500.0
1b741634-0011-42b0-d76e-c5fd607b22f3,7a9d5646-6cc0-7f06-5672-60255a8ece33,4,2026-11-01,250000.0,22500.0,272500.0
afeb12b7-12aa-6221-9136-a411b18db696,7a9d5646-6cc0-7f06-5672-60255a8ece33,5,2026-12-01,250000.0,22500.0,272500.0
ca910285-e25b-89a8-f606-5811f4b83adc,7a9d5646-6cc0-7f06-5672-60255a8ece33,6,2027-01-01,250000.0,22500.0,272500.0
7caee41e-9c8e-f181-dbf2-291aeccf1397,bd6e0c36-5431-d1d9-4c9f-26d0ce9f869a,1,2025-10-21,5000000.0,175000.0,5175000.0
0c7629d1-f201-f265-815a-31aea1546eb2,d88cf545-d25c-0462-eba3-dc4dff241720,1,2025-06-30,1000000.0,20000.0,1020000.0
0e4a67f0-c93e-b42c-c4c9-7e34537cb58a,6e09b5be-5e0c-5768-9b13-480475a8db5b,1,2025-04-24,500000.0,15000.0,515000.0
b5553a9a-f768-c66e-2e83-41d22ec49e2e,5b56f362-51f0-d213-7326-7ce70367d8f1,1,2026-03-26,1000000.0,20000.0,1020000.0
dc503f7d-1ccc-7a6a-01a9-67154778b60a,d2fdd67b-7474-9456-4f4b-7eb48fbcb9f4,1,2025-06-30,1000000.0,35000.0,1035000.0
7c61d60d-5a84-913d-eaf5-7c34116db1da,a1e319e9-50a1-9c55-f6a6-74ae49533624,1,2026-01-18,1000000.0,25000.0,1025000.0
e5471bff-b7f3-636d-80f4-77e9d1f24308,8874ec74-3b5a-bb6e-caac-474a6bd11ec3,1,2026-06-22,1125000.0,28125.0,1153125.0
de05a71f-bde4-b64d-6f0c-c112ea030297,2fa9013f-9528-b24f-49cb-d87a346d833e,1,2025-04-29,166666.67,15000.0,181666.67
519e2bf0-c4a0-7e0b-5804-ce18ab3b47e4,2fa9013f-9528-b24f-49cb-d87a346d833e,2,2025-05-29,166666.67,15000.0,181666.67
e53843fe-ecb3-0e2d-16e8-8491b12c1f2b,2fa9013f-9528-b24f-49cb-d87a346d833e,3,2025-06-29,166666.67,15000.0,181666.67
af33522e-2aa8-13f0-fb2d-a83f361c9b5a,2fa9013f-9528-b24f-49cb-d87a346d833e,4,2025-07-29,166666.67,15000.0,181666.67
b3332b96-ffe3-48da-3762-39261edff631,2fa9013f-9528-b24f-49cb-d87a346d833e,5,2025-08-29,166666.67,15000.0,181666.67
32c5d926-6eaa-0a17-3f6e-99ff9d9dc69c,2fa9013f-9528-b24f-49cb-d87a346d833e,6,2025-09-29,166666.65,15000.0,181666.65
39e4d350-0461-cb8a-563f-48633ebe1f2f,a0d40730-f0a3-9f73-9672-6f389630afad,1,2025-09-20,8333333.33,625000.0,8958333.33
9a010605-eca1-7ae0-364a-80d67b349d26,a0d40730-f0a3-9f73-9672-6f389630afad,2,2025-10-20,8333333.33,625000.0,8958333.33
3004fe3c-29bd-7fca-6a8b-2a3d16241933,a0d40730-f0a3-9f73-9672-6f389630afad,3,2025-11-20,8333333.34,625000.0,8958333.34
e0ff2adc-2e6b-8cd9-15e5-4274a9c7f30b,6368e97f-931b-79b8-284a-273f05cf23d0,1,2025-05-27,1250000.0,187500.0,1437500.0
135bf55a-47b3-92d7-861d-87f107b12cc7,6368e97f-931b-79b8-284a-273f05cf23d0,2,2025-06-27,1250000.0,187500.0,1437500.0
f8b88964-9433-5a18-a43c-29b3bd1eb8f3,6368e97f-931b-79b8-284a-273f05cf23d0,3,2025-07-27,1250000.0,187500.0,1437500.0
806b1b14-05bf-62b9-43d0-26f5589d169c,6368e97f-931b-79b8-284a-273f05cf23d0,4,2025-08-27,1250000.0,187500.0,1437500.0
33e5c780-7cf0-c420-c0c7-377df1be63db,6368e97f-931b-79b8-284a-273f05cf23d0,5,2025-09-27,1250000.0,187500.0,1437500.0
c6f8f25a-b5cc-03db-49b5-0c115722ad5a,6368e97f-931b-79b8-284a-273f05cf23d0,6,2025-10-27,1250000.0,187500.0,1437500.0
3055ef60-ad17-01df-7ad1-0366d43ea603,2cc29eeb-71c5-e25c-1c2c-394f251c69fc,1,2025-03-10,100000.0,18000.0,118000.0
8a61d398-9c63-a615-3fcb-c0079d1e5efe,2cc29eeb-71c5-e25c-1c2c-394f251c69fc,2,2025-04-10,100000.0,18000.0,118000.0
3fb99eb7-4fdf-5b83-d80b-a54eeea28116,2cc29eeb-71c5-e25c-1c2c-394f251c69fc,3,2025-05-10,100000.0,18000.0,118000.0
4affe8e2-8db6-5492-ea43-2f98697a8e9b,2cc29eeb-71c5-e25c-1c2c-394f251c69fc,4,2025-06-10,100000.0,18000.0,118000.0
512541d0-5165-2415-5859-b57c287a0dea,2cc29eeb-71c5-e25c-1c2c-394f251c69fc,5,2025-07-10,100000.0,18000.0,118000.0
ed153bad-4133-2e41-eee9-2d44368e1c5b,2cc29eeb-71c5-e25c-1c2c-394f251c69fc,6,2025-08-10,100000.0,18000.0,118000.0
247235f8-377c-2985-3dcc-6cbdc677f0c8,2cc29eeb-71c5-e25c-1c2c-394f251c69fc,7,2025-09-10,100000.0,18000.0,118000.0
637d0b17-3515-e175-3a4c-555c137aa034,2cc29eeb-71c5-e25c-1c2c-394f251c69fc,8,2025-10-10,100000.0,18000.0,118000.0
b0683718-c1c5-85d8-505a-764840e07498,2cc29eeb-71c5-e25c-1c2c-394f251c69fc,9,2025-11-10,100000.0,18000.0,118000.0
04949602-d4dd-315a-a528-7127482b9235,2cc29eeb-71c5-e25c-1c2c-394f251c69fc,10,2025-12-10,100000.0,18000.0,118000.0
f40d65c9-d46b-dee5-84c0-9500b15290cf,2cc29eeb-71c5-e25c-1c2c-394f251c69fc,11,2026-01-10,100000.0,18000.0,118000.0
be6e9d6c-39f4-141b-4729-09a56fa9167c,2cc29eeb-71c5-e25c-1c2c-394f251c69fc,12,2026-02-10,100000.0,18000.0,118000.0
5c38db9e-31be-bca3-cbf2-5bc820d6ae0b,d45cef8f-3b77-476a-7806-dffc3a44b8f4,1,2026-10-07,10000000.0,1800000.0,11800000.0
47dcab72-276c-8497-6804-21987a309c32,d9dede5d-d565-b8de-f46e-afadbdf948d9,1,2025-06-04,1000000.0,25000.0,1025000.0
af4a52b8-dab7-a706-f305-869fc5329659,ba86db27-d6fa-688f-bf1b-35cd220fcce0,1,2025-08-31,1500000.0,45000.0,1545000.0
8627abb7-82c1-1b5d-f73a-3a78d474586b,557ee8b6-2a6d-97ce-a78f-c71a7a645552,1,2026-07-23,7500000.0,150000.0,7650000.0
7b2a4be6-b6dd-e894-ec11-d62e8f0a4cd2,25fe56e2-6f3c-9da3-1d1b-89fb655522c0,1,2025-04-23,333333.33,30000.0,363333.33
5dc950f1-31ce-7772-9bb9-bc2cb948826d,25fe56e2-6f3c-9da3-1d1b-89fb655522c0,2,2025-05-23,333333.33,30000.0,363333.33
6078a61d-6701-8f88-9cc2-cc6b863d4646,25fe56e2-6f3c-9da3-1d1b-89fb655522c0,3,2025-06-23,333333.33,30000.0,363333.33
f987e8a5-dda0-886c-123c-07c9bd00f03f,25fe56e2-6f3c-9da3-1d1b-89fb655522c0,4,2025-07-23,333333.33,30000.0,363333.33
b8083e23-7689-bcbe-2aca-c7b3969c2eab,25fe56e2-6f3c-9da3-1d1b-89fb655522c0,5,2025-08-23,333333.33,30000.0,363333.33
d1b67145-c9cb-18a1-37de-3503055e5003,25fe56e2-6f3c-9da3-1d1b-89fb655522c0,6,2025-09-23,333333.35,30000.0,363333.35
e85978d0-5362-449f-a249-5858f08e9e51,9d77190c-06dd-920c-7693-33c6035f3064,1,2025-10-11,3750000.0,56250.0,3806250.0
f1487196-6dbd-fd47-b4de-ba048c9793eb,e47f98d2-e499-51d8-a6a7-47c28fb457a3,1,2025-06-21,375000.0,7500.0,382500.0
0011e0cb-a2cf-9676-589f-e84485af2a35,bad22cde-03ac-ef29-ae73-abe148a0249b,1,2026-02-01,1000000.0,15000.0,1015000.0
363196a5-f311-812b-0005-029b8dcf94d7,8d4ba57c-9a0a-15e1-5d68-d5521a7e663a,1,2026-10-16,10000000.0,3000000.0,13000000.0
2967c35f-2646-ea2e-0874-86667c97dd53,0a2c7a7d-3af2-5da6-8b5b-0eeacb41ddd8,1,2026-10-20,2500000.0,112500.0,2612500.0
437a572f-3ac9-9d53-bc87-4139b7022128,a3e16596-b937-e57c-da9c-34081c0ad7a9,1,2025-09-23,1200000.0,42000.0,1242000.0
247ecf10-a1c0-510c-2328-8471166a8c61,5308a99a-6d1a-5bfa-d39d-4de30aaabfc1,1,2026-03-11,833333.33,50000.0,883333.33
c2983a0f-b347-641c-29de-0ccd1d90eee4,5308a99a-6d1a-5bfa-d39d-4de30aaabfc1,2,2026-04-11,833333.33,50000.0,883333.33
f9d229b8-f8b0-0f1b-a75d-142fba8c7ed2,5308a99a-6d1a-5bfa-d39d-4de30aaabfc1,3,2026-05-11,833333.34,50000.0,883333.34
ad9c4223-5006-0e7a-b821-97294f6ff693,69032a0d-937f-5611-1c36-86c41acd8922,1,2026-09-04,1000000.0,150000.0,1150000.0
e820bcf4-f9ab-dcbf-75d5-7a38c2256276,ffdaf578-cf11-395d-92c3-bd35158ae1b0,1,2026-04-30,166666.67,20000.0,186666.67
50f7d57a-6da3-2a16-3182-0d67f115bf4b,ffdaf578-cf11-395d-92c3-bd35158ae1b0,2,2026-05-30,166666.67,20000.0,186666.67
1c59bfb6-bb90-f08b-837f-82bbb10b79ef,ffdaf578-cf11-395d-92c3-bd35158ae1b0,3,2026-06-30,166666.67,20000.0,186666.67
3e1979ae-7981-932f-6ec1-fd9c17d756e3,ffdaf578-cf11-395d-92c3-bd35158ae1b0,4,2026-07-30,166666.67,20000.0,186666.67
638b81c0-8819-6af0-aaa4-49899d0b369d,ffdaf578-cf11-395d-92c3-bd35158ae1b0,5,2026-08-30,166666.67,20000.0,186666.67
4ca815cf-921c-3ef2-4e68-28f117e7280a,ffdaf578-cf11-395d-92c3-bd35158ae1b0,6,2026-09-30,166666.65,20000.0,186666.65
6093aa51-e436-9554-c718-664a201c8869,1142aaa2-ebcf-3d42-72c3-3b9ae67f8c16,1,2026-04-01,1666666.67,75000.0,1741666.67
64c8180b-fa7e-9ac7-9a12-1d5fe0187901,1142aaa2-ebcf-3d42-72c3-3b9ae67f8c16,2,2026-05-01,1666666.67,75000.0,1741666.67
1a7ef885-5591-313c-0119-4d635e994100,1142aaa2-ebcf-3d42-72c3-3b9ae67f8c16,3,2026-06-01,1666666.66,75000.0,1741666.66
3398f455-9651-ad79-a721-d2a69f612ee7,ac3c6a0b-5372-1196-3c53-4a41b26d1fc4,1,2026-03-15,1000000.0,20000.0,1020000.0
144a0b15-3c01-0fd2-c03d-6b2f7858cafd,622d31ba-8849-b956-efff-5eb5c7065d0c,1,2025-10-29,1500000.0,30000.0,1530000.0
4a10cd0b-0424-bf29-ac97-996fcd7251d7,c712c48c-8935-bcac-4211-097b38b42fc5,1,2027-02-25,6000000.0,1080000.0,7080000.0
7d5dd95a-ee7d-36d5-8881-efab94c7a0c0,8031ef4e-cf61-f9c1-6cbb-8321e2b7bda3,1,2026-05-06,833333.33,175000.0,1008333.33
3c12f445-5c99-4b7c-fe4b-dfe45945b7fc,8031ef4e-cf61-f9c1-6cbb-8321e2b7bda3,2,2026-06-06,833333.33,175000.0,1008333.33
bbc33921-daa1-645a-a1d4-2f3fb1f2a7c7,8031ef4e-cf61-f9c1-6cbb-8321e2b7bda3,3,2026-07-06,833333.33,175000.0,1008333.33
c84f38fc-0215-8cb0-3f2c-b68b2b25a9bd,8031ef4e-cf61-f9c1-6cbb-8321e2b7bda3,4,2026-08-06,833333.33,175000.0,1008333.33
ce50c197-2a5d-892e-834c-340adf14780f,8031ef4e-cf61-f9c1-6cbb-8321e2b7bda3,5,2026-09-06,833333.33,175000.0,1008333.33
e98f4175-a8cd-754c-a22c-b84390a9e1c1,8031ef4e-cf61-f9c1-6cbb-8321e2b7bda3,6,2026-10-06,833333.35,175000.0,1008333.35
fe78d495-ec77-1463-9009-3640263e0659,71fffbd9-892a-beeb-becd-7921e61238a0,1,2025-07-21,666666.67,40000.0,706666.67
ec391d3d-e57f-2bc0-3550-a7ca05bb989b,71fffbd9-892a-beeb-becd-7921e61238a0,2,2025-08-21,666666.67,40000.0,706666.67
de491cdc-0585-2bc1-9185-3ef0695bfb66,71fffbd9-892a-beeb-becd-7921e61238a0,3,2025-09-21,666666.66,40000.0,706666.66
cf8e896a-07f2-8ae7-7079-996c18936620,a4fcbc5e-c52b-2f35-ccfa-d258932df215,1,2026-08-10,833333.33,100000.0,933333.33
4093fec8-e160-0317-7a8d-af238b023b8a,a4fcbc5e-c52b-2f35-ccfa-d258932df215,2,2026-09-10,833333.33,100000.0,933333.33
f59a5300-2f73-f276-5b33-47d2b3d1f4d3,a4fcbc5e-c52b-2f35-ccfa-d258932df215,3,2026-10-10,833333.33,100000.0,933333.33
2779e374-0d2f-9b4b-c05a-d94ff11dd861,a4fcbc5e-c52b-2f35-ccfa-d258932df215,4,2026-11-10,833333.33,100000.0,933333.33
9f55d683-2ee0-40e6-21c3-3e25acbcfc7b,a4fcbc5e-c52b-2f35-ccfa-d258932df215,5,2026-12-10,833333.33,100000.0,933333.33
d971fb3f-bd7a-881c-2ef8-07ab123aa433,a4fcbc5e-c52b-2f35-ccfa-d258932df215,6,2027-01-10,833333.35,100000.0,933333.35
46d7ad4d-e041-46e6-0878-6a00ff0a29ed,937da97f-3bfb-73e3-affa-e7cfeb6876f1,1,2025-06-21,666666.67,50000.0,716666.67
12410578-803b-4470-bb4d-894c03779f89,937da97f-3bfb-73e3-affa-e7cfeb6876f1,2,2025-07-21,666666.67,50000.0,716666.67
657af2f1-b30c-a371-fc9c-9c7e45098b45,937da97f-3bfb-73e3-affa-e7cfeb6876f1,3,2025-08-21,666666.66,50000.0,716666.66
21033f77-c4c3-8497-490c-49830ce08932,9af6856e-1ad9-bf5c-5948-1e6cba28e56f,1,2026-05-10,416666.67,100000.0,516666.67
6b836475-5543-ccaf-2c38-99adc695dcf3,9af6856e-1ad9-bf5c-5948-1e6cba28e56f,2,2026-06-10,416666.67,100000.0,516666.67
e741a25a-0731-c630-34d0-9ac9d93d522c,9af6856e-1ad9-bf5c-5948-1e6cba28e56f,3,2026-07-10,416666.67,100000.0,516666.67
b323d5b7-5db7-c3c1-3adf-a2ad2cdbee1e,9af6856e-1ad9-bf5c-5948-1e6cba28e56f,4,2026-08-10,416666.67,100000.0,516666.67
5a0841b7-3fa2-a118-ffe7-05a6a32fd182,9af6856e-1ad9-bf5c-5948-1e6cba28e56f,5,2026-09-10,416666.67,100000.0,516666.67
5afcf11b-4a9b-46aa-f9fd-840fe9f84965,9af6856e-1ad9-bf5c-5948-1e6cba28e56f,6,2026-10-10,416666.67,100000.0,516666.67
826cafe1-d4ee-ea54-9b7c-27093b8c5976,9af6856e-1ad9-bf5c-5948-1e6cba28e56f,7,2026-11-10,416666.67,100000.0,516666.67
7b1884e1-dd51-8dee-d504-7c449d393130,9af6856e-1ad9-bf5c-5948-1e6cba28e56f,8,2026-12-10,416666.67,100000.0,516666.67
55d4e975-081e-ccda-3e9e-36f7087ac815,9af6856e-1ad9-bf5c-5948-1e6cba28e56f,9,2027-01-10,416666.67,100000.0,516666.67
6719bcfe-9422-a9f8-0171-67f4d5fb843b,9af6856e-1ad9-bf5c-5948-1e6cba28e56f,10,2027-02-10,416666.67,100000.0,516666.67
7cb1a667-b685-c7d7-1201-5a7dee23aadb,9af6856e-1ad9-bf5c-5948-1e6cba28e56f,11,2027-03-10,416666.67,100000.0,516666.67
1b793525-28bf-3782-7e81-acccb3a3ad46,9af6856e-1ad9-bf5c-5948-1e6cba28e56f,12,2027-04-10,416666.63,100000.0,516666.63
87528ddf-e1d4-d4b3-4d88-4ffea970cb3f,0ff3f12a-3c40-cd4e-adc8-6e13b98b7937,1,2026-06-01,500000.0,7500.0,507500.0
afa16803-03de-d9ec-c6b6-6f67a05ef9a0,f06f61e2-9b44-196e-0a69-9f12f323db8c,1,2026-05-18,500000.0,12500.0,512500.0
1bed75e4-6499-0404-fa69-0dfb862dabb3,6762b5e0-2b1e-9544-0ce8-34f683cf63c2,1,2026-02-27,900000.0,13500.0,913500.0
93e620b4-4312-97a9-cd19-cbeffca660b6,ae222bfe-cce3-0bb9-4ea9-d3f7be74a4c8,1,2025-07-19,1000000.0,35000.0,1035000.0
e1497ae5-28ef-32ff-c695-28a1da8b3320,3755c862-6fb0-cce8-fa6f-ef4ce50bfa78,1,2026-05-25,1000000.0,25000.0,1025000.0
e3f466f3-d026-8766-90f5-e8c3b4e4fc73,de430733-cb22-872c-1256-7842523ff5dd,1,2026-07-28,833333.33,100000.0,933333.33
96b1b5dc-99ad-5994-141d-3d3d1bd0714e,de430733-cb22-872c-1256-7842523ff5dd,2,2026-08-28,833333.33,100000.0,933333.33
5802012f-3547-8fb2-3f6b-a9b9e2eb6f14,de430733-cb22-872c-1256-7842523ff5dd,3,2026-09-28,833333.33,100000.0,933333.33
82406261-331a-89e4-d161-bd20eb154dd1,de430733-cb22-872c-1256-7842523ff5dd,4,2026-10-28,833333.33,100000.0,933333.33
654ed315-2213-d23c-564e-2caef8a528c1,de430733-cb22-872c-1256-7842523ff5dd,5,2026-11-28,833333.33,100000.0,933333.33
15a0c91b-cefd-278e-0fca-fead9578762d,de430733-cb22-872c-1256-7842523ff5dd,6,2026-12-28,833333.35,100000.0,933333.35
c950c145-7fc5-fed6-153d-94a0befd37ee,db16f1e4-8755-3e01-6233-4a8b3f90b5b6,1,2025-07-26,1000000.0,15000.0,1015000.0
11fcda5e-725f-1fa1-b041-70da51f020d9,2ceeaec8-c123-53ae-bf0c-eb784bc89605,1,2025-12-27,2000000.0,30000.0,2030000.0
75488b92-9173-aa7e-3528-254b518152cd,89055d64-3545-02cb-a115-3f91ec672880,1,2025-07-25,666666.67,30000.0,696666.67
a89c4b6a-207f-3532-761d-79dbc6e0b697,89055d64-3545-02cb-a115-3f91ec672880,2,2025-08-25,666666.67,30000.0,696666.67
f17e1285-5d8b-564d-9213-9bb707e6d685,89055d64-3545-02cb-a115-3f91ec672880,3,2025-09-25,666666.66,30000.0,696666.66
3e7a5d1f-8c68-a2bf-dde5-85419bfde25c,edd88024-58c3-fddf-59c5-28706a863c1b,1,2025-02-07,1000000.0,15000.0,1015000.0
77cd4b0b-af79-194a-6340-bb2a437a1ba2,ca01e7d1-a4d9-8dd5-e711-26aeb668f6b8,1,2027-06-27,50000000.0,15000000.0,65000000.0
46163b31-5ba3-ab66-1b2b-8cd0e5216e6b,93708e24-96fe-444d-c75f-95521c42dd49,1,2025-06-24,2000000.0,30000.0,2030000.0
27932099-d500-44cd-3064-08ce022e0ed4,671e332e-893c-a7e0-b869-c90cccbee503,1,2025-09-10,450000.0,6750.0,456750.0
7c62151b-5db1-45b5-0826-d753a4682375,9e2bd964-db44-f88b-ccb6-1a1b64452c13,1,2026-04-09,1500000.0,30000.0,1530000.0
39e9be66-c1d6-4872-b390-9e4d4b068fdb,cc206997-2256-9a84-bb49-331c5fa7ef49,1,2025-11-01,1000000.0,25000.0,1025000.0
af54f155-1b87-3286-f1a1-138d59c5c516,6d134069-205c-eb23-c530-0e3d51746203,1,2025-03-07,1000000.0,25000.0,1025000.0
c0d3333c-4cb2-118a-d98e-f77347fa3174,61ba6cd5-15b5-c636-48b8-1f2642091194,1,2025-11-30,1800000.0,54000.0,1854000.0
66af670b-e440-753a-24ff-b683d4c1cd1e,3d466657-b22c-00ab-4fcf-53c5d45c6706,1,2026-07-20,1000000.0,15000.0,1015000.0
50e7c485-66d8-1c39-452f-60c15328f0ce,ede01e29-f67f-ae51-9ce1-a213bf4ace4c,1,2026-07-09,25000000.0,7500000.0,32500000.0
85f5bb43-ebf8-a608-863e-ab0d81088df4,3d2814ef-4fa9-e165-a447-0325202a293b,1,2025-12-08,8333333.33,500000.0,8833333.33
762bb4a4-ec2f-daaa-0040-0fb1788dbb53,3d2814ef-4fa9-e165-a447-0325202a293b,2,2026-01-08,8333333.33,500000.0,8833333.33
adb34292-43b1-36fc-5845-fdf142b24eff,3d2814ef-4fa9-e165-a447-0325202a293b,3,2026-02-08,8333333.34,500000.0,8833333.34
e0e4950b-f5c4-f6e6-0ff0-eaace209cab0,ae39e2a6-7822-5d8c-612e-fdec3b0c18aa,1,2025-12-24,666666.67,200000.0,866666.67
949e29f9-261b-ea82-1dc6-285395d68016,ae39e2a6-7822-5d8c-612e-fdec3b0c18aa,2,2026-01-24,666666.67,200000.0,866666.67
e878d053-3505-1442-4b22-950e60cf61a8,ae39e2a6-7822-5d8c-612e-fdec3b0c18aa,3,2026-02-24,666666.67,200000.0,866666.67
660f5820-7e9f-2c5f-a2f2-7b965887b8f8,ae39e2a6-7822-5d8c-612e-fdec3b0c18aa,4,2026-03-24,666666.67,200000.0,866666.67
c8717ee9-1544-627b-ec4e-ffa3ff04efb1,ae39e2a6-7822-5d8c-612e-fdec3b0c18aa,5,2026-04-24,666666.67,200000.0,866666.67
737cfaf0-6463-82db-b2df-fea8d23410f5,ae39e2a6-7822-5d8c-612e-fdec3b0c18aa,6,2026-05-24,666666.67,200000.0,866666.67
fec9dab7-f67f-7448-41f3-71d416c497ed,ae39e2a6-7822-5d8c-612e-fdec3b0c18aa,7,2026-06-24,666666.67,200000.0,866666.67
c61c7cb2-7846-198d-6b4d-d2f818c6b51a,ae39e2a6-7822-5d8c-612e-fdec3b0c18aa,8,2026-07-24,666666.67,200000.0,866666.67
8ea61ba0-940a-205e-bed6-386ead65ddc1,ae39e2a6-7822-5d8c-612e-fdec3b0c18aa,9,2026-08-24,666666.67,200000.0,866666.67
1b9d219e-5b1a-8ef9-1ac3-64257fa47119,ae39e2a6-7822-5d8c-612e-fdec3b0c18aa,10,2026-09-24,666666.67,200000.0,866666.67
e914e5d3-452c-719a-d8f7-fe277b1363d7,ae39e2a6-7822-5d8c-612e-fdec3b0c18aa,11,2026-10-24,666666.67,200000.0,866666.67
e5a0b23d-b139-3d9a-2ca8-ffcb5964bc01,ae39e2a6-7822-5d8c-612e-fdec3b0c18aa,12,2026-11-24,666666.63,200000.0,866666.63
fb857b3f-1d41-7599-68a3-9c5b514d1bb0,af74184c-c3ee-e06a-058e-5735ac16fca1,1,2025-04-21,1000000.0,120000.0,1120000.0
d3cdd80c-5b13-72b9-a089-8154072e40a1,af74184c-c3ee-e06a-058e-5735ac16fca1,2,2025-05-21,1000000.0,120000.0,1120000.0
6bcba677-3ae9-fdb4-c5d2-475754432687,af74184c-c3ee-e06a-058e-5735ac16fca1,3,2025-06-21,1000000.0,120000.0,1120000.0
eda2b3e0-7d6d-67e4-444f-67844b491b94,af74184c-c3ee-e06a-058e-5735ac16fca1,4,2025-07-21,1000000.0,120000.0,1120000.0
2225dcf4-715d-6b49-f5a6-8f6c33b07f51,af74184c-c3ee-e06a-058e-5735ac16fca1,5,2025-08-21,1000000.0,120000.0,1120000.0
1a0d8352-a071-7e23-ffb9-287e1afd7d61,af74184c-c3ee-e06a-058e-5735ac16fca1,6,2025-09-21,1000000.0,120000.0,1120000.0
42388ae8-a051-6058-8de6-9973049527aa,8225d52e-f7b6-2365-ec0e-b9953c9b9db0,1,2025-04-13,1500000.0,30000.0,1530000.0
3a9ef3ad-afc4-bc85-4194-2daaa595da05,4057c5f9-ab5b-3c9f-6d09-879b419c6043,1,2026-04-29,1000000.0,25000.0,1025000.0
7f53c677-3206-02d8-e528-2a1fc680ba71,0430a7c6-2b9c-1f09-e5b5-323d9ba8aad2,1,2025-07-14,600000.0,18000.0,618000.0
a569e54a-48fc-83ea-199a-39cfcb061a3d,53517e3e-b5a2-2aa1-323b-22b833baced1,1,2025-12-17,2666666.67,160000.0,2826666.67
c41a8026-d44e-6336-a167-4d435537df50,53517e3e-b5a2-2aa1-323b-22b833baced1,2,2026-01-17,2666666.67,160000.0,2826666.67
6eee7d5a-bea0-e32d-e199-d53f34675327,53517e3e-b5a2-2aa1-323b-22b833baced1,3,2026-02-17,2666666.66,160000.0,2826666.66
6ec717ee-6f5b-1130-0373-80c5f3cc886f,0ee5fa8e-69cd-c2a5-7e37-f879d41b5eb4,1,2026-03-04,1500000.0,30000.0,1530000.0
a933700a-74c3-42e7-4dd4-a75ee77ca049,525a1ce6-62db-181f-c27c-da97f46ad925,1,2025-10-19,2000000.0,30000.0,2030000.0
9a77c45f-391a-608a-63b5-b4fd5b809c41,447fcdb3-62b7-1845-5683-93e3c86e447d,1,2026-06-13,1350000.0,27000.0,1377000.0
a3bcd19c-a151-0fd6-b6a2-f69815d4d0b0,5cdfc415-08db-1a74-a54a-2c08442fc540,1,2025-04-04,166666.67,50000.0,216666.67
d3245114-c260-ccd3-9d16-5b0d44903bed,5cdfc415-08db-1a74-a54a-2c08442fc540,2,2025-05-04,166666.67,50000.0,216666.67
4762262a-1fe8-0ca4-7728-d5e60fc3e1ba,5cdfc415-08db-1a74-a54a-2c08442fc540,3,2025-06-04,166666.67,50000.0,216666.67
19be352c-ff82-652f-1fed-c5a6a05b64e3,5cdfc415-08db-1a74-a54a-2c08442fc540,4,2025-07-04,166666.67,50000.0,216666.67
42d23a52-f4b5-c4a6-f7b4-1a569ced26ff,5cdfc415-08db-1a74-a54a-2c08442fc540,5,2025-08-04,166666.67,50000.0,216666.67
4f977392-5d53-1e86-0670-6050ac9de65c,5cdfc415-08db-1a74-a54a-2c08442fc540,6,2025-09-04,166666.67,50000.0,216666.67
5c7ce4ce-1275-2e50-49b9-44a40a52b07f,5cdfc415-08db-1a74-a54a-2c08442fc540,7,2025-10-04,166666.67,50000.0,216666.67
3f5bf531-bf71-692d-52f3-16c5c8608eab,5cdfc415-08db-1a74-a54a-2c08442fc540,8,2025-11-04,166666.67,50000.0,216666.67
a7f897f1-ca67-d297-7d7d-f19af6234c9a,5cdfc415-08db-1a74-a54a-2c08442fc540,9,2025-12-04,166666.67,50000.0,216666.67
46871b17-732e-61e0-8868-c18c7a01fa3a,5cdfc415-08db-1a74-a54a-2c08442fc540,10,2026-01-04,166666.67,50000.0,216666.67
35bea603-56ab-e3b2-a61d-809d6b851261,5cdfc415-08db-1a74-a54a-2c08442fc540,11,2026-02-04,166666.67,50000.0,216666.67
5dc652e8-604a-a8a4-3382-88fd71fc6669,5cdfc415-08db-1a74-a54a-2c08442fc540,12,2026-03-04,166666.63,50000.0,216666.63
f7a72fe4-8222-f17f-64c0-45b769cd4dff,2da7a143-7ebd-3f19-e2f4-05b7150e8cc0,1,2026-04-19,20000000.0,7200000.0,27200000.0
2261eff2-d1a6-5147-2183-3d0489a54284,724840aa-b9e9-15c7-36f9-f4c19aa6f28b,1,2026-05-03,750000.0,18750.0,768750.0
c9929bfa-d036-3859-30f7-2a8b94cc07ee,48f2d940-d5e9-400e-6007-b755d1b44ba2,1,2026-05-19,50000000.0,21000000.0,71000000.0
7bf383db-254c-d6d5-c3b1-ea758bdb76dc,89e9cc6c-aa3c-48af-fb33-02ed60ecda95,1,2026-06-17,4166666.67,375000.0,4541666.67
2719a2db-50e8-95e2-fe3b-a32f1d498bd0,89e9cc6c-aa3c-48af-fb33-02ed60ecda95,2,2026-07-17,4166666.67,375000.0,4541666.67
6da3f9b1-d81e-f81d-458f-225cebffee9a,89e9cc6c-aa3c-48af-fb33-02ed60ecda95,3,2026-08-17,4166666.67,375000.0,4541666.67
bf7986c8-47e8-f198-fedd-c3847535d5d3,89e9cc6c-aa3c-48af-fb33-02ed60ecda95,4,2026-09-17,4166666.67,375000.0,4541666.67
24e57191-fa53-7388-f16d-db2f47ea4a46,89e9cc6c-aa3c-48af-fb33-02ed60ecda95,5,2026-10-17,4166666.67,375000.0,4541666.67
840823f9-1a03-6fc4-37cc-3730831db49d,89e9cc6c-aa3c-48af-fb33-02ed60ecda95,6,2026-11-17,4166666.65,375000.0,4541666.65
d7fab5e8-0352-b74b-e5db-e4d2193ffb70,24f30a87-d0d3-6943-8efa-d613111c26d3,1,2026-06-10,1000000.0,25000.0,1025000.0
3d37918f-60fa-88c2-f1c4-1c0974193577,76dcadb2-ec14-e0c2-5ad3-7fa4029b680d,1,2025-10-15,500000.0,10000.0,510000.0
06735ed8-69b3-7add-594f-1c93638c41cf,744b6ede-b538-2451-0664-aa1201269d7b,1,2025-12-17,1000000.0,25000.0,1025000.0
ccb7ec22-23fc-1006-689b-650f4da885ac,72b0b877-ae4b-b39f-9226-f5039ee362b1,1,2025-08-25,2000000.0,40000.0,2040000.0
bee0f8d2-eafb-e698-a9cf-ed7232ead41a,7f607194-9725-b519-7e59-85baee664b37,1,2026-02-18,10000000.0,200000.0,10200000.0
ed2ee4de-9996-ed27-1751-c2f2371bc261,c498e426-1601-f7a4-d732-1baa725a8a60,1,2026-01-21,1000000.0,30000.0,1030000.0
